Latitude,Longitude,Tenure Months,Monthly Charges,Total Charges,Churn Label,CLTV,Gender_Male,Senior Citizen_Yes,Partner_Yes,Dependents_Yes,Phone Service_Yes,Multiple Lines_No phone service,Multiple Lines_Yes,Internet Service_Fiber optic,Internet Service_No,Online Security_No internet service,Online Security_Yes,Online Backup_No internet service,Online Backup_Yes,Device Protection_No internet service,Device Protection_Yes,Tech Support_No internet service,Tech Support_Yes,Streaming TV_No internet service,Streaming TV_Yes,Streaming Movies_No internet service,Streaming Movies_Yes,Contract_One year,Contract_Two year,Paperless Billing_Yes,Payment Method_Credit card (automatic),Payment Method_Electronic check,Payment Method_Mailed check
33.964131,-118.272783,2,53.85,108.15,1,3239,1,0,0,0,1,0,0,0,0,0,1,0,1,0,0,0,0,0,0,0,0,0,0,1,0,0,1
34.059281,-118.30742,2,70.7,151.65,1,2701,0,0,0,1,1,0,0,1,0,0,0,0,0,0,0,0,0,0,0,0,0,0,0,1,0,1,0
34.048013,-118.293953,8,99.65,820.5,1,5372,0,0,0,1,1,0,1,1,0,0,0,0,0,0,1,0,0,0,1,0,1,0,0,1,0,1,0
34.062125,-118.315709,28,104.8,3046.05,1,5003,0,0,1,1,1,0,1,1,0,0,0,0,0,0,1,0,1,0,1,0,1,0,0,1,0,1,0
34.039224,-118.266293,49,103.7,5036.3,1,5340,1,0,0,1,1,0,1,1,0,0,0,0,1,0,1,0,0,0,1,0,1,0,0,1,0,0,0
34.066367,-118.309868,10,55.2,528.35,1,5925,0,0,1,0,1,0,0,0,0,0,0,0,0,0,1,0,1,0,0,0,0,0,0,0,1,0,0
34.02381,-118.156582,1,39.65,39.65,1,5433,1,1,0,0,0,1,0,0,0,0,0,0,0,0,1,0,0,0,0,0,1,0,0,1,0,1,0
34.066303,-118.435479,1,20.15,20.15,1,4832,1,0,0,0,1,0,0,0,1,1,0,1,0,1,0,1,0,1,0,1,0,0,0,0,0,0,1
34.099869,-118.326843,47,99.35,4749.15,1,5789,1,0,1,1,1,0,1,1,0,0,0,0,1,0,0,0,0,0,1,0,1,0,0,1,0,1,0
34.089953,-118.294824,1,30.2,30.2,1,2915,1,0,1,0,0,1,0,0,0,0,0,0,1,0,0,0,0,0,0,0,0,0,0,0,0,1,0
34.078821,-118.177576,17,64.7,1093.1,1,3022,0,0,0,0,1,0,0,0,0,0,0,0,0,0,0,0,0,0,1,0,1,0,0,1,0,0,1
34.110845,-118.259595,5,69.7,316.9,1,2454,1,0,0,1,1,0,0,1,0,0,0,0,0,0,0,0,0,0,0,0,0,0,0,1,0,1,0
34.137412,-118.207607,34,106.35,3549.25,1,2941,1,0,0,1,1,0,1,1,0,0,0,0,1,0,1,0,0,0,1,0,1,0,0,1,0,1,0
34.11572,-118.192754,11,97.85,1105.4,1,5674,0,0,0,1,1,0,1,1,0,0,0,0,0,0,1,0,0,0,1,0,1,0,0,1,0,0,0
33.987945,-118.370442,2,80.65,144.15,1,5586,0,0,0,1,1,0,0,1,0,0,0,0,0,0,0,0,0,0,1,0,0,0,0,1,0,1,0
33.92128,-118.274186,15,99.1,1426.4,1,2966,0,0,0,1,1,0,0,1,0,0,1,0,1,0,0,0,0,0,1,0,1,0,0,1,1,0,0
34.044271,-118.185237,8,80.65,633.3,1,5302,0,1,1,1,1,0,1,1,0,0,0,0,1,0,0,0,0,0,0,0,0,0,0,1,1,0,0
34.108833,-118.229715,18,95.45,1752.55,1,3179,1,1,0,1,1,0,1,1,0,0,0,0,0,0,0,0,0,0,1,0,1,0,0,1,0,1,0
34.063947,-118.383001,9,94.4,857.25,1,5571,0,0,0,1,1,0,1,1,0,0,0,0,0,0,0,0,0,0,1,0,1,0,0,0,0,1,0
33.97803,-118.217141,1,79.35,79.35,1,2483,0,0,0,1,1,0,0,1,0,0,0,0,0,0,0,0,0,0,1,0,0,0,0,1,0,1,0
33.923573,-118.200669,7,75.15,496.9,1,3457,0,0,1,1,1,0,0,1,0,0,0,0,0,0,1,0,0,0,0,0,0,0,0,1,0,0,0
33.977468,-118.445475,12,78.95,927.35,1,5806,0,0,0,1,1,0,1,1,0,0,1,0,0,0,0,0,0,0,0,0,0,0,0,1,0,1,0
33.956445,-118.358634,5,21.05,113.85,1,2604,1,0,0,0,1,0,0,0,1,1,0,1,0,1,0,1,0,1,0,1,0,0,0,0,0,0,1
33.936291,-118.332639,25,98.5,2514.5,1,5337,0,1,1,1,1,0,0,1,0,0,0,0,1,0,1,0,0,0,1,0,1,0,0,1,0,1,0
34.031529,-118.491156,68,110.0,7611.85,1,5034,1,0,1,0,1,0,1,1,0,0,0,0,1,0,1,0,1,0,1,0,1,0,1,1,0,0,0
33.867257,-118.330794,55,96.75,5238.9,1,5154,1,0,1,1,1,0,1,1,0,0,1,0,1,0,0,0,0,0,1,0,0,0,0,1,0,1,0
33.972119,-118.020188,37,76.5,2868.15,1,2793,0,1,1,1,1,0,1,1,0,0,0,0,0,0,0,0,0,0,0,0,0,0,0,1,0,1,0
33.976678,-118.065875,10,100.25,1064.65,1,5998,0,0,1,1,1,0,1,1,0,0,1,0,0,0,0,0,0,0,1,0,1,0,0,1,0,1,0
33.940619,-117.9513,3,74.4,229.55,1,4415,1,0,0,1,1,0,1,1,0,0,0,0,0,0,0,0,0,0,0,0,0,0,0,1,0,1,0
33.989524,-118.089299,27,78.05,2135.5,1,4638,0,1,0,1,1,0,1,1,0,0,0,0,0,0,1,0,0,0,0,0,0,0,0,1,0,1,0
33.391181,-118.421305,25,58.6,1502.65,1,4190,0,0,1,0,0,1,0,0,0,0,1,0,1,0,1,0,0,0,1,0,1,0,0,1,1,0,0
33.798266,-118.300237,1,35.45,35.45,1,2301,1,0,0,0,0,1,0,0,0,0,0,0,0,0,0,0,0,0,0,0,1,0,0,1,0,1,0
33.840524,-118.148403,2,44.35,81.25,1,2570,1,0,0,0,1,0,0,0,0,0,0,0,0,0,0,0,0,0,0,0,0,0,0,0,0,1,0
33.79499,-118.065591,1,70.45,70.45,1,3964,0,1,1,1,1,0,0,1,0,0,0,0,0,0,0,0,0,0,0,0,0,0,0,1,0,0,1
33.736387,-118.284363,8,71.15,563.65,1,2662,0,0,0,0,1,0,1,0,0,0,1,0,0,0,0,0,1,0,0,0,1,0,0,0,0,1,0
33.822295,-118.26411,1,45.65,45.65,1,2600,1,0,0,0,1,0,0,0,0,0,0,0,0,0,0,0,0,0,0,0,0,0,0,1,0,1,0
33.783047,-118.1486,7,95.0,655.5,1,2786,1,0,0,1,1,0,1,1,0,0,0,0,0,0,0,0,0,0,1,0,1,0,0,0,0,0,1
34.196837,-118.142236,20,82.4,1592.35,1,5719,0,0,1,1,1,0,1,1,0,0,1,0,0,0,0,0,0,0,0,0,0,0,0,0,0,1,0
34.1528,-118.000482,4,70.9,273.0,1,4287,0,0,0,1,1,0,0,1,0,0,0,0,0,0,0,0,0,0,0,0,0,0,0,1,0,0,0
34.168686,-118.057505,58,45.3,2651.2,1,5444,1,1,1,0,0,1,0,0,0,0,0,0,1,0,1,0,0,0,0,0,1,0,0,1,0,1,0
34.296574,-118.244839,2,104.4,242.8,1,4690,0,0,1,1,1,0,1,1,0,0,0,0,0,0,1,0,1,0,1,0,1,0,0,1,0,1,0
34.167465,-118.165327,53,94.85,5000.2,1,4328,0,0,1,0,1,0,0,1,0,0,0,0,0,0,1,0,0,0,1,0,1,1,0,1,0,0,0
34.139402,-118.128658,15,74.45,1145.7,1,5717,0,1,0,1,1,0,1,1,0,0,0,0,0,0,0,0,0,0,0,0,0,0,0,1,0,0,1
34.159007,-118.087353,7,76.45,503.6,1,4419,0,1,0,1,1,0,0,1,0,0,1,0,0,0,0,0,0,0,0,0,0,0,0,0,0,0,0
34.167926,-118.267539,1,29.95,29.95,1,4534,0,0,0,0,0,1,0,0,0,0,0,0,1,0,0,0,0,0,0,0,0,0,0,0,0,0,0
34.136306,-118.26036,8,84.5,662.65,1,2152,1,0,0,1,1,0,1,1,0,0,0,0,0,0,0,0,0,0,0,0,1,0,0,0,0,0,0
34.162515,-118.203869,13,79.25,1111.65,1,5142,0,0,0,1,1,0,0,1,0,0,0,0,1,0,1,0,0,0,0,0,0,0,0,1,0,1,0
34.182378,-118.262922,1,24.8,24.8,1,4851,0,0,1,0,0,1,0,0,0,0,0,0,0,0,0,0,0,0,0,0,0,0,0,1,0,1,0
34.224377,-118.632656,6,91.0,531.0,1,2283,1,0,1,1,1,0,0,1,0,0,0,0,1,0,1,0,0,0,0,0,1,0,0,1,0,1,0
34.266389,-118.459744,1,79.9,79.9,1,3394,1,0,0,1,1,0,0,1,0,0,0,0,0,0,0,0,0,0,0,0,1,0,0,0,0,1,0
34.502432,-118.41459,19,106.6,1934.45,1,3764,0,0,0,1,1,0,0,1,0,0,1,0,0,0,1,0,1,0,1,0,1,0,0,1,0,1,0
34.231053,-118.338307,2,46.0,84.5,1,2667,1,0,0,0,1,0,0,0,0,0,0,0,0,0,0,0,0,0,0,0,0,0,0,1,1,0,0
34.364153,-118.615583,4,70.15,268.35,1,2227,0,0,0,1,1,0,0,1,0,0,0,0,0,0,0,0,0,0,0,0,0,0,0,1,0,1,0
34.223768,-118.445461,4,50.05,179.35,1,3394,1,0,1,0,1,0,0,0,0,0,0,0,0,0,0,0,1,0,0,0,0,0,0,0,0,0,1
34.17847,-118.459472,1,55.2,55.2,1,3638,0,0,1,0,1,0,0,0,0,0,0,0,0,0,0,0,0,0,1,0,0,0,0,0,0,0,1
34.213049,-118.317651,1,84.6,84.6,1,2484,1,0,0,1,1,0,0,1,0,0,1,0,0,0,0,0,0,0,0,0,1,0,0,1,0,0,1
34.1692,-118.372498,2,54.4,114.1,1,2556,1,0,0,0,1,0,1,0,0,0,0,0,1,0,0,0,0,0,0,0,0,0,0,1,0,0,1
34.207295,-118.400022,11,95.0,1120.3,1,5980,0,1,0,1,1,0,0,1,0,0,0,0,1,0,0,0,0,0,1,0,1,0,0,1,0,1,0
34.097345,-117.906736,15,74.4,1074.3,1,4616,1,1,0,0,1,0,0,1,0,0,0,0,1,0,0,0,0,0,0,0,0,0,0,1,0,1,0
34.084747,-117.886844,1,48.55,48.55,1,5687,1,0,0,0,1,0,0,0,0,0,1,0,0,0,0,0,0,0,0,0,0,0,0,1,0,0,1
34.079934,-118.046695,2,70.4,147.15,1,5687,0,0,1,0,1,0,0,1,0,0,0,0,0,0,0,0,0,0,0,0,0,0,0,0,0,1,0
34.074492,-118.01462,1,40.2,40.2,1,5828,1,1,1,0,0,1,0,0,0,0,0,0,1,0,0,0,0,0,1,0,0,0,0,0,0,1,0
34.031441,-117.936436,2,44.6,80.55,1,4884,0,0,1,0,1,0,0,0,0,0,0,0,0,0,0,0,0,0,0,0,0,0,0,1,1,0,0
34.038983,-117.991372,3,41.15,132.2,1,2314,1,1,0,0,0,1,0,0,0,0,0,0,0,0,1,0,0,0,0,0,1,0,0,1,0,1,0
33.976753,-117.897367,13,106.9,1364.3,1,2494,1,1,0,0,1,0,1,1,0,0,0,0,1,0,1,0,0,0,1,0,1,0,0,1,0,1,0
34.057256,-117.667677,59,19.35,1099.6,1,5084,1,0,0,0,1,0,0,0,1,1,0,1,0,1,0,1,0,1,0,1,0,0,1,0,0,0,1
34.074087,-117.605618,16,94.45,1511.2,1,3810,0,1,0,0,1,0,0,1,0,0,0,0,0,0,0,0,1,0,1,0,1,0,0,1,0,1,0
34.042286,-117.756106,1,24.8,24.8,1,5087,1,0,0,0,0,1,0,0,0,0,0,0,0,0,0,0,0,0,0,0,0,0,0,0,0,0,0
34.067932,-117.785168,1,70.6,70.6,1,3338,1,0,0,0,1,0,0,1,0,0,0,0,0,0,0,0,0,0,0,0,0,0,0,0,0,0,1
34.065108,-118.082791,5,85.4,401.1,1,3676,1,0,1,0,1,0,1,1,0,0,0,0,1,0,0,0,1,0,0,0,0,0,0,1,0,1,0
34.102119,-117.815532,52,105.05,5624.85,1,4839,0,0,1,0,1,0,1,1,0,0,0,0,1,0,1,0,0,0,1,0,1,0,0,1,0,1,0
34.061634,-117.893169,18,95.15,1779.95,1,4643,1,0,1,0,1,0,0,1,0,0,0,0,0,0,1,0,0,0,1,0,1,0,0,0,0,0,1
34.074736,-118.145959,1,70.0,70.0,1,4094,1,0,1,0,1,0,0,1,0,0,0,0,0,0,0,0,0,0,0,0,0,0,0,0,0,1,0
32.827184,-116.703729,8,74.5,606.55,1,4345,1,1,0,0,1,0,0,1,0,0,0,0,1,0,0,0,0,0,0,0,0,0,0,1,0,1,0
32.67117,-117.00232,10,44.85,435.4,1,4061,1,0,0,0,1,0,0,0,0,0,0,0,0,0,0,0,0,0,0,0,0,0,0,1,1,0,0
32.677097,-116.304991,24,76.1,1712.7,1,2018,1,1,0,0,1,0,1,1,0,0,0,0,0,0,0,0,0,0,0,0,0,0,0,1,0,1,0
32.857946,-116.561917,1,73.6,73.6,1,2565,0,0,0,0,1,0,0,1,0,0,1,0,0,0,0,0,0,0,0,0,0,0,0,1,0,0,1
32.649787,-116.2237,4,95.45,396.1,1,3677,0,1,0,0,1,0,1,1,0,0,0,0,0,0,0,0,0,0,1,0,1,0,0,1,0,1,0
32.830852,-116.444601,32,74.9,2303.35,1,4105,1,1,1,0,1,0,1,1,0,0,0,0,0,0,0,0,0,0,0,0,0,0,0,1,0,1,0
33.200369,-116.192313,5,80.6,415.55,1,5715,1,0,0,0,1,0,0,1,0,0,0,0,0,0,0,0,0,0,1,0,0,0,0,1,0,1,0
33.098018,-117.258203,38,80.3,3058.65,1,2071,0,0,1,0,1,0,0,0,0,0,1,0,1,0,0,0,1,0,1,0,1,1,0,0,1,0,0
32.948262,-117.256086,24,93.15,2231.05,1,2212,1,1,1,0,1,0,0,1,0,0,0,0,0,0,1,0,0,0,1,0,1,0,0,1,0,1,0
32.79697,-116.969082,54,82.45,4350.1,1,4149,0,1,0,0,1,0,1,0,0,0,1,0,1,0,0,0,1,0,1,0,1,1,0,0,0,0,0
33.079834,-117.134275,2,70.35,139.05,1,2671,0,1,0,0,1,0,0,1,0,0,0,0,0,0,0,0,0,0,0,0,0,0,0,1,0,1,0
33.254497,-117.285879,7,73.85,511.25,1,2473,0,0,0,0,1,0,1,1,0,0,0,0,0,0,0,0,0,0,0,0,0,0,0,1,0,1,0
33.384345,-117.072619,2,80.6,155.8,1,2683,0,0,0,0,1,0,1,1,0,0,0,0,0,0,1,0,0,0,0,0,0,0,0,0,0,0,1
33.309852,-116.823091,68,75.8,5293.95,1,4903,1,0,1,0,1,0,1,0,0,0,0,0,1,0,1,0,1,0,0,0,1,1,0,1,0,0,0
33.313828,-116.940501,43,104.6,4759.85,1,5250,0,0,0,0,1,0,1,1,0,0,0,0,1,0,1,0,0,0,1,0,1,0,1,1,0,1,0
33.215251,-116.53633,63,103.4,6603.0,1,4352,1,0,1,0,1,0,1,1,0,0,0,0,1,0,1,0,0,0,1,0,1,0,0,1,0,1,0
33.25283,-116.986079,2,90.4,168.2,1,4157,0,0,0,0,1,0,0,1,0,0,0,0,0,0,0,0,0,0,1,0,1,0,0,1,0,1,0
32.747484,-117.166877,4,84.8,371.9,1,4939,1,0,1,0,1,0,1,1,0,0,0,0,1,0,1,0,0,0,0,0,0,0,0,1,0,0,0
32.741499,-117.127409,21,41.9,840.1,1,4778,0,1,0,0,0,1,0,0,0,0,1,0,0,0,0,0,0,0,1,0,0,0,0,1,0,1,0
32.741859,-117.090353,10,80.25,846.0,1,3598,0,0,0,0,1,0,0,1,0,0,0,0,0,0,0,0,0,0,0,0,1,0,0,1,0,0,0
32.774046,-117.142454,27,30.75,805.1,1,2927,1,1,1,0,0,1,0,0,0,0,1,0,0,0,0,0,0,0,0,0,0,0,0,0,1,0,0
32.765299,-117.122565,5,96.5,492.55,1,5383,1,0,0,0,1,0,0,1,0,0,0,0,0,0,1,0,0,0,1,0,1,0,0,0,0,0,0
32.85723,-117.209774,2,85.65,181.5,1,3878,1,0,0,0,1,0,1,1,0,0,0,0,0,0,0,0,0,0,1,0,0,0,0,1,0,1,0
32.961064,-117.134917,25,104.95,2566.5,1,3642,0,0,1,0,1,0,1,1,0,0,0,0,0,0,1,0,1,0,1,0,1,0,0,1,0,0,0
32.578103,-117.012975,1,50.65,50.65,1,2431,1,0,0,0,1,0,0,0,0,0,0,0,1,0,0,0,0,0,0,0,0,0,0,0,0,0,1
33.713891,-116.237257,1,90.85,90.85,1,3424,1,0,0,0,1,0,1,1,0,0,0,0,1,0,0,0,0,0,0,0,1,0,0,1,1,0,0
33.537646,-116.291089,11,19.95,214.75,1,5888,1,1,1,0,1,0,0,0,1,1,0,1,0,1,0,1,0,1,0,1,0,0,0,0,0,0,1
33.762759,-116.324817,55,85.45,4874.7,1,5502,0,1,1,0,1,0,1,1,0,0,0,0,1,0,1,0,0,0,0,0,0,0,0,1,0,1,0
33.948558,-116.516976,34,73.95,2524.45,1,5795,0,0,0,0,1,0,0,1,0,0,0,0,1,0,0,0,0,0,0,0,0,0,0,1,1,0,0
32.811001,-115.152865,69,99.45,7007.6,1,4020,1,0,1,0,1,0,1,1,0,0,0,0,0,0,1,0,0,0,1,0,1,0,0,1,1,0,0
33.345825,-115.596574,1,19.9,19.9,1,3351,0,0,0,0,1,0,0,0,1,1,0,1,0,1,0,1,0,1,0,1,0,0,0,1,0,0,1
33.906496,-116.569499,1,19.6,19.6,1,3448,1,0,0,0,1,0,0,0,1,1,0,1,0,1,0,1,0,1,0,1,0,0,0,1,0,0,1
32.698964,-115.886656,3,81.35,233.7,1,2818,1,1,0,0,1,0,1,1,0,0,0,0,1,0,0,0,0,0,0,0,0,0,0,1,0,1,0
32.790282,-115.689559,22,83.3,1845.9,1,3804,0,0,1,0,1,0,0,1,0,0,0,0,1,0,0,0,0,0,0,0,1,0,0,0,0,1,0
33.53604,-116.119222,1,75.3,75.3,1,4902,0,1,0,0,1,0,0,1,0,0,0,0,0,0,1,0,0,0,0,0,0,0,0,1,0,0,0
34.667815,-117.536183,61,19.4,1182.55,1,4221,0,0,1,0,1,0,0,0,1,1,0,1,0,1,0,1,0,1,0,1,0,0,0,1,0,0,1
34.55082,-117.122396,12,45.4,518.9,1,2887,1,0,0,0,1,0,0,0,0,0,0,0,0,0,0,0,0,0,0,0,0,0,0,1,0,0,0
34.248061,-117.29028,60,105.9,6396.45,1,4105,0,0,0,0,1,0,1,1,0,0,0,0,1,0,1,0,0,0,1,0,1,0,0,1,0,1,0
34.875144,-116.821698,1,69.55,69.55,1,2792,0,0,0,0,1,0,0,1,0,0,0,0,0,0,0,0,0,0,0,0,0,0,0,0,0,0,1
34.702766,-116.093376,28,81.05,2227.1,1,5201,0,0,1,0,1,0,0,1,0,0,0,0,0,0,0,0,0,0,0,0,1,0,0,1,0,1,0
34.508417,-116.856103,4,101.15,385.9,1,4417,1,0,1,0,1,0,1,1,0,0,0,0,0,0,1,0,0,0,1,0,1,0,0,0,0,1,0
34.238162,-117.534306,7,99.8,673.25,1,2031,1,0,0,0,1,0,1,1,0,0,0,0,1,0,0,0,0,0,1,0,1,0,0,1,0,1,0
34.441123,-117.537886,13,55.95,734.35,1,4498,0,0,1,0,1,0,0,0,0,0,0,0,0,0,0,0,0,0,0,0,1,0,0,0,0,1,0
34.003243,-117.138286,1,55.0,55.0,1,4877,1,0,0,0,1,0,0,0,0,0,0,0,0,0,0,0,0,0,0,0,1,0,0,1,0,1,0
34.156758,-117.404686,1,74.7,74.7,1,5980,0,0,1,0,1,0,0,1,0,0,0,0,1,0,0,0,0,0,0,0,0,0,0,1,0,1,0
34.186211,-117.07683,24,80.25,1861.5,1,4418,1,0,0,0,1,0,1,1,0,0,0,0,1,0,0,0,0,0,0,0,0,0,0,1,0,1,0
35.824572,-116.274755,5,96.1,453.4,1,4192,1,0,0,0,1,0,0,1,0,0,0,0,0,0,0,0,1,0,1,0,1,0,0,1,0,1,0
34.486835,-117.362274,15,69.0,994.8,1,5671,0,0,0,0,1,0,0,1,0,0,0,0,0,0,0,0,0,0,0,0,0,0,0,0,0,0,0
34.358321,-117.618263,48,45.3,2145.0,1,4926,0,0,1,0,0,1,0,0,0,0,1,0,0,0,1,0,0,0,0,0,1,0,0,1,0,0,0
34.105935,-117.2914,8,83.55,680.05,1,2879,0,0,1,0,1,0,0,1,0,0,0,0,1,0,0,0,0,0,1,0,0,0,0,1,0,1,0
34.106922,-117.297553,1,74.35,74.35,1,2814,1,0,0,0,1,0,1,1,0,0,0,0,0,0,0,0,0,0,0,0,0,0,0,1,0,1,0
33.890046,-117.455583,2,74.4,139.4,1,4263,0,0,1,0,1,0,0,1,0,0,1,0,0,0,0,0,0,0,0,0,0,0,0,1,0,1,0
33.930931,-117.361788,22,43.75,903.6,1,3099,1,0,0,0,0,1,0,0,0,0,0,0,1,0,1,0,0,0,0,0,1,1,0,1,0,0,0
34.004379,-117.447864,5,28.45,131.05,1,4099,0,1,0,0,0,1,0,0,0,0,0,0,1,0,0,0,0,0,0,0,0,0,0,0,0,1,0
33.888323,-117.277533,12,99.7,1238.45,1,2538,0,0,0,0,1,0,1,1,0,0,1,0,1,0,1,0,0,0,0,0,1,0,0,1,0,0,0
33.644585,-116.871544,20,94.1,1782.4,1,2666,0,1,0,0,1,0,1,1,0,0,0,0,1,0,1,0,0,0,0,0,1,0,0,1,0,1,0
33.761894,-117.120868,2,94.2,167.5,1,3715,1,0,1,0,1,0,0,1,0,0,0,0,0,0,0,0,1,0,1,0,1,0,0,1,0,1,0
33.755039,-116.741796,6,80.5,502.85,1,5032,0,0,1,0,1,0,1,1,0,0,0,0,0,0,0,0,1,0,0,0,0,0,0,1,0,1,0
33.970661,-117.255039,5,74.35,334.8,1,5273,0,1,1,0,1,0,1,1,0,0,0,0,0,0,0,0,0,0,0,0,0,0,0,1,0,1,0
33.581045,-117.14719,40,104.8,4131.95,1,3492,1,0,0,0,1,0,1,1,0,0,0,0,0,0,1,0,1,0,1,0,1,0,0,0,0,0,0
33.828289,-117.201666,27,75.2,1929.35,1,4517,0,1,1,0,1,0,0,1,0,0,1,0,0,0,0,0,0,0,0,0,0,0,0,1,0,0,0
33.707483,-117.200006,23,75.6,1758.6,1,2115,0,0,0,0,1,0,1,1,0,0,0,0,0,0,0,0,0,0,0,0,0,0,0,0,0,0,0
33.69887,-117.25071,34,100.05,3480.0,1,2568,1,0,1,0,1,0,1,1,0,0,0,0,0,0,1,0,0,0,1,0,1,0,0,1,0,1,0
33.643095,-117.810896,1,85.0,85.0,1,5679,0,0,0,0,1,0,1,1,0,0,0,0,0,0,0,0,0,0,0,0,1,0,0,1,0,1,0
33.644849,-117.684254,10,86.05,834.1,1,2966,1,0,0,0,1,0,1,1,0,0,0,0,0,0,0,0,0,0,1,0,0,0,0,1,0,0,0
33.666301,-117.969501,13,45.55,597.0,1,4856,1,0,0,0,0,1,0,0,0,0,1,0,0,0,0,0,1,0,1,0,0,0,0,1,1,0,0
33.679659,-118.016195,39,86.3,3266.0,1,3364,1,0,1,0,1,0,0,1,0,0,0,0,1,0,0,0,0,0,1,0,0,0,0,1,0,0,1
33.601309,-117.902304,32,80.35,2596.15,1,5974,1,0,0,0,1,0,1,1,0,0,0,0,1,0,0,0,0,0,0,0,0,0,0,1,0,0,0
33.748478,-117.858918,35,100.25,3527.6,1,2744,0,0,0,0,1,0,1,1,0,0,0,0,0,0,1,0,0,0,1,0,1,0,0,1,0,1,0
33.714829,-117.872941,56,100.3,5614.45,1,5170,1,0,1,0,1,0,1,1,0,0,0,0,1,0,0,0,0,0,1,0,1,1,0,0,1,0,0
33.830209,-117.906099,12,19.0,233.55,1,3535,0,0,1,0,1,0,0,0,1,1,0,1,0,1,0,1,0,1,0,1,0,0,0,0,0,0,1
33.83796,-117.870494,1,75.3,75.3,1,3244,0,0,0,0,1,0,0,1,0,0,1,0,0,0,0,0,0,0,0,0,0,0,0,0,0,0,1
33.848733,-117.788357,4,89.2,346.2,1,5808,0,1,0,0,1,0,1,1,0,0,0,0,0,0,1,0,0,0,1,0,0,0,0,1,0,1,0
33.924143,-117.79387,1,85.7,85.7,1,4880,0,1,0,0,1,0,1,1,0,0,0,0,0,0,0,0,0,0,1,0,0,0,0,1,0,1,0
33.925833,-117.559639,12,61.65,713.75,1,5670,0,0,0,0,1,0,1,0,0,0,1,0,0,0,1,0,1,0,0,0,0,0,0,1,0,0,1
33.884073,-117.732197,65,105.25,6786.4,1,4196,0,1,1,0,1,0,1,1,0,0,1,0,0,0,1,0,0,0,1,0,1,0,0,0,0,0,0
34.360261,-119.306383,9,29.95,248.95,1,2573,1,0,1,0,0,1,0,0,0,0,0,0,1,0,0,0,0,0,0,0,0,0,0,1,0,1,0
34.279221,-119.221437,9,65.0,663.05,1,3983,0,0,1,0,1,0,0,0,0,0,1,0,1,0,1,0,1,0,0,0,0,0,0,0,0,0,1
34.110124,-119.100972,7,20.0,137.6,1,4479,0,0,0,0,1,0,0,0,1,1,0,1,0,1,0,1,0,1,0,1,0,0,0,0,0,0,0
34.420998,-119.60137,49,90.05,4547.25,1,5059,1,1,1,0,1,0,1,1,0,0,0,0,1,0,0,0,0,0,0,0,1,0,0,0,1,0,0
34.419203,-119.710008,43,110.75,4687.9,1,2728,1,1,1,0,1,0,1,1,0,0,0,0,1,0,1,0,1,0,1,0,1,0,0,1,0,0,0
34.437945,-119.77191,65,105.5,6985.65,1,5720,0,0,1,0,1,0,1,1,0,0,0,0,1,0,1,0,0,0,1,0,1,0,0,1,0,1,0
35.869626,-119.498771,56,104.55,5794.65,1,6268,1,1,1,0,1,0,1,1,0,0,1,0,0,0,1,0,0,0,1,0,1,1,0,1,0,0,0
36.315979,-119.710852,10,85.25,855.3,1,3573,1,0,1,0,1,0,1,1,0,0,0,0,0,0,0,0,0,0,0,0,1,0,0,1,0,1,0
35.916943,-120.129921,43,56.15,2499.3,1,2152,0,0,1,0,1,0,0,0,0,0,0,0,0,0,0,0,0,0,1,0,0,0,0,0,0,1,0
35.523991,-118.400432,1,89.55,89.55,1,4996,1,0,0,0,1,0,0,1,0,0,0,0,0,0,0,0,0,0,1,0,1,0,0,1,0,1,0
36.057458,-118.591951,20,94.55,1899.65,1,5604,1,1,1,0,1,0,1,1,0,0,0,0,0,0,0,0,0,0,1,0,1,0,0,1,0,1,0
36.186867,-120.387793,1,45.7,45.7,1,2295,1,0,0,0,1,0,0,0,0,0,0,0,0,0,0,0,0,0,0,0,0,0,0,1,0,0,1
35.772244,-119.209689,2,89.5,161.5,1,2065,0,1,0,0,1,0,1,1,0,0,0,0,1,0,0,0,0,0,0,0,1,0,0,0,0,1,0
35.858054,-119.305858,3,69.55,222.3,1,2876,0,0,0,0,1,0,0,1,0,0,0,0,0,0,0,0,0,0,0,0,0,0,0,1,0,0,0
36.301689,-119.018233,1,74.6,74.6,1,3860,0,0,0,0,1,0,0,1,0,0,0,0,0,0,1,0,0,0,0,0,0,0,0,1,0,0,1
35.215731,-119.57013,8,19.65,164.3,1,5432,0,1,0,0,1,0,0,0,1,1,0,1,0,1,0,1,0,1,0,1,0,0,0,0,0,1,0
36.217864,-120.080117,2,19.85,35.9,1,2362,1,0,1,0,1,0,0,0,1,1,0,1,0,1,0,1,0,1,0,1,0,1,0,0,0,0,1
35.852892,-118.397782,4,24.25,96.05,1,2038,0,0,0,0,0,1,0,0,0,0,0,0,0,0,0,0,0,0,0,0,0,0,0,1,0,0,1
36.462671,-118.997291,2,69.65,145.15,1,2323,0,0,0,0,1,0,0,1,0,0,0,0,0,0,0,0,0,0,0,0,0,0,0,0,0,1,0
36.205465,-119.085807,4,45.65,191.05,1,2864,0,0,0,0,1,0,0,0,0,0,0,0,0,0,0,0,0,0,0,0,0,0,0,0,0,0,1
34.737031,-119.460557,1,75.05,75.05,1,4838,0,0,0,0,1,0,1,1,0,0,0,0,0,0,0,0,0,0,0,0,0,0,0,1,0,0,1
35.676978,-118.101378,52,49.15,2550.9,1,5597,1,1,0,0,0,1,0,0,0,0,0,0,1,0,0,0,0,0,1,0,1,0,0,1,0,1,0
35.861928,-118.636698,2,34.7,62.25,1,3146,0,0,0,0,0,1,0,0,0,0,0,0,0,0,0,0,0,0,0,0,1,0,0,1,0,1,0
35.490705,-119.286833,1,80.0,80.0,1,2046,1,0,1,0,1,0,0,1,0,0,0,0,0,0,0,0,0,0,0,0,1,0,0,0,0,1,0
36.047414,-119.344304,2,49.25,91.1,1,3475,1,1,0,0,1,0,0,0,0,0,1,0,0,0,0,0,0,0,0,0,0,0,0,1,0,1,0
35.690535,-118.552784,3,75.1,270.7,1,4965,0,0,0,0,1,0,1,1,0,0,0,0,0,0,0,0,0,0,0,0,0,0,0,1,1,0,0
36.37559,-119.211689,3,50.15,168.15,1,3273,1,0,1,0,1,0,0,0,0,0,0,0,0,0,1,0,0,0,0,0,0,0,0,1,0,1,0
35.16207,-119.194488,25,79.85,2015.35,1,4535,0,0,0,0,1,0,0,1,0,0,1,0,1,0,0,0,0,0,0,0,0,0,0,1,0,0,0
35.236549,-120.727344,1,19.55,19.55,1,3556,1,0,0,0,1,0,0,0,1,1,0,1,0,1,0,1,0,1,0,1,0,0,0,0,0,0,1
34.601055,-120.382917,4,85.95,381.3,1,5640,0,0,1,0,1,0,1,1,0,0,0,0,0,0,0,0,0,0,0,0,1,0,0,1,0,1,0
34.757477,-120.550507,3,45.35,141.5,1,2450,1,0,0,0,1,0,0,0,0,0,0,0,0,0,0,0,0,0,0,0,0,0,0,1,0,1,0
34.758699,-120.275839,33,94.5,3105.55,1,4333,1,1,1,0,1,0,1,1,0,0,0,0,0,0,0,0,0,0,1,0,1,0,0,1,0,1,0
35.059695,-120.604741,30,91.7,2758.15,1,2482,0,1,0,0,1,0,1,1,0,0,1,0,1,0,1,0,0,0,0,0,0,0,0,0,1,0,0
35.165668,-120.655842,45,87.25,3941.7,1,5269,0,0,0,0,1,0,1,1,0,0,0,0,0,0,1,0,1,0,0,0,0,0,0,1,0,1,0
35.097323,-118.171288,10,98.55,1008.55,1,3658,1,0,0,0,1,0,1,1,0,0,1,0,0,0,0,0,0,0,1,0,1,0,0,0,0,1,0
35.363339,-117.637641,20,98.55,1842.8,1,5444,1,1,0,0,1,0,1,1,0,0,0,0,0,0,1,0,0,0,1,0,1,0,0,1,0,1,0
35.214982,-118.59049,15,85.9,1269.55,1,3579,0,0,0,0,1,0,0,1,0,0,0,0,1,0,0,0,0,0,0,0,1,0,0,1,0,0,0
34.712708,-117.889656,22,89.25,1907.85,1,3161,0,0,0,0,1,0,0,1,0,0,0,0,0,0,0,0,0,0,1,0,1,0,0,0,0,1,0
34.741406,-118.38111,3,70.3,208.85,1,3038,1,0,1,0,1,0,0,1,0,0,0,0,0,0,0,0,0,0,0,0,0,0,0,1,0,1,0
34.557711,-118.029441,15,93.35,1444.65,1,5264,1,0,0,0,1,0,1,1,0,0,0,0,0,0,0,0,0,0,1,0,1,0,0,1,0,1,0
34.445239,-117.894868,1,19.9,19.9,1,4248,0,0,0,0,1,0,0,0,1,1,0,1,0,1,0,1,0,1,0,1,0,0,0,0,0,0,1
35.405722,-117.773354,5,88.9,454.15,1,4356,0,0,1,0,1,0,0,1,0,0,1,0,0,0,1,0,0,0,0,0,1,0,0,1,0,0,1
35.603913,-117.67828,33,95.8,3036.75,1,4161,1,0,1,0,1,0,0,1,0,0,0,0,0,0,1,0,0,0,1,0,1,1,0,1,0,1,0
35.74837,-117.384948,2,82.0,184.65,1,3051,1,0,0,0,1,0,1,1,0,0,0,0,1,0,0,0,0,0,0,0,0,0,0,1,0,1,0
34.598221,-117.79593,2,45.35,89.5,1,3478,1,0,0,0,1,0,0,0,0,0,0,0,0,0,0,0,0,0,0,0,0,0,0,0,0,1,0
37.458367,-119.345011,1,52.2,52.2,1,4138,0,0,0,0,1,0,0,0,0,0,0,0,0,0,0,0,1,0,0,0,0,0,0,1,0,1,0
36.798882,-120.019511,46,110.0,4874.8,1,2403,0,1,0,0,1,0,1,1,0,0,1,0,1,0,1,0,0,0,1,0,1,1,0,1,0,1,0
36.397745,-120.119911,62,96.75,6125.4,1,5016,1,0,0,0,1,0,1,1,0,0,0,0,0,0,1,0,0,0,1,0,1,1,0,1,0,1,0
37.027663,-119.69056,10,98.5,1058.25,1,5184,0,0,0,0,1,0,1,1,0,0,0,0,0,0,0,0,1,0,1,0,1,0,0,1,0,1,0
36.727418,-120.123526,6,85.35,489.45,1,4694,1,0,0,0,1,0,0,1,0,0,0,0,1,0,0,0,0,0,1,0,0,0,0,1,0,1,0
36.902954,-120.194274,40,101.3,4113.1,1,2576,1,0,1,0,1,0,1,1,0,0,0,0,1,0,0,0,0,0,1,0,1,0,0,1,0,1,0
37.004068,-119.930027,1,69.55,69.55,1,3042,1,0,0,0,1,0,0,1,0,0,0,0,0,0,0,0,0,0,0,0,0,0,0,1,0,1,0
36.687292,-120.437354,58,103.25,6017.65,1,6105,1,0,0,0,1,0,1,1,0,0,0,0,1,0,1,0,0,0,1,0,1,1,0,1,0,0,0
36.696759,-119.024051,70,104.0,7250.15,1,4544,1,0,0,0,1,0,1,1,0,0,1,0,0,0,0,0,1,0,1,0,1,0,1,1,1,0,0
36.600185,-119.175655,2,86.2,178.7,1,2969,0,0,0,0,1,0,0,1,0,0,0,0,0,0,1,0,0,0,0,0,1,0,0,1,0,0,1
36.841655,-119.797113,21,111.2,2317.1,1,4123,1,0,1,0,1,0,1,1,0,0,0,0,1,0,1,0,1,0,1,0,1,0,0,1,0,1,0
36.600193,-120.153393,16,89.45,1430.25,1,3696,0,0,1,0,1,0,0,1,0,0,0,0,1,0,1,0,0,0,1,0,0,0,0,1,1,0,0
36.545322,-119.642281,7,95.6,644.35,1,3265,1,1,1,0,1,0,1,1,0,0,0,0,0,0,0,0,0,0,1,0,1,0,0,1,0,0,0
36.959731,-120.653519,60,90.95,5453.4,1,4111,1,0,1,0,1,0,0,1,0,0,0,0,1,0,1,0,0,0,1,0,0,1,0,0,0,1,0
36.993666,-119.348267,50,108.55,5610.7,1,4274,0,0,1,0,1,0,1,1,0,0,1,0,1,0,0,0,1,0,1,0,1,1,0,0,0,1,0
36.719141,-119.202677,4,78.85,292.8,1,5301,0,1,0,0,1,0,0,1,0,0,0,0,0,0,0,0,0,0,1,0,0,0,0,1,0,1,0
36.768774,-119.762633,1,44.4,44.4,1,3522,1,0,0,0,1,0,0,0,0,0,0,0,0,0,0,0,0,0,0,0,0,0,0,0,0,0,1
36.654614,-119.903674,55,100.0,5509.3,1,5679,0,1,0,0,1,0,1,1,0,0,0,0,0,0,1,0,0,0,1,0,1,1,0,1,0,1,0
36.833002,-119.82947,12,19.8,229.6,1,2653,0,0,1,0,1,0,0,0,1,1,0,1,0,1,0,1,0,1,0,1,0,1,0,0,0,0,0
36.732694,-119.783786,1,89.9,89.9,1,5951,1,0,0,0,1,0,0,1,0,0,0,0,0,0,0,0,0,0,1,0,1,0,0,1,0,1,0
36.092975,-121.549826,62,100.15,6413.65,1,5600,0,0,0,0,1,0,1,1,0,0,0,0,0,0,1,0,0,0,1,0,1,1,0,1,0,1,0
36.460611,-121.852507,1,50.8,50.8,1,3718,1,0,0,0,1,0,0,0,0,0,0,0,1,0,0,0,0,0,0,0,0,0,0,0,0,1,0
35.930782,-121.189757,20,73.65,1463.5,1,5849,1,1,1,0,1,0,0,1,0,0,0,0,1,0,0,0,0,0,0,0,0,0,0,1,0,1,0
36.220761,-120.980777,3,95.1,307.4,1,5861,0,0,0,0,1,0,0,1,0,0,0,0,1,0,0,0,0,0,1,0,1,0,0,1,0,1,0
35.989792,-121.055933,22,94.65,2104.55,1,3665,1,0,0,0,1,0,1,1,0,0,0,0,0,0,0,0,0,0,1,0,1,0,0,1,1,0,0
36.689582,-121.758398,4,80.6,319.15,1,3080,1,0,1,0,1,0,0,1,0,0,0,0,0,0,1,0,1,0,0,0,0,0,0,1,0,0,1
36.587497,-121.944815,59,85.55,5084.65,1,6304,1,0,1,0,1,0,1,1,0,0,0,0,0,0,0,0,0,0,0,0,1,1,0,0,0,1,0
37.509366,-122.306132,60,50.8,3027.4,1,4941,0,0,0,0,0,1,0,0,0,0,0,0,1,0,0,0,0,0,1,0,1,0,0,1,0,1,0
37.691561,-122.445202,15,105.1,1582.75,1,2122,0,0,0,0,1,0,0,1,0,0,1,0,0,0,1,0,1,0,1,0,1,0,0,0,0,1,0
37.266388,-122.26308,10,110.1,1043.3,1,5803,1,0,0,0,1,0,0,1,0,0,1,0,1,0,1,0,1,0,1,0,1,0,0,1,0,1,0
37.352911,-122.093002,6,83.9,497.55,1,3962,0,0,0,0,1,0,0,1,0,0,0,0,0,0,1,0,0,0,0,0,1,0,0,0,0,1,0
37.380662,-122.086022,63,100.55,6215.35,1,5413,0,0,1,0,1,0,1,1,0,0,1,0,1,0,1,0,0,0,1,0,0,0,0,1,0,1,0
37.419725,-122.062947,50,103.85,5017.9,1,5812,1,0,1,0,1,0,1,1,0,0,0,0,1,0,1,0,0,0,1,0,1,0,0,1,0,0,0
37.22565,-122.297533,1,24.6,24.6,1,5768,0,0,0,0,0,1,0,0,0,0,0,0,0,0,0,0,0,0,0,0,0,0,0,0,0,1,0
37.624436,-122.430661,12,98.9,1120.95,1,5559,0,0,0,0,1,0,0,1,0,0,1,0,0,0,0,0,1,0,1,0,1,0,0,1,0,0,0
37.654436,-122.426468,9,98.3,923.5,1,2954,0,0,0,0,1,0,1,1,0,0,0,0,0,0,1,0,0,0,1,0,1,0,0,0,1,0,0
37.378541,-122.020456,17,93.85,1625.65,1,4940,1,0,0,0,1,0,0,1,0,0,1,0,0,0,0,0,0,0,1,0,1,0,0,0,0,1,0
37.7795,-122.419233,9,100.5,918.6,1,4038,1,1,0,0,1,0,1,1,0,0,0,0,0,0,1,0,0,0,1,0,1,0,0,1,0,1,0
37.791998,-122.408653,10,72.85,688.65,1,3189,1,1,0,0,1,0,0,1,0,0,0,0,1,0,0,0,0,0,0,0,0,0,0,1,0,1,0
37.758085,-122.434801,1,73.55,73.55,1,4369,1,1,1,0,1,0,1,1,0,0,0,0,0,0,0,0,0,0,0,0,0,0,0,1,0,1,0
37.820894,-122.369725,3,79.4,205.05,1,3501,0,1,0,0,1,0,1,1,0,0,0,0,1,0,0,0,0,0,0,0,0,0,0,1,0,1,0
37.746699,-122.442833,13,81.15,952.3,1,4806,0,0,0,0,1,0,0,1,0,0,0,0,1,0,1,0,0,0,0,0,0,0,0,1,0,1,0
37.386978,-122.177746,4,84.6,360.1,1,2467,0,1,0,0,1,0,1,1,0,0,0,0,0,0,0,0,0,0,0,0,1,0,0,1,0,1,0
37.556634,-122.317723,6,79.05,434.5,1,3263,0,0,0,0,1,0,1,1,0,0,1,0,0,0,0,0,0,0,0,0,0,0,0,1,0,1,0
37.980057,-121.801599,3,74.4,215.8,1,2054,0,0,0,0,1,0,1,1,0,0,0,0,0,0,0,0,0,0,0,0,0,0,0,0,0,0,0
38.140719,-121.838298,35,99.05,3395.8,1,2074,1,1,0,0,1,0,1,1,0,0,0,0,0,0,1,0,0,0,1,0,1,0,0,1,0,1,0
37.83323,-121.601461,2,44.95,85.15,1,5900,1,1,0,0,1,0,0,0,0,0,0,0,0,0,0,0,0,0,0,0,0,0,0,0,0,0,1
38.013825,-122.039144,1,44.7,44.7,1,3700,1,0,1,0,1,0,0,0,0,0,0,0,0,0,0,0,0,0,0,0,0,0,0,0,1,0,0
37.505768,-121.962472,1,45.7,45.7,1,3571,1,0,0,0,1,0,0,0,0,0,0,0,0,0,0,0,0,0,0,0,0,0,0,1,0,0,1
37.516791,-121.899117,8,100.3,832.35,1,5084,1,1,0,0,1,0,0,1,0,0,1,0,0,0,0,0,1,0,1,0,1,0,0,0,1,0,0
37.674002,-122.076796,7,19.25,112.3,1,4489,1,0,0,0,1,0,0,0,1,1,0,1,0,1,0,1,0,1,0,1,0,0,0,0,0,1,0
37.62984,-122.120843,2,96.0,174.8,1,3391,0,0,0,0,1,0,1,1,0,0,0,0,0,0,0,0,0,0,1,0,1,0,0,1,0,1,0
37.708327,-122.083473,1,90.55,90.55,1,2627,0,0,0,0,1,0,0,1,0,0,0,0,0,0,0,0,0,0,1,0,1,0,0,0,0,1,0
37.571748,-121.659562,44,30.35,1359.7,1,4829,1,1,1,0,0,1,0,0,0,0,0,0,1,0,0,0,0,0,0,0,0,0,0,1,0,1,0
38.014457,-122.115432,71,108.05,7532.15,1,5200,1,0,0,0,1,0,1,1,0,0,1,0,0,0,1,0,1,0,1,0,1,0,1,1,0,1,0
37.555473,-122.080312,1,69.9,69.9,1,5367,1,0,0,0,1,0,0,1,0,0,0,0,0,0,0,0,0,0,0,0,0,0,0,1,0,1,0
38.489789,-122.27011,62,103.75,6383.35,1,5052,1,1,1,0,1,0,1,1,0,0,0,0,1,0,1,0,0,0,1,0,1,1,0,1,0,1,0
37.996462,-122.293716,1,86.6,86.6,1,5228,1,0,0,0,1,0,1,1,0,0,0,0,0,0,0,0,0,0,0,0,1,0,0,1,0,1,0
37.633361,-121.862395,33,80.6,2656.5,1,3601,0,1,1,0,1,0,1,1,0,0,0,0,1,0,0,0,0,0,0,0,0,0,0,1,0,0,0
37.687264,-122.15728,35,85.3,2917.5,1,2455,0,0,0,0,1,0,1,1,0,0,0,0,1,0,0,0,1,0,0,0,0,0,0,0,1,0,0
37.676249,-122.132415,34,70.0,2416.1,1,2318,0,0,0,0,1,0,0,1,0,0,0,0,0,0,0,0,0,0,0,0,0,0,0,1,1,0,0
37.766556,-121.976784,4,94.3,424.45,1,5419,0,1,0,0,1,0,1,1,0,0,0,0,0,0,0,0,0,0,1,0,1,0,0,1,0,1,0
37.59485,-122.051521,7,95.35,660.9,1,3077,0,0,0,0,1,0,0,1,0,0,0,0,0,0,1,0,0,0,1,0,1,0,0,1,0,1,0
37.685052,-121.912061,27,75.5,1893.95,1,2377,1,1,1,0,1,0,1,1,0,0,0,0,0,0,0,0,0,0,0,0,0,0,0,1,0,1,0
37.862128,-122.075197,18,90.1,1612.75,1,4260,0,0,0,0,1,0,1,1,0,0,0,0,0,0,0,0,1,0,0,0,1,0,0,1,0,1,0
37.900662,-122.052782,2,68.95,119.75,1,5225,0,0,0,0,1,0,0,1,0,0,0,0,0,0,0,0,0,0,0,0,0,0,0,0,0,1,0
37.916648,-122.008483,32,99.55,3204.65,1,5026,1,0,1,0,1,0,1,1,0,0,1,0,0,0,0,0,0,0,1,0,1,0,0,1,1,0,0
37.792489,-122.244314,18,57.45,990.85,1,2989,1,0,1,0,1,0,0,0,0,0,0,0,0,0,1,0,0,0,0,0,1,0,0,0,0,1,0
37.80707,-122.297401,12,53.65,696.35,1,2595,1,0,1,0,1,0,0,0,0,0,0,0,0,0,0,0,0,0,0,0,1,1,0,0,1,0,0
37.871416,-122.246597,8,100.6,819.4,1,5906,1,1,0,0,1,0,1,1,0,0,0,0,0,0,1,0,0,0,1,0,1,0,0,1,0,1,0
37.890274,-122.295192,26,83.75,2070.6,1,2404,1,0,1,0,1,0,1,1,0,0,0,0,0,0,0,0,0,0,1,0,0,0,0,1,0,1,0
37.897753,-122.279391,3,88.3,273.75,1,4486,0,1,1,0,1,0,0,1,0,0,1,0,0,0,0,0,1,0,1,0,0,0,0,1,0,0,1
37.872902,-122.303708,8,92.1,729.95,1,5662,0,1,0,0,1,0,0,1,0,0,0,0,0,0,1,0,0,0,1,0,1,0,0,1,0,1,0
38.018065,-122.546024,38,79.45,3013.05,1,2405,1,0,1,0,1,0,0,1,0,0,1,0,1,0,0,0,0,0,0,0,0,0,0,1,0,1,0
37.946617,-122.563571,14,90.45,1266.1,1,4777,1,1,0,0,1,0,0,1,0,0,0,0,0,0,0,0,0,0,1,0,1,0,0,0,1,0,0
38.377165,-123.037957,32,69.75,2347.9,1,2356,1,0,1,0,1,0,0,1,0,0,0,0,0,0,0,0,0,0,0,0,0,0,0,1,0,0,0
38.326215,-122.718742,1,19.65,19.65,1,5881,0,0,0,0,1,0,0,0,1,1,0,1,0,1,0,1,0,1,0,1,0,0,0,0,0,0,1
38.010092,-122.689442,12,43.65,526.95,1,2437,1,1,0,0,0,1,0,0,0,0,0,0,0,0,1,0,1,0,0,0,1,0,0,1,0,1,0
37.937082,-122.532369,5,39.5,210.75,1,2863,0,0,0,0,0,1,0,0,0,0,0,0,0,0,1,0,0,0,0,0,1,0,0,0,0,1,0
38.129308,-122.834815,40,97.1,3706.95,1,3099,1,0,1,0,1,0,1,1,0,0,0,0,0,0,0,0,0,0,1,0,1,0,0,1,0,0,0
38.135897,-122.563683,5,80.0,412.5,1,3937,0,0,0,0,1,0,0,1,0,0,0,0,0,0,0,0,0,0,0,0,1,0,0,1,0,1,0
38.065359,-122.665566,10,84.7,832.05,1,5686,0,0,0,0,1,0,0,1,0,0,1,0,0,0,0,0,0,0,1,0,0,0,0,1,0,0,1
38.112166,-122.634384,2,89.55,185.55,1,3851,1,0,1,0,1,0,0,1,0,0,0,0,0,0,0,0,0,0,1,0,1,0,0,1,0,0,0
38.067204,-122.524004,23,90.6,1943.2,1,4359,1,0,0,0,1,0,1,1,0,0,0,0,0,0,0,0,1,0,1,0,0,0,0,1,0,1,0
37.99272,-122.575026,23,90.05,2169.8,1,4650,0,0,0,0,1,0,1,1,0,0,1,0,0,0,0,0,0,0,1,0,0,0,0,1,0,0,0
37.848641,-122.515692,49,99.05,4853.75,1,5157,1,0,1,0,1,0,1,1,0,0,0,0,1,0,0,0,0,0,1,0,1,0,0,1,0,0,0
38.240769,-122.901041,2,69.75,144.55,1,5667,0,0,0,0,1,0,0,1,0,0,0,0,0,0,0,0,0,0,0,0,0,0,0,0,0,0,0
38.339996,-122.935056,2,49.05,91.1,1,2960,0,0,0,0,1,0,0,0,0,0,0,0,1,0,0,0,0,0,0,0,0,0,0,1,1,0,0
37.449537,-121.994813,7,98.05,713.0,1,2561,1,0,0,0,1,0,1,1,0,0,0,0,0,0,1,0,0,0,1,0,1,0,0,1,0,0,0
37.171727,-122.142961,41,114.5,4527.45,1,3038,0,0,0,0,1,0,1,1,0,0,1,0,1,0,1,0,1,0,1,0,1,0,0,1,0,0,0
37.114335,-122.237162,2,80.95,171.15,1,3533,1,0,0,0,1,0,0,1,0,0,0,0,0,0,0,0,0,0,0,0,1,0,0,1,0,1,0
36.936228,-121.785559,13,74.3,940.35,1,2995,0,1,0,0,1,0,0,1,0,0,0,0,0,0,1,0,0,0,0,0,0,0,0,1,0,1,0
37.03889,-121.528955,11,89.7,1047.7,1,2202,0,1,0,0,1,0,0,1,0,0,0,0,0,0,0,0,0,0,1,0,1,0,0,0,0,0,0
37.222842,-121.988727,17,100.45,1622.45,1,5508,1,1,1,0,1,0,1,1,0,0,0,0,0,0,1,0,0,0,1,0,1,0,0,1,1,0,0
37.084697,-121.606417,25,90.4,2178.6,1,5801,1,0,1,0,1,0,0,1,0,0,0,0,0,0,0,0,0,0,1,0,1,1,0,1,0,1,0
36.974575,-121.991149,3,56.15,168.15,1,2539,1,0,1,0,1,0,0,0,0,0,0,0,1,0,1,0,0,0,0,0,0,0,0,1,0,0,1
37.343827,-121.883119,4,94.4,387.2,1,4249,0,0,0,0,1,0,0,1,0,0,1,0,0,0,1,0,1,0,0,0,1,0,0,1,0,0,0
37.350284,-121.852855,37,78.95,2839.65,1,3982,0,0,1,0,1,0,1,1,0,0,0,0,0,0,1,0,0,0,0,0,0,0,0,1,1,0,0
37.294926,-121.894763,19,44.85,893.55,1,5182,0,0,0,0,0,1,0,0,0,0,0,0,0,0,0,0,0,0,1,0,1,1,0,1,1,0,0
37.316146,-121.936285,39,105.65,4284.8,1,4687,1,1,1,0,1,0,1,1,0,0,0,0,1,0,1,0,0,0,1,0,1,0,0,1,0,1,0
37.305622,-122.000887,7,74.65,544.55,1,3331,1,0,0,0,1,0,0,1,0,0,0,0,0,0,1,0,0,0,0,0,0,0,0,0,0,0,1
37.42765,-121.945416,14,64.7,941.0,1,4049,0,0,1,0,1,0,1,0,0,0,1,0,0,0,0,0,0,0,1,0,0,0,0,1,0,0,0
37.28682,-121.723877,11,104.05,1133.65,1,4553,0,1,1,0,1,0,1,1,0,0,0,0,0,0,1,0,1,0,1,0,1,0,0,1,0,0,0
38.044523,-121.348048,1,35.55,35.55,1,3958,1,0,0,0,0,1,0,0,0,0,0,0,0,0,0,0,0,0,0,0,1,0,0,1,0,1,0
38.029729,-121.387999,2,95.15,196.9,1,2414,0,0,0,0,1,0,1,1,0,0,0,0,0,0,0,0,0,0,1,0,1,0,0,1,0,1,0
38.200231,-121.235034,13,96.65,1162.85,1,5295,1,0,1,0,1,0,0,1,0,0,0,0,0,0,1,0,0,0,1,0,1,0,0,1,0,0,1
38.358464,-120.579304,3,80.4,224.05,1,3834,0,1,1,0,1,0,0,1,0,0,0,0,0,0,0,0,0,0,1,0,0,0,0,1,0,1,0
38.047746,-121.030499,1,31.35,31.35,1,3605,1,0,0,0,0,1,0,0,0,0,0,0,1,0,0,0,0,0,0,0,0,0,0,1,0,0,1
38.123544,-121.159078,12,89.75,1052.4,1,5671,0,0,0,0,1,0,1,1,0,0,0,0,1,0,0,0,0,0,1,0,0,0,0,1,0,0,0
38.156971,-120.849231,60,94.4,5610.25,1,4990,1,0,1,0,1,0,0,1,0,0,0,0,1,0,0,0,0,0,1,0,1,1,0,1,0,1,0
38.41935,-120.469545,1,19.85,19.85,1,3874,1,0,0,0,1,0,0,0,1,1,0,1,0,1,0,1,0,1,0,1,0,0,0,1,0,1,0
37.321233,-120.656354,6,109.9,669.45,1,5750,0,0,0,0,1,0,1,1,0,0,0,0,1,0,1,0,1,0,1,0,1,0,0,1,1,0,0
37.818589,-120.256995,15,101.35,1553.95,1,3025,1,0,0,0,1,0,0,1,0,0,0,0,0,0,1,0,1,0,1,0,1,0,0,1,0,1,0
38.085839,-120.37855,21,60.05,1236.15,1,4716,1,1,0,0,1,0,0,0,0,0,0,0,0,0,1,0,0,0,1,0,0,0,0,1,0,0,0
37.422961,-120.765493,1,60.15,60.15,1,4611,0,0,0,0,1,0,1,0,0,0,0,0,0,0,0,0,0,0,0,0,1,0,0,1,0,1,0
37.605926,-120.69955,7,90.45,593.45,1,5356,1,0,0,0,1,0,1,1,0,0,0,0,0,0,1,0,0,0,1,0,0,0,0,1,0,1,0
38.109125,-120.078597,53,94.25,4867.95,1,5414,1,0,1,0,1,0,0,1,0,0,0,0,1,0,0,0,0,0,1,0,1,1,0,1,0,0,0
37.526791,-119.99437,1,74.9,74.9,1,2548,1,0,0,0,1,0,1,1,0,0,0,0,0,0,0,0,0,0,0,0,0,0,0,1,0,1,0
38.121601,-120.133915,1,80.25,80.25,1,2502,0,0,0,0,1,0,0,1,0,0,0,0,0,0,0,0,0,0,1,0,0,0,0,1,0,1,0
37.671806,-121.007575,17,69.0,1149.65,1,3368,1,0,1,0,1,0,0,1,0,0,0,0,0,0,0,0,0,0,0,0,0,0,0,1,0,1,0
37.621458,-121.012295,11,66.35,740.8,1,2860,0,0,1,0,1,0,1,0,0,0,0,0,0,0,0,0,1,0,0,0,1,0,0,1,0,1,0
37.716186,-121.025836,19,86.0,1532.45,1,4857,1,0,0,0,1,0,1,1,0,0,0,0,0,0,0,0,0,0,0,0,1,0,0,1,0,0,0
37.670526,-120.877572,3,80.3,250.05,1,3212,0,0,1,0,1,0,0,1,0,0,0,0,0,0,0,0,0,0,0,0,1,0,0,1,0,1,0
37.785033,-120.776141,24,90.55,2282.55,1,5927,1,0,0,0,1,0,1,1,0,0,0,0,1,0,0,0,0,0,1,0,0,0,0,1,1,0,0
37.734971,-120.954271,2,75.9,143.35,1,2101,0,0,0,0,1,0,1,1,0,0,0,0,0,0,0,0,0,0,0,0,0,0,0,1,0,1,0
37.713152,-121.08739,1,45.85,45.85,1,3706,1,0,1,0,1,0,0,0,0,0,0,0,0,0,0,0,0,0,0,0,0,0,0,1,0,0,1
37.521708,-120.426843,16,49.95,810.2,1,4840,0,0,1,0,0,1,0,0,0,0,0,0,0,0,0,0,1,0,1,0,1,0,0,1,0,1,0
37.529656,-120.854357,34,78.3,2564.3,1,2777,1,0,1,0,1,0,0,1,0,0,0,0,0,0,0,0,0,0,1,0,0,0,0,0,0,1,0
37.546007,-121.28257,3,76.95,228.4,1,4428,1,0,0,0,1,0,1,1,0,0,0,0,0,0,0,0,0,0,0,0,0,0,0,1,0,1,0
37.704267,-119.607001,16,96.15,1529.2,1,5913,0,1,0,0,1,0,1,1,0,0,0,0,0,0,0,0,0,0,1,0,1,0,0,1,0,1,0
38.394091,-122.739814,1,45.3,45.3,1,4568,1,0,0,0,1,0,0,0,0,0,0,0,0,0,0,0,0,0,0,0,0,0,0,0,0,1,0
38.468893,-122.580539,15,19.4,289.3,1,5379,0,0,0,0,1,0,0,0,1,1,0,1,0,1,0,1,0,1,0,1,0,0,0,0,0,0,0
39.710591,-123.682799,11,90.15,987.95,1,5250,0,0,0,0,1,0,1,1,0,0,0,0,0,0,0,0,1,0,1,0,0,0,0,0,0,1,0
39.361283,-123.784599,1,45.05,45.05,1,4094,1,0,0,0,1,0,0,0,0,0,0,0,0,0,0,0,0,0,0,0,0,0,0,0,0,0,1
38.965804,-122.631779,1,75.8,75.8,1,3940,0,0,0,0,1,0,0,1,0,0,0,0,1,0,0,0,0,0,0,0,0,0,0,0,0,1,0
38.801936,-122.938935,7,79.3,523.15,1,3830,0,0,0,0,1,0,0,1,0,0,0,0,0,0,0,0,0,0,0,0,1,0,0,1,0,1,0
39.239818,-123.565432,2,30.9,59.05,1,2860,0,0,0,0,0,1,0,0,0,0,0,0,0,0,0,0,1,0,0,0,0,0,0,1,0,1,0
38.348884,-122.51699,46,95.25,4424.2,1,3180,0,1,0,0,1,0,0,1,0,0,0,0,1,0,0,0,0,0,1,0,1,1,0,0,1,0,0
38.493888,-122.777141,68,89.6,6127.6,1,5651,0,1,1,0,1,0,1,1,0,0,0,0,1,0,0,0,0,0,0,0,1,0,0,1,0,0,0
38.848082,-123.50608,59,110.15,6448.05,1,4601,1,0,1,0,1,0,1,1,0,0,1,0,1,0,1,0,0,0,1,0,1,1,0,1,0,1,0
39.12334,-122.838198,7,89.5,676.7,1,3077,1,1,1,0,1,0,0,1,0,0,0,0,0,0,0,0,0,0,1,0,1,0,0,1,0,1,0
38.522328,-122.97932,8,75.0,632.95,1,2587,1,0,1,0,1,0,0,1,0,0,1,0,0,0,0,0,0,0,0,0,0,0,0,0,0,1,0
39.134075,-123.23422,6,44.75,270.95,1,2087,1,0,0,0,1,0,0,0,0,0,0,0,0,0,0,0,0,0,0,0,0,0,0,0,0,1,0
39.222323,-122.985488,11,44.05,483.7,1,3200,0,0,1,0,1,0,0,0,0,0,0,0,0,0,0,0,0,0,0,0,0,0,0,1,0,1,0
40.166028,-123.584144,15,85.6,1345.55,1,4981,1,1,1,0,1,0,1,1,0,0,0,0,0,0,0,0,0,0,0,0,1,0,0,1,0,0,0
40.965011,-124.015255,70,115.55,8127.6,1,4838,0,0,0,0,1,0,1,1,0,0,1,0,1,0,1,0,1,0,1,0,1,1,0,0,1,0,0
40.825486,-124.049485,16,86.6,1281.0,1,2508,1,1,0,0,1,0,1,1,0,0,0,0,0,0,0,0,0,0,1,0,0,0,0,1,0,1,0
40.94338,-123.831799,18,85.2,1553.9,1,3326,0,0,0,0,1,0,1,1,0,0,0,0,0,0,0,0,0,0,1,0,0,0,0,1,0,1,0
40.372532,-123.525626,34,97.65,3207.55,1,3979,0,0,1,0,1,0,1,1,0,0,0,0,0,0,0,0,0,0,1,0,1,0,0,1,0,1,0
41.701223,-124.003393,47,109.55,5124.55,1,5863,1,0,1,0,1,0,1,1,0,0,0,0,1,0,1,0,1,0,1,0,1,0,0,1,0,1,0
40.4785,-124.301372,39,89.55,3474.45,1,3849,0,0,1,0,1,0,1,1,0,0,0,0,1,0,1,0,1,0,0,0,0,1,0,1,0,1,0
40.342928,-124.063329,1,19.45,19.45,1,5687,1,0,0,0,1,0,0,0,1,1,0,1,0,1,0,1,0,1,0,1,0,0,0,1,0,0,1
40.7666,-123.80458,4,20.35,76.35,1,4133,0,0,1,0,1,0,0,0,1,1,0,1,0,1,0,1,0,1,0,1,0,0,0,0,0,0,1
40.665952,-124.240051,1,69.25,69.25,1,4371,0,1,0,0,1,0,0,1,0,0,0,0,0,0,0,0,0,0,0,0,0,0,0,1,0,1,0
40.210895,-123.86,59,99.5,5961.1,1,6098,1,0,1,0,1,0,1,1,0,0,0,0,0,0,1,0,0,0,1,0,1,1,0,1,0,0,0
40.485849,-124.163234,1,25.2,25.2,1,5688,0,1,0,0,0,1,0,0,0,0,0,0,0,0,0,0,0,0,0,0,0,0,0,1,0,1,0
40.89866,-123.539754,2,45.0,96.45,1,5704,1,0,0,0,1,0,0,0,0,0,0,0,0,0,0,0,0,0,0,0,0,0,0,1,0,0,1
41.950683,-124.097094,1,20.15,20.15,1,4103,1,0,0,0,1,0,0,0,1,1,0,1,0,1,0,1,0,1,0,1,0,0,0,0,0,0,1
41.444606,-123.471895,66,105.0,7133.25,1,5723,1,0,1,0,1,0,1,1,0,0,0,0,1,0,1,0,0,0,1,0,1,0,0,1,1,0,0
41.162295,-124.027381,3,54.7,169.45,1,3335,1,0,0,0,1,0,0,0,0,0,0,0,0,0,0,0,0,0,1,0,0,0,0,1,1,0,0
40.053159,-123.995867,14,87.25,1258.6,1,4786,0,0,1,0,1,0,1,1,0,0,0,0,0,0,1,0,0,0,0,0,1,0,0,1,0,1,0
38.431407,-120.8421,10,79.95,857.2,1,5640,1,0,1,0,1,0,0,1,0,0,0,0,0,0,0,0,0,0,1,0,0,0,0,1,0,1,0
38.626128,-121.328011,18,88.35,1639.3,1,5727,0,0,0,0,1,0,1,1,0,0,0,0,0,0,0,0,1,0,1,0,0,0,0,1,0,1,0
38.508735,-121.678813,9,94.75,889.9,1,2893,0,0,0,0,1,0,1,1,0,0,0,0,0,0,0,0,0,0,1,0,1,0,0,1,0,1,0
38.544002,-121.685559,13,95.05,1290.0,1,2230,0,1,0,0,1,0,1,1,0,0,0,0,0,0,0,0,0,0,1,0,1,0,0,1,0,1,0
38.683605,-120.811852,4,78.45,330.05,1,5048,1,0,0,0,1,0,1,1,0,0,0,0,1,0,0,0,0,0,0,0,0,0,0,0,0,1,0
38.392821,-121.799917,4,70.2,237.95,1,5094,1,0,0,0,1,0,0,1,0,0,0,0,0,0,0,0,0,0,0,0,0,0,0,1,0,1,0
38.434138,-121.30587,59,41.05,2452.7,1,4324,1,0,1,0,0,1,0,0,0,0,0,0,1,0,0,0,0,0,0,0,1,0,0,1,0,0,0
38.349195,-121.902943,10,85.6,813.85,1,5146,1,0,1,0,1,0,1,1,0,0,0,0,0,0,0,0,0,0,1,0,0,0,0,1,0,1,0
38.672638,-121.147403,1,79.2,79.2,1,4363,0,1,0,0,1,0,0,1,0,0,0,0,0,0,0,0,0,0,1,0,0,0,0,1,0,1,0
38.921333,-120.897718,5,70.0,347.4,1,2673,1,0,0,0,1,0,0,0,0,0,0,0,0,0,1,0,0,0,1,0,1,1,0,1,0,0,1
38.336216,-120.76901,1,49.95,49.95,1,2041,0,0,0,0,1,0,1,0,0,0,0,0,0,0,0,0,0,0,0,0,0,0,0,1,0,0,0
38.875508,-121.765866,22,69.25,1554.0,1,2159,0,0,1,0,1,0,0,1,0,0,0,0,0,0,0,0,0,0,0,0,0,0,0,1,0,1,0
38.674276,-121.961866,34,94.25,3217.55,1,3369,0,1,1,0,1,0,1,1,0,0,0,0,1,0,1,0,0,0,0,0,1,0,0,1,0,1,0
38.689174,-121.218435,41,73.0,3001.2,1,2041,1,0,1,0,1,0,1,0,0,0,0,0,0,0,1,0,0,0,1,0,1,1,0,1,0,1,0
38.859093,-121.182872,64,100.05,6254.2,1,5452,0,0,0,0,1,0,1,1,0,0,0,0,0,0,1,0,0,0,1,0,1,1,0,1,1,0,0
38.833554,-121.498102,4,99.8,442.85,1,2268,0,1,0,0,1,0,0,1,0,0,0,0,1,0,1,0,0,0,1,0,1,0,0,1,1,0,0
38.489273,-120.891614,18,35.0,553.0,1,2649,0,0,0,0,0,1,0,0,0,0,0,0,0,0,0,0,0,0,0,0,1,0,0,1,0,1,0
38.688764,-121.457596,1,76.0,76.0,1,2567,0,0,0,0,1,0,1,1,0,0,0,0,0,0,0,0,0,0,0,0,0,0,0,0,0,1,0
38.984756,-121.345074,2,93.85,170.85,1,4193,0,1,0,0,1,0,1,1,0,0,0,0,0,0,0,0,0,0,1,0,1,0,0,1,0,1,0
38.470423,-121.114897,15,84.3,1308.4,1,4003,0,0,1,0,1,0,0,1,0,0,0,0,0,0,1,0,0,0,1,0,0,0,0,1,0,1,0
39.043387,-121.409837,9,84.4,732.5,1,5745,1,1,0,0,1,0,1,1,0,0,0,0,0,0,0,0,0,0,0,0,1,0,0,1,1,0,0
38.578604,-122.024579,15,101.1,1504.05,1,2055,1,0,1,0,1,0,1,1,0,0,0,0,0,0,1,0,0,0,1,0,1,0,0,1,0,1,0
39.084645,-120.894014,1,50.45,50.45,1,2928,1,0,0,0,1,0,1,0,0,0,0,0,0,0,0,0,0,0,0,0,0,0,0,1,0,1,0
39.003358,-121.022539,12,99.95,1132.75,1,5598,1,0,0,0,1,0,1,1,0,0,0,0,0,0,0,0,1,0,1,0,1,0,0,1,0,0,1
39.279068,-120.414275,2,91.4,193.6,1,5100,0,0,0,0,1,0,1,1,0,0,0,0,0,0,1,0,0,0,1,0,0,0,0,1,0,1,0
38.591134,-121.161585,5,75.55,349.65,1,4028,0,1,0,0,1,0,0,1,0,0,0,0,0,0,1,0,0,0,0,0,0,0,0,1,1,0,0
38.608405,-121.449942,4,80.8,332.45,1,5436,1,0,0,0,1,0,1,1,0,0,0,0,0,0,0,0,1,0,0,0,0,0,0,0,1,0,0
38.517295,-121.439819,16,100.0,1534.75,1,3794,0,0,1,0,1,0,1,1,0,0,0,0,1,0,0,0,0,0,1,0,1,0,0,1,0,1,0
38.542532,-121.378826,1,20.55,20.55,1,5636,1,0,0,0,1,0,0,0,1,1,0,1,0,1,0,1,0,1,0,1,0,0,0,0,0,1,0
38.486938,-121.395805,5,85.3,424.15,1,2264,1,0,0,0,1,0,1,1,0,0,0,0,1,0,1,0,0,0,0,0,0,0,0,1,0,1,0
38.494832,-121.529447,4,70.4,281.0,1,4494,0,0,0,0,1,0,0,1,0,0,0,0,0,0,0,0,0,0,0,0,0,0,0,0,0,1,0
38.646096,-121.442433,37,98.8,3475.55,1,3066,1,0,0,0,1,0,1,1,0,0,0,0,0,0,0,0,1,0,1,0,1,0,0,0,0,0,0
38.715498,-121.363411,13,74.4,896.75,1,3687,1,0,1,0,1,0,1,1,0,0,0,0,0,0,0,0,0,0,0,0,0,0,0,1,1,0,0
38.585826,-121.376263,24,98.75,2407.3,1,4016,0,0,0,0,1,0,1,1,0,0,0,0,0,0,1,0,0,0,1,0,1,0,0,1,0,1,0
38.982373,-122.047751,61,106.0,6547.7,1,4334,1,0,1,0,1,0,1,1,0,0,1,0,1,0,0,0,0,0,1,0,1,1,0,1,0,1,0
39.396585,-121.38029,41,104.7,4346.4,1,3316,1,0,0,0,1,0,1,1,0,0,0,0,1,0,1,0,0,0,1,0,1,0,0,1,0,1,0
40.171312,-121.120605,22,96.7,2082.95,1,4458,1,1,0,0,1,0,1,1,0,0,0,0,0,0,0,0,0,0,1,0,1,0,0,1,0,1,0
39.461768,-121.195825,2,55.05,102.75,1,5855,0,0,0,0,1,0,0,0,0,0,0,0,1,0,0,0,1,0,0,0,0,0,0,1,1,0,0
39.381174,-121.21191,19,88.2,1775.8,1,5683,1,1,0,0,1,0,1,1,0,0,0,0,1,0,0,0,0,0,1,0,0,0,0,1,0,1,0
38.931425,-121.946081,8,19.75,145.0,1,2247,0,0,1,0,1,0,0,0,1,1,0,1,0,1,0,1,0,1,0,1,0,1,0,1,0,0,1
40.077028,-121.494168,15,75.65,1146.65,1,2099,1,1,0,0,1,0,1,1,0,0,0,0,0,0,0,0,0,0,0,0,0,0,0,0,0,1,0
39.099204,-121.137962,1,74.7,74.7,1,3348,1,1,0,0,1,0,1,1,0,0,0,0,0,0,0,0,0,0,0,0,0,0,0,1,0,1,0
39.933852,-121.584371,17,76.65,1313.55,1,3182,1,0,0,0,1,0,0,1,0,0,0,0,0,0,1,0,0,0,0,0,0,0,0,1,0,1,0
39.333737,-120.858667,1,25.8,25.8,1,3884,0,1,0,0,0,1,0,0,0,0,0,0,0,0,0,0,0,0,0,0,0,0,0,1,0,0,1
39.473896,-121.415927,2,42.6,72.4,1,4648,0,0,0,0,0,1,0,0,0,0,1,0,1,0,0,0,0,0,0,0,1,0,0,1,0,1,0
39.424957,-122.039307,29,68.85,1970.5,1,5449,0,0,0,0,1,0,0,0,0,0,1,0,1,0,1,0,0,0,0,0,1,0,0,1,0,0,0
39.58458,-121.093256,2,90.0,190.05,1,3902,1,0,1,0,1,0,0,1,0,0,0,0,0,0,1,0,1,0,0,0,1,0,0,0,1,0,0
40.022184,-121.062384,14,75.35,1025.95,1,4995,0,0,0,0,1,0,0,1,0,0,0,0,0,0,1,0,0,0,0,0,0,0,0,0,0,1,0
39.075694,-121.70606,8,100.85,819.55,1,3849,1,0,0,0,1,0,1,1,0,0,0,0,1,0,0,0,0,0,1,0,1,0,0,0,0,1,0
40.448632,-122.306657,5,69.95,330.15,1,2969,0,0,1,0,1,0,0,1,0,0,0,0,0,0,0,0,0,0,0,0,0,0,0,0,0,1,0
41.096569,-121.879082,63,107.5,6873.75,1,6144,0,0,1,0,1,0,1,1,0,0,0,0,1,0,1,0,0,0,1,0,1,1,0,1,0,1,0
41.388397,-122.794636,1,45.85,45.85,1,5930,1,0,0,0,1,0,0,0,0,0,0,0,0,0,0,0,0,0,0,0,0,0,0,1,0,0,1
39.913777,-122.289984,53,106.1,5769.75,1,4471,0,0,1,0,1,0,0,1,0,0,1,0,1,0,1,0,0,0,1,0,1,1,0,1,0,0,0
40.336392,-122.448533,1,91.7,91.7,1,4319,0,0,0,0,1,0,0,1,0,0,0,0,1,0,0,0,1,0,1,0,0,0,0,0,0,1,0
40.586588,-122.903677,16,95.6,1555.65,1,5915,0,0,0,0,1,0,1,1,0,0,0,0,1,0,1,0,0,0,0,0,1,0,0,1,1,0,0
41.017282,-121.468945,1,74.95,74.95,1,2591,1,0,0,0,1,0,1,1,0,0,0,0,0,0,0,0,0,0,0,0,0,0,0,1,0,1,0
41.5837,-122.935922,10,95.35,898.35,1,5353,1,1,0,0,1,0,1,1,0,0,0,0,0,0,0,0,0,0,1,0,1,0,0,1,0,1,0
40.547857,-123.187265,3,45.0,127.1,1,4145,0,1,0,0,1,0,0,0,0,0,0,0,0,0,0,0,0,0,0,0,0,0,0,0,0,1,0
40.524535,-122.647172,66,99.5,6710.5,1,4001,1,0,0,0,1,0,0,1,0,0,0,0,1,0,1,0,0,0,1,0,1,0,0,0,0,1,0
41.816595,-122.948287,17,98.6,1704.95,1,5160,0,0,1,0,1,0,0,1,0,0,0,0,0,0,1,0,1,0,1,0,1,1,0,0,0,0,0
40.883853,-122.418258,7,59.5,415.95,1,4661,0,0,0,0,1,0,0,0,0,0,0,0,0,0,0,0,1,0,1,0,0,0,0,1,0,0,1
40.704293,-122.803899,12,80.45,950.2,1,5374,1,1,1,0,1,0,0,1,0,0,0,0,0,0,0,0,0,0,0,0,1,0,0,1,0,1,0
41.082472,-121.195215,42,77.95,3384.0,1,5396,0,0,1,0,1,0,0,1,0,0,0,0,0,0,0,0,0,0,1,0,0,0,0,1,1,0,0
40.582399,-122.195512,2,74.7,165.4,1,2803,1,1,0,0,1,0,0,1,0,0,0,0,1,0,0,0,0,0,0,0,0,0,0,1,0,1,0
40.923558,-122.059933,1,88.8,88.8,1,3106,1,1,0,0,1,0,1,1,0,0,0,0,0,0,1,0,0,0,1,0,0,0,0,1,0,1,0
41.924174,-123.260788,30,90.25,2755.35,1,5654,1,0,0,0,1,0,0,1,0,0,0,0,0,0,0,0,0,0,1,0,1,0,0,1,0,1,0
40.617614,-122.512861,15,64.65,994.55,1,4780,0,0,0,0,1,0,1,0,0,0,1,0,0,0,0,0,0,0,0,0,1,0,0,1,0,0,0
39.955164,-122.018567,13,89.05,1169.35,1,3861,1,1,1,0,1,0,0,1,0,0,0,0,1,0,0,0,1,0,0,0,1,0,0,1,0,0,0
41.468877,-120.54229,67,87.4,5918.8,1,4421,1,0,1,0,1,0,1,1,0,0,0,0,1,0,1,0,0,0,0,0,0,1,0,0,0,1,0
41.750354,-120.403885,23,94.75,2293.6,1,2740,0,1,0,0,1,0,0,1,0,0,0,0,1,0,0,0,0,0,1,0,1,0,0,1,0,1,0
41.932207,-120.135941,35,86.45,3029.1,1,5874,0,0,0,0,1,0,1,1,0,0,0,0,0,0,0,0,0,0,1,0,0,0,0,1,0,1,0
41.729079,-120.225025,56,98.25,5508.35,1,4886,0,0,1,0,1,0,1,1,0,0,0,0,1,0,0,0,0,0,1,0,1,1,0,1,0,1,0
41.266008,-120.490731,9,75.75,655.9,1,5105,0,0,1,0,1,0,0,1,0,0,0,0,0,0,1,0,0,0,0,0,0,0,0,1,0,0,0
39.786755,-120.445626,17,85.35,1463.45,1,3209,0,1,1,0,1,0,1,1,0,0,1,0,0,0,1,0,0,0,0,0,0,0,0,1,0,0,0
40.845738,-120.322219,48,106.1,5082.8,1,5898,1,0,0,0,1,0,1,1,0,0,0,0,1,0,1,0,0,0,1,0,1,1,0,1,1,0,0
38.636052,-119.489162,17,45.05,770.6,1,3797,1,1,0,0,1,0,0,0,0,0,0,0,0,0,0,0,0,0,0,0,0,0,0,1,0,1,0
39.117018,-120.212535,34,109.8,3587.25,1,3410,0,0,0,0,1,0,1,1,0,0,1,0,1,0,1,0,0,0,1,0,1,0,0,1,0,0,1
39.061227,-120.179546,42,84.65,3541.35,1,4871,0,1,0,0,1,0,1,1,0,0,0,0,0,0,0,0,0,0,1,0,0,0,0,1,0,1,0
39.178337,-120.162806,11,79.5,868.5,1,3469,1,0,1,0,1,0,0,1,0,0,0,0,0,0,0,0,0,0,1,0,0,0,0,1,0,0,0
38.911577,-120.106169,1,85.8,85.8,1,2850,0,0,0,0,1,0,1,1,0,0,0,0,0,0,0,0,0,0,0,0,1,0,0,0,0,0,1
39.342498,-120.247127,1,79.1,79.1,1,5001,1,1,0,0,1,0,0,1,0,0,0,0,0,0,0,0,0,0,1,0,0,0,0,1,0,1,0
34.076259,-118.310715,3,44.3,134.5,1,4903,0,0,1,0,1,0,0,0,0,0,0,0,0,0,0,0,0,0,0,0,0,0,0,0,0,0,1
34.027337,-118.28515,50,105.95,5341.8,1,5536,1,0,1,0,1,0,1,1,0,0,1,0,0,0,1,0,0,0,1,0,1,0,0,0,1,0,0
34.065875,-118.238728,5,69.75,324.6,1,3965,1,0,0,0,1,0,0,1,0,0,0,0,0,0,0,0,0,0,0,0,0,0,0,1,0,1,0
34.044639,-118.240413,51,94.65,4812.75,1,4747,1,0,1,0,1,0,1,1,0,0,0,0,0,0,0,0,0,0,1,0,1,0,0,1,0,1,0
34.043144,-118.251977,46,96.05,4399.5,1,2712,0,0,0,0,1,0,1,1,0,0,0,0,0,0,0,0,0,0,1,0,1,0,0,0,0,0,0
34.066367,-118.309868,1,50.15,50.15,1,3438,1,1,0,0,1,0,0,0,0,0,0,0,0,0,1,0,0,0,0,0,0,0,0,1,0,0,1
34.017697,-118.200577,41,113.6,4594.95,1,4963,0,0,1,0,1,0,1,1,0,0,1,0,1,0,1,0,1,0,1,0,1,0,0,1,0,0,0
34.046174,-118.446333,29,78.9,2384.15,1,3249,0,0,0,0,1,0,0,1,0,0,0,0,0,0,0,0,0,0,1,0,0,0,0,1,0,1,0
34.002642,-118.287596,26,60.05,1616.15,1,2039,0,0,1,0,1,0,1,0,0,0,0,0,1,0,0,0,1,0,0,0,0,0,0,1,0,1,0
33.954017,-118.402447,1,34.7,34.7,1,4476,0,0,0,0,0,1,0,0,0,0,0,0,0,0,0,0,0,0,1,0,0,0,0,1,0,1,0
33.958149,-118.308441,3,85.3,264.8,1,4934,1,0,0,0,1,0,1,1,0,0,0,0,0,0,0,0,0,0,0,0,1,0,0,1,0,1,0
34.001617,-118.222274,66,102.45,6615.15,1,4688,0,0,1,0,1,0,1,1,0,0,0,0,1,0,1,0,0,0,1,0,1,1,0,1,1,0,0
33.927254,-118.249826,21,104.4,2200.25,1,5570,0,0,1,0,1,0,1,1,0,0,1,0,0,0,1,0,0,0,1,0,1,0,0,1,0,0,0
34.003553,-118.308933,1,99.75,99.75,1,4214,1,0,0,0,1,0,1,1,0,0,0,0,0,0,1,0,0,0,1,0,1,0,0,1,0,1,0
34.002028,-118.430656,4,74.4,299.7,1,3633,1,0,0,0,1,0,0,0,0,0,0,0,0,0,1,0,1,0,1,0,1,0,0,1,0,1,0
33.993991,-118.39704,9,74.25,639.65,1,5393,0,0,0,0,1,0,0,1,0,0,1,0,0,0,0,0,0,0,0,0,0,0,0,1,1,0,0
33.914775,-118.348083,1,59.85,59.85,1,4017,1,0,0,0,1,0,1,0,0,0,0,0,0,0,0,0,0,0,1,0,0,0,0,1,0,1,0
33.86532,-118.396336,1,69.6,69.6,1,3438,0,1,0,0,1,0,0,1,0,0,0,0,0,0,0,0,0,0,0,0,0,0,0,1,0,1,0
33.923573,-118.200669,9,45.4,418.8,1,5028,1,0,0,0,0,1,0,0,0,0,0,0,0,0,0,0,0,0,1,0,1,0,0,1,0,1,0
34.074572,-118.831181,1,19.5,19.5,1,5211,0,0,0,0,1,0,0,0,1,1,0,1,0,1,0,1,0,1,0,1,0,0,0,0,0,0,1
34.079449,-118.548306,1,69.9,69.9,1,3349,1,0,0,0,1,0,0,1,0,0,0,0,0,0,0,0,0,0,0,0,0,0,0,1,0,1,0
33.830453,-118.384565,2,87.15,183.75,1,4149,0,0,0,0,1,0,0,1,0,0,0,0,1,0,0,0,0,0,1,0,0,0,0,1,0,0,0
33.977468,-118.445475,3,84.75,264.85,1,2014,0,0,1,0,1,0,1,1,0,0,0,0,0,0,0,0,0,0,0,0,1,0,0,1,0,0,0
33.936291,-118.332639,14,89.95,1178.4,1,5463,1,0,0,0,1,0,1,1,0,0,0,0,0,0,0,0,1,0,1,0,0,0,0,1,0,1,0
33.845706,-118.012204,41,113.2,4689.5,1,3380,0,1,0,0,1,0,1,1,0,0,1,0,1,0,1,0,0,0,1,0,1,0,0,1,0,1,0
33.874224,-117.993368,13,90.5,1201.15,1,5394,1,1,0,0,1,0,0,1,0,0,0,0,0,0,0,0,0,0,1,0,1,0,0,1,0,1,0
33.850504,-118.039892,2,79.0,143.65,1,5239,1,0,0,0,1,0,0,1,0,0,0,0,0,0,0,0,0,0,1,0,0,0,0,0,0,1,0
33.801869,-117.995068,18,20.15,390.85,1,4931,0,0,0,0,1,0,0,0,1,1,0,1,0,1,0,1,0,1,0,1,0,1,0,0,0,0,0
33.391181,-118.421305,1,71.65,71.65,1,2377,1,0,0,0,1,0,0,1,0,0,0,0,0,0,0,0,0,0,0,0,0,0,0,1,0,1,0
33.887676,-118.127289,4,20.35,77.5,1,5984,0,0,0,0,1,0,0,0,1,1,0,1,0,1,0,1,0,1,0,1,0,0,0,0,0,0,1
33.840524,-118.148403,38,84.25,3264.5,1,2885,0,0,0,0,1,0,0,1,0,0,0,0,1,0,1,0,1,0,0,0,0,0,0,1,1,0,0
33.794209,-118.317354,12,78.1,947.3,1,4741,0,0,0,0,1,0,0,1,0,0,0,0,0,0,0,0,0,0,0,0,1,0,0,0,0,0,0
33.75462,-118.071128,19,89.65,1761.05,1,3046,0,0,1,0,1,0,1,1,0,0,0,0,0,0,1,0,0,0,0,0,1,0,0,0,0,0,1
33.822295,-118.26411,10,98.7,973.25,1,5561,0,0,0,0,1,0,1,1,0,0,1,0,0,0,0,0,0,0,1,0,1,0,0,1,0,1,0
33.823943,-118.111335,1,76.35,76.35,1,5613,0,0,0,0,1,0,0,1,0,0,0,0,0,0,1,0,0,0,0,0,0,0,0,0,0,1,0
33.819814,-118.222416,23,79.15,1676.95,1,5216,0,0,0,0,1,0,1,1,0,0,0,0,1,0,0,0,0,0,0,0,0,0,0,1,0,1,0
33.781086,-118.199049,32,85.0,2642.05,1,4584,1,1,1,0,1,0,1,1,0,0,0,0,0,0,0,0,0,0,0,0,1,0,0,1,0,1,0
34.110444,-118.156957,32,85.3,2661.1,1,2712,1,1,1,0,1,0,1,1,0,0,0,0,0,0,0,0,0,0,0,0,1,0,0,0,0,1,0
34.282704,-118.312929,31,86.55,2697.4,1,4198,0,0,0,0,1,0,1,1,0,0,0,0,0,0,0,0,0,0,1,0,0,0,0,1,1,0,0
34.296574,-118.244839,19,73.85,1424.5,1,2251,1,0,0,0,1,0,0,1,0,0,0,0,1,0,0,0,0,0,0,0,0,0,0,1,1,0,0
34.167926,-118.267539,57,44.85,2572.95,1,5172,1,1,1,0,0,1,0,0,0,0,0,0,0,0,0,0,0,0,1,0,1,0,0,1,0,1,0
34.136306,-118.26036,1,45.1,45.1,1,4499,1,1,0,0,1,0,0,0,0,0,0,0,0,0,0,0,0,0,0,0,0,0,0,0,0,1,0
34.162515,-118.203869,24,96.0,2122.45,1,3068,1,0,0,0,1,0,0,1,0,0,0,0,0,0,0,0,1,0,1,0,1,0,0,1,0,1,0
34.182378,-118.262922,1,20.05,20.05,1,4710,1,0,0,0,1,0,0,0,1,1,0,1,0,1,0,1,0,1,0,1,0,0,0,0,0,0,0
34.129058,-118.759788,65,108.65,6937.95,1,6120,1,0,1,0,1,0,1,1,0,0,1,0,0,0,1,0,1,0,1,0,1,0,1,0,0,0,0
34.370378,-118.504118,10,45.55,402.6,1,4097,1,0,0,0,1,0,0,0,0,0,0,0,0,0,0,0,0,0,0,0,0,0,0,1,0,1,0
34.236683,-118.517588,2,35.1,68.75,1,2643,0,0,1,0,0,1,0,0,0,0,0,0,0,0,0,0,0,0,0,0,1,0,0,1,0,1,0
34.281911,-118.556218,1,46.2,46.2,1,4167,1,0,0,0,1,0,0,0,0,0,0,0,0,0,0,0,0,0,0,0,0,0,0,0,1,0,0
34.255442,-118.421314,1,45.15,45.15,1,5828,0,0,0,0,1,0,0,0,0,0,0,0,0,0,0,0,0,0,0,0,0,0,0,0,0,1,0
34.200175,-118.540958,1,43.3,43.3,1,4972,1,1,0,0,0,1,0,0,0,0,0,0,1,0,1,0,0,0,0,0,1,0,0,1,0,1,0
34.321621,-118.399841,38,57.15,2250.65,1,3110,0,1,0,0,1,0,0,0,0,0,1,0,1,0,0,0,0,0,0,0,0,0,0,1,1,0,0
34.291273,-118.505104,19,73.2,1441.1,1,4718,0,0,1,0,1,0,0,1,0,0,1,0,0,0,0,0,0,0,0,0,0,0,0,1,0,1,0
34.266389,-118.459744,52,85.35,4338.6,1,6402,1,0,0,0,1,0,0,1,0,0,0,0,1,0,0,0,0,0,0,0,1,0,0,1,0,1,0
34.422519,-118.420717,1,45.95,45.95,1,4888,0,0,0,0,1,0,0,0,0,0,0,0,0,0,0,0,0,0,0,0,0,0,0,0,0,0,1
34.130992,-118.894673,3,83.75,247.25,1,4852,0,0,0,0,1,0,0,1,0,0,0,0,1,0,0,0,0,0,1,0,0,0,0,0,0,1,0
34.17847,-118.459472,1,70.05,70.05,1,2699,1,0,0,0,1,0,0,1,0,0,0,0,0,0,0,0,0,0,0,0,0,0,0,1,0,1,0
34.146957,-118.432138,2,86.0,165.45,1,4546,1,0,0,0,1,0,1,1,0,0,0,0,0,0,0,0,0,0,0,0,1,0,0,1,0,1,0
34.177267,-118.31003,35,100.5,3653.35,1,4745,0,1,1,0,1,0,1,1,0,0,1,0,1,0,0,0,1,0,1,0,0,0,0,1,0,0,0
34.1692,-118.372498,16,72.65,1194.3,1,2850,0,0,0,0,1,0,1,1,0,0,0,0,0,0,0,0,0,0,0,0,0,0,0,0,0,1,0
34.207295,-118.400022,1,21.0,21.0,1,3753,0,0,1,0,1,0,0,0,1,1,0,1,0,1,0,1,0,1,0,1,0,0,0,1,0,1,0
34.187599,-118.387125,1,45.1,45.1,1,2740,0,1,0,0,1,0,0,0,0,0,0,0,0,0,0,0,0,0,0,0,0,0,0,0,0,0,1
33.990646,-117.663025,30,50.4,1527.5,1,4795,1,1,1,0,1,0,0,0,0,0,0,0,1,0,0,0,0,0,0,0,0,0,0,1,0,0,0
34.127621,-117.717863,5,78.95,378.4,1,4054,0,1,0,0,1,0,0,1,0,0,0,0,0,0,0,0,0,0,0,0,1,0,0,0,0,1,0
34.074492,-118.01462,56,94.45,5124.6,1,4830,1,0,0,0,1,0,1,1,0,0,0,0,1,0,0,0,1,0,0,0,1,0,0,1,0,1,0
34.050322,-118.147037,44,84.8,3862.55,1,3997,0,0,0,0,1,0,1,1,0,0,0,0,1,0,1,0,0,0,0,0,0,0,0,1,0,0,0
34.035602,-117.591528,1,50.9,50.9,1,5111,1,0,0,0,1,0,0,0,0,0,0,0,0,0,1,0,0,0,0,0,0,0,0,0,0,0,1
34.067932,-117.785168,49,99.8,4872.45,1,6088,1,0,1,0,1,0,1,1,0,0,0,0,0,0,1,0,0,0,1,0,1,0,0,1,0,1,0
34.065108,-118.082791,47,107.35,5118.95,1,3620,1,0,1,0,1,0,1,1,0,0,0,0,0,0,1,0,1,0,1,0,1,0,0,1,0,0,0
34.102119,-117.815532,31,19.55,658.95,1,2687,0,0,1,0,1,0,0,0,1,1,0,1,0,1,0,1,0,1,0,1,0,0,0,1,0,0,1
34.018354,-117.85492,3,79.1,246.5,1,5339,0,0,0,0,1,0,0,1,0,0,1,0,1,0,0,0,0,0,0,0,0,0,0,1,0,1,0
32.636792,-117.054989,8,25.5,215.2,1,5578,1,0,0,0,0,1,0,0,0,0,0,0,0,0,0,0,0,0,0,0,0,0,0,0,0,0,1
32.605012,-116.97595,2,80.75,159.45,1,2176,0,0,0,0,1,0,0,1,0,0,0,0,0,0,0,0,0,0,0,0,1,0,0,0,0,1,0
32.622999,-116.687855,65,91.85,5940.85,1,5530,1,0,1,0,1,0,1,1,0,0,0,0,1,0,0,0,0,0,1,0,0,0,0,1,0,0,0
32.649787,-116.2237,1,75.35,75.35,1,5284,1,0,0,0,1,0,0,1,0,0,0,0,1,0,0,0,0,0,0,0,0,0,0,1,0,1,0
32.695681,-116.798386,1,75.45,75.45,1,5518,1,0,0,0,1,0,1,1,0,0,0,0,0,0,0,0,0,0,0,0,0,0,0,1,0,1,0
33.290907,-117.202895,24,49.55,1210.4,1,5005,1,0,0,0,1,0,0,0,0,0,1,0,0,0,0,0,0,0,0,0,0,0,0,1,0,0,0
33.015866,-117.272254,69,78.6,5356.45,1,6230,1,0,0,0,1,0,1,0,0,0,1,0,1,0,1,0,1,0,0,0,1,1,0,1,1,0,0
32.948262,-117.256086,7,81.1,576.65,1,3238,0,0,1,0,1,0,0,1,0,0,0,0,0,0,0,0,0,0,1,0,0,0,0,1,0,1,0
33.054579,-117.25665,11,74.95,825.7,1,2044,1,0,1,0,1,0,1,1,0,0,0,0,0,0,0,0,0,0,0,0,0,0,0,1,0,1,0
33.21846,-117.116916,1,93.55,93.55,1,5536,1,1,0,0,1,0,1,1,0,0,0,0,0,0,0,0,0,0,1,0,1,0,0,1,0,1,0
32.853743,-117.25034,58,102.1,5885.4,1,4415,0,0,1,0,1,0,1,1,0,0,0,0,0,0,1,0,1,0,1,0,1,0,0,1,1,0,0
33.194742,-117.29032,14,90.9,1259.0,1,5148,0,0,1,0,1,0,1,1,0,0,0,0,1,0,0,0,0,0,0,0,1,0,0,1,0,0,0
33.254497,-117.285879,12,29.2,309.1,1,3747,0,0,1,0,0,1,0,0,0,0,0,0,1,0,0,0,0,0,0,0,0,0,0,0,0,0,1
33.309852,-116.823091,25,89.15,2257.75,1,5853,0,0,1,0,1,0,0,1,0,0,0,0,1,0,1,0,0,0,1,0,0,0,0,1,0,0,0
33.313828,-116.940501,58,108.85,6287.25,1,4739,1,1,1,0,1,0,1,1,0,0,1,0,1,0,1,0,0,0,1,0,1,1,0,1,0,1,0
33.044541,-116.833922,16,84.75,1350.15,1,5136,0,1,0,0,1,0,1,1,0,0,0,0,0,0,0,0,0,0,1,0,0,0,0,1,0,1,0
33.162624,-117.170863,1,45.7,45.7,1,3187,0,0,1,0,1,0,0,0,0,0,0,0,0,0,0,0,0,0,0,0,0,0,0,1,0,1,0
32.847336,-116.997605,1,69.95,69.95,1,3208,0,1,0,0,1,0,0,1,0,0,0,0,0,0,0,0,0,0,0,0,0,0,0,1,0,1,0
33.25283,-116.986079,2,44.6,97.1,1,5482,0,0,1,0,0,1,0,0,0,0,0,0,0,0,0,0,0,0,1,0,1,0,0,0,0,1,0
33.17494,-117.242761,23,74.95,1710.45,1,5897,1,0,0,0,1,0,1,1,0,0,0,0,0,0,0,0,0,0,0,0,0,0,0,1,0,1,0
32.72523,-117.171346,57,95.25,5464.65,1,5789,0,0,0,0,1,0,0,1,0,0,0,0,0,0,1,0,0,0,1,0,1,0,1,1,0,1,0
32.716007,-117.117462,24,89.85,2165.05,1,2050,1,0,0,0,1,0,1,1,0,0,0,0,0,0,1,0,0,0,1,0,0,0,0,1,0,0,1
32.747484,-117.166877,49,100.45,4941.8,1,4235,0,0,1,0,1,0,1,1,0,0,0,0,1,0,0,0,0,0,1,0,1,1,0,0,0,0,1
32.741499,-117.127409,5,47.15,223.15,1,2857,1,0,0,0,1,0,1,0,0,0,0,0,0,0,0,0,0,0,0,0,0,0,0,0,0,1,0
32.741859,-117.090353,2,80.2,181.1,1,2384,1,0,0,0,1,0,0,1,0,0,0,0,0,0,0,0,0,0,0,0,1,0,0,1,0,1,0
32.71346,-117.236378,4,87.1,341.45,1,5587,0,0,0,0,1,0,1,1,0,0,0,0,0,0,1,0,1,0,0,0,0,0,0,1,0,0,1
32.774046,-117.142454,5,75.9,357.75,1,3520,1,0,0,0,1,0,1,1,0,0,0,0,0,0,0,0,0,0,0,0,0,0,0,1,0,0,0
32.76501,-117.19938,47,98.75,4533.7,1,4622,0,0,1,0,1,0,1,1,0,0,1,0,1,0,1,0,0,0,1,0,0,0,0,1,0,1,0
32.762506,-117.07245,10,86.45,830.85,1,5699,0,0,0,0,1,0,1,1,0,0,0,0,0,0,0,0,0,0,0,0,1,0,0,0,0,1,0
32.825086,-117.199424,1,45.3,45.3,1,3049,0,0,0,0,1,0,0,0,0,0,0,0,0,0,0,0,0,0,0,0,0,0,0,1,0,0,1
32.68674,-117.186612,67,104.1,7040.85,1,4857,1,0,1,0,1,0,1,1,0,0,0,0,1,0,1,0,0,0,1,0,1,1,0,0,0,1,0
32.85723,-117.209774,5,81.0,371.65,1,4287,0,1,1,0,1,0,1,1,0,0,0,0,1,0,0,0,0,0,0,0,0,0,0,1,0,1,0
32.961064,-117.134917,67,90.6,6056.15,1,4394,1,0,1,0,1,0,0,1,0,0,1,0,1,0,0,0,0,0,0,0,1,1,0,1,1,0,0
32.677716,-117.047666,15,88.15,1390.6,1,2524,0,0,1,0,1,0,0,1,0,0,0,0,0,0,0,0,0,0,1,0,1,0,0,0,0,1,0
32.578103,-117.012975,1,20.2,20.2,1,4325,1,0,0,0,1,0,0,0,1,1,0,1,0,1,0,1,0,1,0,1,0,0,0,1,0,0,1
33.762759,-116.324817,26,90.8,2361.8,1,2641,0,0,1,0,1,0,0,1,0,0,0,0,0,0,0,0,0,0,1,0,1,0,0,1,0,1,0
33.936298,-116.849577,22,79.35,1730.35,1,4718,1,0,0,0,1,0,1,1,0,0,0,0,1,0,0,0,0,0,0,0,0,0,0,1,0,1,0
33.889605,-115.257009,21,96.8,2030.3,1,4317,1,1,0,0,1,0,0,1,0,0,0,0,0,0,1,0,0,0,1,0,1,0,0,1,0,0,0
32.730583,-115.501083,47,83.35,4065.0,1,2516,1,0,1,0,1,0,1,1,0,0,0,0,1,0,1,0,0,0,0,0,0,0,0,1,0,0,0
32.811001,-115.152865,2,49.4,106.55,1,5115,0,0,0,0,1,0,1,0,0,0,0,0,0,0,0,0,0,0,0,0,0,0,0,1,0,1,0
33.695532,-116.310571,22,79.2,1742.75,1,3410,0,0,1,0,1,0,1,0,0,0,1,0,0,0,0,0,1,0,1,0,1,0,0,1,0,1,0
33.906496,-116.569499,7,48.7,340.25,1,2984,1,0,1,0,1,0,0,0,0,0,0,0,0,0,1,0,0,0,0,0,0,0,0,0,0,1,0
33.763678,-116.429928,1,95.6,95.6,1,4091,0,0,0,0,1,0,0,1,0,0,1,0,0,0,0,0,0,0,1,0,1,0,0,1,0,1,0
32.790282,-115.689559,49,59.75,2934.3,1,6006,0,0,0,0,1,0,1,0,0,0,1,0,1,0,0,0,0,0,0,0,0,0,0,1,1,0,0
34.17211,-115.769773,43,108.15,4600.7,1,2833,0,1,0,0,1,0,0,1,0,0,1,0,1,0,0,0,1,0,1,0,1,0,0,1,1,0,0
33.03679,-115.60503,1,71.35,71.35,1,2619,0,0,0,0,1,0,0,1,0,0,0,0,0,0,0,0,0,0,0,0,0,0,0,0,0,1,0
34.559882,-115.637164,1,20.15,20.15,1,4939,0,0,0,0,1,0,0,0,1,1,0,1,0,1,0,1,0,1,0,1,0,0,0,1,0,0,1
34.1678,-116.86433,1,69.75,69.75,1,2901,1,0,0,0,1,0,0,1,0,0,0,0,0,0,0,0,0,0,0,0,0,0,0,0,0,0,0
34.55082,-117.122396,32,93.2,2931.0,1,5247,0,1,1,0,1,0,1,1,0,0,0,0,0,0,0,0,0,0,1,0,1,0,0,1,0,1,0
34.424926,-117.184503,17,80.85,1400.85,1,5174,1,0,1,0,1,0,0,1,0,0,0,0,0,0,0,0,0,0,1,0,0,0,0,0,0,1,0
35.28952,-116.092214,4,33.65,137.85,1,2563,0,0,0,0,0,1,0,0,0,0,1,0,1,0,0,0,0,0,0,0,0,0,0,1,0,1,0
34.255203,-117.175654,1,79.95,79.95,1,4815,1,0,0,0,1,0,0,1,0,0,0,0,0,0,0,0,0,0,1,0,0,0,0,1,0,1,0
34.030915,-117.273201,1,19.3,19.3,1,3236,0,0,0,0,1,0,0,0,1,1,0,1,0,1,0,1,0,1,0,1,0,0,0,0,0,1,0
34.274846,-116.937581,37,99.2,3754.6,1,3599,0,0,1,0,1,0,1,1,0,0,1,0,0,0,1,0,1,0,0,0,1,1,0,1,0,1,0
34.049671,-117.468896,8,85.2,627.4,1,2887,0,0,1,0,1,0,1,1,0,0,0,0,0,0,0,0,0,0,0,0,1,0,0,1,1,0,0
34.702766,-116.093376,3,75.25,242.0,1,5898,0,0,0,0,1,0,1,1,0,0,0,0,0,0,0,0,0,0,0,0,0,0,0,0,0,1,0
34.103578,-117.04054,1,54.35,54.35,1,4212,1,0,0,0,1,0,1,0,0,0,0,0,0,0,1,0,0,0,0,0,0,0,0,0,0,1,0
34.064073,-117.166158,5,24.95,100.4,1,5865,1,0,1,0,0,1,0,0,0,0,0,0,0,0,0,0,0,0,0,0,0,0,0,1,0,1,0
34.186211,-117.07683,40,42.35,1716.45,1,5422,1,0,1,0,0,1,0,0,0,0,1,0,1,0,1,0,0,0,0,0,0,1,0,1,0,1,0
34.243088,-116.830015,1,75.3,75.3,1,3596,1,0,0,0,1,0,1,1,0,0,0,0,0,0,0,0,0,0,0,0,0,0,0,1,0,1,0
35.824572,-116.274755,51,94.8,4837.6,1,5074,1,0,0,0,1,0,1,1,0,0,1,0,1,0,0,0,0,0,1,0,0,1,0,1,0,1,0
34.358321,-117.618263,1,70.55,70.55,1,2146,0,1,0,0,1,0,0,1,0,0,0,0,0,0,0,0,0,0,0,0,0,0,0,1,0,1,0
34.084909,-117.258107,33,86.15,2745.7,1,3336,0,0,1,0,1,0,1,1,0,0,0,0,0,0,0,0,0,0,0,0,1,0,0,0,1,0,0
33.527605,-116.666551,30,85.0,2624.25,1,3698,0,0,1,0,1,0,1,1,0,0,0,0,0,0,0,0,0,0,0,0,1,0,0,1,0,1,0
33.739415,-116.968339,2,80.55,184.1,1,2856,0,0,0,0,1,0,0,1,0,0,0,0,0,0,0,0,0,0,0,0,1,0,0,0,0,1,0
33.88274,-117.224878,2,75.8,160.75,1,5270,0,0,0,0,1,0,0,1,0,0,0,0,0,0,1,0,0,0,0,0,0,0,0,1,0,1,0
33.907361,-117.109972,29,98.5,3004.15,1,5137,1,1,1,0,1,0,1,1,0,0,0,0,0,0,1,0,0,0,1,0,1,0,0,1,0,1,0
33.581045,-117.14719,13,95.25,1233.65,1,2982,1,1,1,0,1,0,1,1,0,0,0,0,0,0,0,0,0,0,1,0,1,0,0,1,0,1,0
33.82769,-117.102244,7,74.4,527.9,1,4969,1,1,1,0,1,0,1,1,0,0,0,0,0,0,0,0,0,0,0,0,0,0,0,1,0,0,1
33.707483,-117.200006,30,85.15,2555.9,1,4417,0,0,0,0,1,0,0,1,0,0,0,0,0,0,0,0,1,0,1,0,0,0,0,0,0,1,0
33.703976,-117.824172,2,88.55,179.25,1,3685,0,1,0,0,1,0,1,1,0,0,0,0,0,0,1,0,0,0,0,0,1,0,0,1,0,1,0
33.698728,-117.67768,24,54.75,1338.15,1,5699,1,0,1,1,1,0,1,0,0,0,1,0,0,0,0,0,0,0,0,0,0,0,0,0,0,1,0
33.600987,-117.862734,1,91.3,91.3,1,2371,0,1,0,0,1,0,0,1,0,0,0,0,0,0,0,0,0,0,1,0,1,0,0,1,0,1,0
33.477923,-117.705314,1,79.5,79.5,1,4490,1,0,0,0,1,0,0,1,0,0,0,0,0,0,0,0,0,0,1,0,0,0,0,1,0,1,0
33.744439,-117.98588,7,70.1,467.55,1,3669,1,1,1,0,1,0,0,1,0,0,0,0,0,0,0,0,0,0,0,0,0,0,0,1,0,0,1
33.603282,-117.821841,67,111.3,7482.1,1,4146,1,0,1,0,1,0,1,1,0,0,1,0,1,0,1,0,0,0,1,0,1,1,0,1,0,1,0
33.601309,-117.902304,57,95.25,5427.05,1,6259,1,1,1,0,1,0,1,1,0,0,0,0,1,0,1,0,0,0,0,0,1,0,0,1,0,0,0
33.606336,-117.893042,7,86.25,587.1,1,3344,0,0,1,0,1,0,0,1,0,0,0,0,0,0,1,0,0,0,1,0,0,0,0,1,0,1,0
33.62251,-117.927024,1,100.8,100.8,1,3128,0,1,1,0,1,0,1,1,0,0,0,0,0,0,1,0,0,0,1,0,1,0,0,1,0,1,0
33.631119,-117.567346,14,86.3,1180.95,1,3677,0,0,0,0,1,0,0,1,0,0,0,0,1,0,0,0,0,0,0,0,1,0,0,1,0,1,0
33.766004,-117.786763,28,89.95,2625.55,1,2468,0,0,0,0,1,0,1,1,0,0,0,0,1,0,0,0,0,0,0,0,1,0,0,1,0,1,0
33.765893,-117.881533,17,76.45,1233.4,1,3266,1,1,1,0,1,0,0,1,0,0,0,0,1,0,0,0,0,0,0,0,0,0,0,1,0,1,0
33.818,-117.974404,10,70.0,740.0,1,3156,1,0,0,0,1,0,0,1,0,0,0,0,0,0,0,0,0,0,0,0,0,0,0,1,0,1,0
33.764018,-117.931507,34,64.4,2088.75,1,5189,0,0,0,0,1,0,1,0,0,0,1,0,1,0,0,0,1,0,0,0,0,1,0,1,0,0,1
33.782955,-118.026456,1,102.45,102.45,1,4811,0,0,1,0,1,0,1,1,0,0,1,0,0,0,1,0,0,0,1,0,1,0,0,1,0,1,0
33.897253,-117.792202,3,80.1,217.55,1,4330,0,0,0,0,1,0,0,1,0,0,0,0,0,0,1,0,1,0,0,0,0,0,0,0,1,0,0
34.360261,-119.306383,2,80.2,146.05,1,4381,0,0,0,0,1,0,0,1,0,0,0,0,0,0,0,0,0,0,1,0,0,0,0,1,0,1,0
34.279221,-119.221437,6,98.15,567.45,1,3578,0,0,0,0,1,0,0,1,0,0,1,0,1,0,1,0,1,0,0,0,1,0,0,1,0,0,0
34.227846,-119.079903,12,112.95,1384.75,1,3965,1,0,0,0,1,0,1,1,0,0,0,0,1,0,1,0,1,0,1,0,1,0,0,1,0,0,1
34.312945,-118.858169,1,70.9,70.9,1,4739,0,0,0,0,1,0,0,1,0,0,0,0,0,0,0,0,0,0,0,0,0,0,0,0,0,0,1
34.404544,-119.302118,3,86.85,220.95,1,3561,0,1,0,0,1,0,0,1,0,0,0,0,0,0,1,0,0,0,1,0,0,0,0,1,0,1,0
34.18454,-119.224666,23,99.85,2331.3,1,3425,1,0,1,0,1,0,0,1,0,0,1,0,0,0,0,0,1,0,1,0,1,0,0,1,0,1,0
34.432843,-118.730106,1,74.5,74.5,1,5554,1,0,1,0,1,0,1,1,0,0,0,0,0,0,0,0,0,0,0,0,0,0,0,1,0,1,0
34.402343,-119.094824,65,109.15,6941.2,1,6001,1,0,0,0,1,0,1,1,0,0,0,0,1,0,1,0,1,0,1,0,1,0,0,1,0,1,0
34.420998,-119.60137,16,65.2,1043.35,1,4722,0,0,0,0,1,0,1,0,0,0,0,0,0,0,1,0,0,0,0,0,1,0,0,1,1,0,0
34.419203,-119.710008,66,99.5,6822.15,1,4479,1,1,1,0,1,0,1,1,0,0,0,0,0,0,1,0,0,0,1,0,1,0,0,1,1,0,0
34.438581,-119.685368,1,71.55,71.55,1,5739,1,0,0,0,1,0,0,1,0,0,0,0,0,0,0,0,0,0,0,0,0,0,0,1,0,0,1
34.457541,-119.631072,53,93.9,5029.2,1,5543,1,0,1,0,1,0,1,1,0,0,1,0,0,0,1,0,0,0,0,0,1,0,0,0,0,1,0
34.437945,-119.77191,69,108.4,7318.2,1,4708,1,1,1,0,1,0,1,1,0,0,0,0,1,0,1,0,1,0,1,0,1,0,1,1,0,0,0
35.869626,-119.498771,13,48.75,633.4,1,2655,0,0,1,0,0,1,0,0,0,0,0,0,0,0,1,0,0,0,1,0,1,0,0,1,0,0,0
36.315979,-119.710852,4,85.65,321.65,1,3223,0,0,0,0,1,0,1,1,0,0,0,0,0,0,0,0,0,0,1,0,0,0,0,1,0,1,0
35.523991,-118.400432,12,106.7,1253.9,1,2406,1,0,0,0,1,0,1,1,0,0,0,0,1,0,1,0,0,0,1,0,1,0,0,1,0,1,0
35.451402,-119.488413,1,25.15,25.15,1,5386,1,0,0,0,0,1,0,0,0,0,0,0,0,0,0,0,0,0,0,0,0,0,0,1,0,1,0
36.057458,-118.591951,54,110.35,5893.15,1,6189,0,0,1,0,1,0,1,1,0,0,0,0,1,0,1,0,1,0,1,0,1,1,0,0,0,1,0
35.772244,-119.209689,48,103.25,5037.55,1,4736,0,0,1,0,1,0,1,1,0,0,1,0,1,0,0,0,0,0,1,0,1,1,0,1,1,0,0
36.301689,-119.018233,2,47.8,92.45,1,4134,1,0,0,0,1,0,0,0,0,0,1,0,0,0,0,0,0,0,0,0,0,0,0,1,0,1,0
35.38381,-119.730885,29,98.6,2933.2,1,5144,0,0,0,0,1,0,1,1,0,0,0,0,0,0,1,0,0,0,1,0,1,0,0,1,1,0,0
34.737031,-119.460557,15,83.05,1258.3,1,2596,0,1,1,0,1,0,1,1,0,0,0,0,0,0,1,0,1,0,0,0,0,0,0,1,0,1,0
35.184837,-119.402525,17,70.4,1214.05,1,4469,1,0,1,0,1,0,0,1,0,0,0,0,0,0,0,0,0,0,0,0,0,0,0,1,0,0,0
35.939068,-119.043666,56,104.75,5510.65,1,5605,0,1,0,0,1,0,1,1,0,0,0,0,1,0,1,0,0,0,1,0,1,1,0,1,0,0,0
36.047414,-119.344304,21,94.25,1973.75,1,4819,0,1,0,0,1,0,1,1,0,0,0,0,0,0,0,0,0,0,1,0,1,0,0,1,0,1,0
35.279984,-120.824288,1,45.95,45.95,1,4563,0,0,0,1,1,0,0,0,0,0,0,0,0,0,0,0,0,0,0,0,0,0,0,0,0,0,1
35.842889,-121.004862,1,70.15,70.15,1,2825,0,1,0,0,1,0,0,1,0,0,0,0,0,0,0,0,0,0,0,0,0,0,0,1,0,1,0
34.631362,-120.238218,1,85.55,85.55,1,3967,0,0,0,0,1,0,0,1,0,0,0,0,0,0,1,0,0,0,1,0,0,0,0,1,1,0,0
35.369553,-120.763864,35,70.3,2416.55,1,5413,0,0,1,0,1,0,0,1,0,0,0,0,0,0,0,0,0,0,0,0,0,0,0,1,0,1,0
35.050345,-120.489599,32,106.35,3520.75,1,4113,1,1,1,0,1,0,1,1,0,0,0,0,1,0,1,0,0,0,1,0,1,0,0,0,0,0,0
35.536115,-120.739231,33,103.7,3467.0,1,4461,0,0,1,0,1,0,1,1,0,0,1,0,0,0,1,0,0,0,1,0,1,1,0,1,0,0,1
37.653947,-118.231443,1,88.35,88.35,1,4254,1,0,0,0,1,0,0,1,0,0,0,0,0,0,0,0,0,0,1,0,1,0,0,1,0,1,0
36.869584,-118.189241,8,94.2,777.3,1,2939,0,0,1,0,1,0,0,1,0,0,0,0,0,0,1,0,0,0,1,0,1,0,0,1,0,1,0
36.041315,-118.188235,5,96.25,512.45,1,5056,0,0,0,0,1,0,0,1,0,0,0,0,1,0,0,0,0,0,1,0,1,0,0,1,0,1,0
35.363339,-117.637641,2,70.7,141.45,1,4559,0,0,1,0,1,0,0,1,0,0,0,0,0,0,0,0,0,0,0,0,0,0,0,1,0,1,0
34.727529,-118.153098,42,33.55,1445.3,1,2044,0,0,1,0,0,1,0,0,0,0,0,0,1,0,0,0,1,0,0,0,0,1,0,0,0,0,1
37.890145,-119.184087,40,94.55,3640.45,1,5676,0,1,1,0,1,0,1,1,0,0,0,0,0,0,0,0,0,0,1,0,1,0,0,1,1,0,0
34.445239,-117.894868,57,112.95,6465.0,1,4738,0,0,0,0,1,0,1,1,0,0,1,0,1,0,1,0,0,0,1,0,1,0,1,1,0,0,0
34.903052,-118.411251,1,35.9,35.9,1,4747,1,0,0,0,0,1,0,0,0,0,0,0,0,0,0,0,0,0,0,0,1,0,0,0,0,1,0
35.073777,-118.652112,38,99.25,3777.15,1,5274,1,0,0,0,1,0,1,1,0,0,0,0,0,0,1,0,0,0,1,0,1,0,0,1,0,0,0
34.598221,-117.79593,2,24.45,47.5,1,5573,1,1,0,0,0,1,0,0,0,0,0,0,0,0,0,0,0,0,0,0,0,0,0,1,0,0,1
36.488056,-120.407691,8,103.35,847.3,1,2363,0,0,0,0,1,0,1,1,0,0,1,0,0,0,0,0,1,0,1,0,1,0,0,1,0,0,0
36.814539,-119.711868,7,84.8,546.95,1,2015,1,1,0,0,1,0,1,1,0,0,0,0,0,0,0,0,0,0,1,0,0,0,0,1,0,1,0
36.497895,-119.285484,31,99.95,3186.65,1,5362,0,1,0,0,1,0,1,1,0,0,0,0,1,0,0,0,0,0,1,0,1,0,0,1,0,1,0
36.523619,-119.386868,18,90.0,1527.35,1,2708,0,0,0,0,1,0,1,1,0,0,0,0,1,0,0,0,0,0,1,0,0,0,0,1,1,0,0
36.789213,-119.140338,14,104.85,1531.4,1,2292,0,1,0,0,1,0,1,1,0,0,0,0,1,0,1,0,0,0,1,0,1,0,0,1,0,1,0
36.397745,-120.119911,28,106.1,2847.4,1,3770,1,0,1,0,1,0,1,1,0,0,1,0,1,0,0,0,0,0,1,0,1,1,0,0,0,1,0
36.625792,-119.672483,15,74.2,1133.9,1,4553,1,1,0,0,1,0,1,1,0,0,0,0,0,0,0,0,0,0,0,0,0,0,0,1,1,0,0
36.807595,-118.901544,5,89.35,461.7,1,4584,0,0,0,0,1,0,0,1,0,0,0,0,1,0,0,0,1,0,0,0,1,0,0,1,0,1,0
37.244307,-119.470256,1,77.15,77.15,1,2756,0,0,0,0,1,0,1,1,0,0,0,0,0,0,0,0,0,0,0,0,0,0,0,1,0,1,0
37.648647,-119.231447,1,35.25,35.25,1,2548,1,0,0,0,0,1,0,0,0,0,0,0,0,0,0,0,0,0,0,0,1,0,0,1,0,0,0
36.600185,-119.175655,4,48.55,201.0,1,3955,1,0,1,0,0,1,0,0,0,0,0,0,1,0,0,0,0,0,1,0,1,0,0,1,0,1,0
37.007238,-119.505661,53,98.4,5149.5,1,6481,0,0,1,0,1,0,1,1,0,0,0,0,1,0,0,0,0,0,1,0,1,0,0,1,1,0,0
36.959731,-120.653519,59,93.85,5574.75,1,5390,1,1,1,0,1,0,1,1,0,0,0,0,0,0,0,0,0,0,1,0,1,0,0,1,0,0,0
36.635661,-120.288644,46,100.7,4541.2,1,5712,1,1,1,0,1,0,1,1,0,0,1,0,1,0,1,0,0,0,1,0,0,0,0,1,0,1,0
36.456091,-119.486225,14,80.45,1072.0,1,4155,0,0,0,0,1,0,1,1,0,0,0,0,0,0,1,0,0,0,0,0,0,0,0,1,0,1,0
36.739385,-119.753649,31,55.25,1715.65,1,2933,1,0,0,0,1,0,0,0,0,0,0,0,0,0,1,0,1,0,0,0,0,0,0,1,0,1,0
36.654614,-119.903674,13,54.45,706.85,1,5212,1,0,1,0,0,1,0,0,0,0,1,0,0,0,0,0,1,0,1,0,1,0,0,1,0,1,0
36.833002,-119.82947,35,75.35,2636.05,1,2785,1,0,0,0,1,0,1,1,0,0,0,0,0,0,0,0,0,0,0,0,0,0,0,0,1,0,0
36.722898,-121.633648,2,75.7,189.2,1,4676,1,0,0,0,1,0,0,1,0,0,1,0,0,0,0,0,0,0,0,0,0,0,0,1,0,1,0
36.414611,-121.6386,1,74.25,74.25,1,4750,1,0,0,0,1,0,1,1,0,0,0,0,0,0,0,0,0,0,0,0,0,0,0,1,0,0,1
35.930782,-121.189757,25,89.7,2187.55,1,4078,0,1,0,0,1,0,1,1,0,0,0,0,1,0,0,0,0,0,0,0,1,0,0,1,0,1,0
35.989792,-121.055933,16,96.4,1581.2,1,2688,0,1,0,0,1,0,1,1,0,0,0,0,0,0,0,0,0,0,1,0,1,0,0,1,0,1,0
36.689582,-121.758398,1,69.5,69.5,1,3273,1,1,0,0,1,0,0,1,0,0,0,0,0,0,0,0,0,0,0,0,0,0,0,1,0,0,0
36.125529,-120.864443,36,85.25,3132.75,1,3041,1,1,1,0,1,0,1,1,0,0,0,0,0,0,0,0,0,0,0,0,1,0,0,1,1,0,0
37.684694,-122.40712,1,19.4,19.4,1,4152,1,0,0,0,1,0,0,0,1,1,0,1,0,1,0,1,0,1,0,1,0,0,0,0,0,0,1
37.57028,-122.365778,9,83.3,803.3,1,3520,0,0,0,0,1,0,1,1,0,0,0,0,0,0,0,0,0,0,0,0,1,0,0,1,0,1,0
37.691561,-122.445202,8,80.1,679.3,1,5071,0,0,0,0,1,0,0,1,0,0,0,0,0,0,0,0,0,0,1,0,0,0,0,1,0,0,0
37.680844,-122.48131,45,62.7,2791.5,1,2654,1,1,0,0,1,0,0,0,0,0,1,0,0,0,1,0,0,0,0,0,1,1,0,0,1,0,0
37.454924,-122.203168,25,25.3,676.35,1,3779,1,0,0,0,1,0,1,0,1,1,0,1,0,1,0,1,0,1,0,1,0,1,0,0,0,0,0
37.419725,-122.062947,13,98.15,1230.25,1,5525,1,0,0,0,1,0,1,1,0,0,1,0,0,0,0,0,0,0,1,0,1,0,0,0,0,0,1
37.789168,-122.395009,46,93.7,4154.8,1,3378,1,0,0,0,1,0,1,1,0,0,1,0,1,0,0,0,0,0,0,0,1,0,0,1,0,1,0
37.794487,-122.42227,25,105.95,2655.25,1,4283,1,1,0,0,1,0,1,1,0,0,0,0,1,0,1,0,0,0,1,0,1,0,0,0,0,0,1
37.750021,-122.415201,18,82.0,1425.45,1,3306,1,0,0,0,1,0,1,0,0,0,0,0,0,0,1,0,1,0,1,0,1,1,0,1,1,0,0
37.758085,-122.434801,60,95.75,5742.9,1,4129,1,0,1,0,1,0,1,1,0,0,0,0,1,0,1,0,0,0,1,0,0,0,0,1,0,1,0
37.770533,-122.445121,30,94.05,2866.45,1,4095,1,0,1,0,1,0,1,1,0,0,0,0,0,0,0,0,0,0,1,0,1,0,0,1,1,0,0
37.760412,-122.484966,1,54.75,54.75,1,2614,0,0,0,0,1,0,0,0,0,0,0,0,0,0,0,0,0,0,0,0,1,0,0,1,0,0,1
37.800254,-122.436975,39,95.65,3759.05,1,4892,1,1,0,0,1,0,1,1,0,0,0,0,0,0,0,0,0,0,1,0,1,0,0,1,0,0,0
37.797526,-122.464531,1,94.6,94.6,1,4033,0,0,0,0,1,0,1,1,0,0,0,0,0,0,0,0,0,0,1,0,1,0,0,1,0,1,0
37.820894,-122.369725,31,98.9,2911.3,1,4050,0,1,1,0,1,0,0,1,0,0,0,0,0,0,1,0,1,0,1,0,1,0,0,1,0,1,0
37.556634,-122.317723,3,76.05,231.8,1,2930,1,1,0,0,1,0,1,1,0,0,0,0,0,0,0,0,0,0,0,0,0,0,0,1,0,1,0
38.013825,-122.039144,1,69.75,69.75,1,5057,1,1,0,0,1,0,0,1,0,0,0,0,0,0,0,0,0,0,0,0,0,0,0,1,0,1,0
37.971421,-121.971504,7,34.5,279.25,1,3520,1,0,1,1,0,1,0,0,0,0,1,0,0,0,0,0,1,0,0,0,0,0,0,1,0,1,0
37.95338,-122.076886,61,105.55,6281.45,1,5011,1,0,1,0,1,0,1,1,0,0,0,0,1,0,1,0,0,0,1,0,1,0,0,1,0,1,0
38.049292,-122.228415,39,30.1,1131.3,1,3106,0,0,0,1,0,1,0,0,0,0,0,0,0,0,1,0,0,0,0,0,0,0,0,0,1,0,0
37.815459,-121.977203,10,70.3,738.2,1,2162,1,0,1,0,1,0,0,1,0,0,0,0,0,0,0,0,0,0,0,0,0,0,0,1,0,1,0
38.287136,-122.02711,1,80.2,80.2,1,3056,0,0,0,0,1,0,1,1,0,0,0,0,1,0,0,0,0,0,0,0,0,0,0,1,0,0,1
38.265899,-121.939461,67,94.35,6341.45,1,4348,0,0,1,0,1,0,1,1,0,0,1,0,0,0,0,0,1,0,0,0,1,1,0,1,1,0,0
37.505768,-121.962472,6,44.6,260.8,1,4525,1,0,1,1,1,0,0,0,0,0,0,0,0,0,0,0,0,0,0,0,0,0,0,1,0,0,0
37.516791,-121.899117,1,19.6,19.6,1,4205,0,0,0,0,1,0,0,0,1,1,0,1,0,1,0,1,0,1,0,1,0,0,0,1,0,0,1
37.656695,-122.048361,33,110.45,3655.45,1,3401,0,1,0,0,1,0,1,1,0,0,0,0,1,0,1,0,1,0,1,0,1,0,0,1,0,1,0
37.827946,-122.107185,2,70.7,140.7,1,5317,1,0,0,0,1,0,0,1,0,0,0,0,0,0,0,0,0,0,0,0,0,0,0,0,1,0,0
38.232389,-122.324944,7,99.25,665.45,1,2487,1,1,1,0,1,0,1,1,0,0,0,0,0,0,1,0,0,0,1,0,1,0,0,1,0,1,0
37.873916,-122.20522,1,84.8,84.8,1,2627,1,0,1,0,1,0,0,1,0,0,0,0,0,0,0,0,1,0,1,0,0,0,0,1,0,1,0
38.672708,-122.403219,52,105.0,5426.85,1,4630,1,0,0,0,1,0,0,1,0,0,0,0,1,0,1,0,1,0,1,0,1,1,0,1,0,0,0
37.713926,-121.928425,22,54.45,1127.35,1,2445,1,0,0,0,1,0,1,0,0,0,1,0,0,0,0,0,0,0,0,0,0,0,0,1,0,1,0
38.027218,-122.23463,47,85.3,4045.65,1,3631,0,0,1,0,1,0,0,1,0,0,0,0,0,0,1,0,0,0,0,0,1,0,0,1,0,1,0
38.581354,-122.296283,33,83.35,2757.85,1,5456,0,0,0,0,1,0,1,1,0,0,0,0,0,0,0,0,0,0,0,0,1,0,0,1,0,1,0
38.554383,-122.474773,18,33.5,600.0,1,5474,1,0,0,0,0,1,0,0,0,0,0,0,1,0,1,0,0,0,0,0,0,0,0,1,1,0,0
37.587494,-121.862856,24,90.35,2238.5,1,5546,1,0,0,0,1,0,0,1,0,0,0,0,0,0,0,0,0,0,1,0,1,0,0,1,0,1,0
38.161321,-122.271588,1,90.75,90.75,1,5460,1,0,1,0,1,0,0,1,0,0,0,0,0,0,0,0,0,0,1,0,1,0,0,1,0,1,0
38.104705,-122.247387,4,89.6,365.65,1,4689,0,0,0,0,1,0,1,1,0,0,0,0,1,0,0,0,0,0,1,0,0,0,0,0,0,0,1
37.776523,-122.219268,2,49.25,90.35,1,5775,1,0,0,0,0,1,0,0,0,0,0,0,0,0,1,0,0,0,1,0,1,0,0,1,0,1,0
37.83726,-122.287648,1,19.75,19.75,1,2611,1,0,0,1,1,0,0,0,1,1,0,1,0,1,0,1,0,1,0,1,0,0,0,0,0,0,1
37.834341,-122.26437,19,95.15,1789.25,1,5830,0,0,0,0,1,0,1,1,0,0,1,0,1,0,0,0,0,0,0,0,1,0,0,1,0,1,0
37.84551,-122.235181,22,101.35,2317.1,1,4694,1,0,0,0,1,0,1,1,0,0,1,0,0,0,0,0,0,0,1,0,1,0,0,1,0,0,0
37.863843,-122.275684,4,70.05,266.9,1,3600,0,0,0,0,1,0,0,1,0,0,0,0,0,0,0,0,0,0,0,0,0,0,0,1,1,0,0
37.858898,-122.240512,4,74.65,301.4,1,4013,1,0,1,0,1,0,1,1,0,0,0,0,0,0,0,0,0,0,0,0,0,0,0,1,0,1,0
37.897743,-122.263124,4,50.4,206.6,1,4399,1,0,0,0,1,0,1,0,0,0,0,0,0,0,0,0,0,0,0,0,0,0,0,0,0,0,1
37.878554,-122.26609,7,79.65,604.7,1,4513,0,0,0,0,1,0,1,1,0,0,1,0,0,0,0,0,0,0,0,0,0,0,0,1,0,0,1
37.963995,-122.288296,19,79.85,1471.75,1,3715,1,1,0,0,1,0,1,1,0,0,0,0,0,0,1,0,0,0,0,0,0,0,0,1,0,1,0
37.941456,-122.320968,5,78.75,412.1,1,3401,1,0,1,0,1,0,1,1,0,0,0,0,1,0,0,0,0,0,0,0,0,0,0,1,0,1,0
37.972662,-122.491452,8,80.45,583.45,1,3443,1,1,1,0,1,0,0,1,0,0,0,0,0,0,0,0,0,0,1,0,0,0,0,1,1,0,0
38.099323,-122.945723,1,50.1,50.1,1,4778,0,0,0,0,1,0,1,0,0,0,0,0,0,0,0,0,0,0,0,0,0,0,0,1,0,0,1
38.129308,-122.834815,2,76.4,151.8,1,4340,1,0,1,0,1,0,0,1,0,0,0,0,0,0,1,0,0,0,0,0,0,0,0,0,0,1,0
37.901371,-122.572024,3,98.7,293.65,1,3916,1,0,0,0,1,0,0,1,0,0,0,0,0,0,1,0,1,0,1,0,1,0,0,1,0,1,0
38.135897,-122.563683,13,100.8,1308.1,1,3269,0,1,0,0,1,0,1,1,0,0,1,0,0,0,0,0,0,0,1,0,1,0,0,1,0,1,0
38.067204,-122.524004,28,90.1,2598.95,1,5958,0,0,1,0,1,0,0,1,0,0,0,0,0,0,0,0,0,0,1,0,1,1,0,1,0,0,0
37.848641,-122.515692,15,51.55,765.5,1,2087,1,0,0,0,1,0,1,0,0,0,0,0,0,0,0,0,0,0,0,0,0,0,0,0,0,1,0
37.921137,-122.657562,10,79.25,793.55,1,3856,1,1,0,0,1,0,0,1,0,0,0,0,0,0,0,0,0,0,0,0,1,0,0,1,0,1,0
36.878364,-121.629781,5,94.85,462.8,1,5701,1,0,0,0,1,0,1,1,0,0,0,0,0,0,0,0,0,0,1,0,1,0,0,1,0,0,0
37.171727,-122.142961,2,85.7,169.8,1,2187,0,0,0,0,1,0,1,1,0,0,0,0,0,0,0,0,0,0,0,0,1,0,0,1,0,1,0
37.222842,-121.988727,1,44.4,44.4,1,3204,0,0,0,0,1,0,0,0,0,0,0,0,0,0,0,0,0,0,0,0,0,0,0,0,0,0,1
37.233034,-121.947427,5,89.5,477.7,1,2718,1,1,0,0,1,0,0,1,0,0,0,0,0,0,0,0,0,0,1,0,1,0,0,1,0,1,0
36.863303,-121.781632,1,86.05,86.05,1,4843,1,1,1,0,1,0,1,1,0,0,0,0,0,0,0,0,0,0,1,0,0,0,0,1,0,1,0
36.810568,-121.503022,4,44.55,174.3,1,5605,1,0,0,0,0,1,0,0,0,0,0,0,0,0,0,0,0,0,1,0,1,0,0,1,0,1,0
37.393554,-121.965114,31,35.4,1077.5,1,2067,1,0,1,1,0,1,0,0,0,0,1,0,0,0,0,0,1,0,0,0,0,0,0,0,0,0,0
36.993451,-122.098858,1,95.65,95.65,1,3473,0,0,0,0,1,0,1,1,0,0,0,0,0,0,0,0,0,0,1,0,1,0,0,0,0,0,1
37.031404,-121.981865,1,20.95,20.95,1,4285,0,0,0,0,1,0,0,0,1,1,0,1,0,1,0,1,0,1,0,1,0,0,0,0,0,0,1
37.34667,-121.910019,10,34.7,329.8,1,3244,0,1,0,0,0,1,0,0,0,0,0,0,0,0,0,0,0,0,0,0,1,0,0,1,0,1,0
37.186141,-121.843554,15,19.75,297.3,1,2428,0,0,0,0,1,0,0,0,1,1,0,1,0,1,0,1,0,1,0,1,0,0,0,0,0,0,0
37.304681,-121.809955,17,92.55,1515.1,1,5775,1,0,1,0,1,0,1,1,0,0,0,0,0,0,0,0,0,0,1,0,1,0,0,1,0,1,0
37.327069,-121.916819,53,60.05,3229.65,1,5271,1,1,1,0,1,0,1,0,0,0,1,0,0,0,0,0,1,0,0,0,0,1,0,1,0,1,0
37.375156,-121.795867,16,74.3,1178.25,1,2076,1,1,1,0,1,0,0,1,0,0,0,0,1,0,0,0,0,0,0,0,0,0,0,1,1,0,0
37.277592,-121.986477,9,85.35,758.6,1,2752,1,0,0,0,1,0,1,1,0,0,0,0,0,0,0,0,0,0,1,0,0,0,0,1,0,1,0
37.387027,-121.897775,25,74.3,1863.8,1,5175,0,0,0,0,1,0,0,0,0,0,1,0,1,0,1,0,1,0,1,0,0,1,0,0,0,0,1
37.28682,-121.723877,4,98.1,396.3,1,2895,0,0,0,0,1,0,0,1,0,0,0,0,0,0,1,0,1,0,1,0,1,0,0,1,0,0,0
37.959706,-121.287669,50,109.65,5551.15,1,5855,0,0,0,0,1,0,1,1,0,0,1,0,1,0,0,0,1,0,1,0,1,0,1,1,0,1,0
38.002125,-121.324979,9,74.55,622.9,1,3145,0,1,0,0,1,0,1,1,0,0,0,0,0,0,0,0,0,0,0,0,0,0,0,1,0,1,0
38.033219,-121.297433,3,100.95,329.95,1,5351,1,0,0,0,1,0,1,1,0,0,0,0,0,0,1,0,0,0,1,0,1,0,0,1,0,1,0
38.049457,-121.21653,10,94.9,1048.85,1,2832,1,0,0,0,1,0,0,1,0,0,0,0,0,0,1,0,0,0,1,0,1,0,0,1,0,1,0
38.071327,-120.632221,32,104.9,3351.55,1,3966,1,1,1,0,1,0,1,1,0,0,0,0,0,0,1,0,1,0,1,0,1,0,0,1,0,1,0
38.208336,-120.339938,9,24.1,259.8,1,3195,1,0,1,0,0,1,0,0,0,0,0,0,0,0,0,0,0,0,0,0,0,1,0,0,0,0,0
38.184914,-120.364085,66,104.05,6890.0,1,5504,1,0,1,0,1,0,1,1,0,0,0,0,1,0,0,0,1,0,1,0,1,1,0,1,0,1,0
38.123544,-121.159078,3,88.35,262.05,1,5202,1,0,0,0,1,0,0,1,0,0,0,0,0,0,1,0,1,0,1,0,0,0,0,1,0,0,1
38.264262,-120.515133,29,94.65,2649.15,1,5150,1,0,1,0,1,0,0,1,0,0,1,0,0,0,0,0,0,0,1,0,1,0,0,0,1,0,0
38.244806,-120.417301,1,74.4,74.4,1,5429,1,1,1,0,1,0,1,1,0,0,0,0,0,0,0,0,0,0,0,0,0,0,0,1,0,1,0
38.055562,-120.456298,41,79.9,3326.2,1,4734,0,0,1,1,1,0,1,0,0,0,1,0,1,0,1,0,1,0,0,0,1,0,0,0,1,0,0
37.4695,-120.672724,8,69.7,560.85,1,3068,1,1,0,0,1,0,0,1,0,0,0,0,0,0,0,0,0,0,0,0,0,0,0,1,0,1,0
37.394411,-120.127262,12,98.1,1060.2,1,2709,0,1,1,0,1,0,1,1,0,0,0,0,1,0,1,0,0,0,1,0,0,0,0,1,0,1,0
37.422961,-120.765493,1,20.5,20.5,1,3820,0,0,0,0,1,0,0,0,1,1,0,1,0,1,0,1,0,1,0,1,0,0,0,0,0,0,1
37.605926,-120.69955,4,99.6,347.65,1,4708,0,1,1,0,1,0,1,1,0,0,1,0,0,0,0,0,0,0,1,0,1,0,0,1,0,1,0
37.40122,-120.514191,1,81.95,81.95,1,5622,0,0,0,0,1,0,0,1,0,0,0,0,0,0,0,0,0,0,0,0,1,0,0,1,0,1,0
37.671806,-121.007575,7,69.35,451.1,1,4292,1,0,1,0,1,0,0,1,0,0,0,0,0,0,0,0,0,0,0,0,0,0,0,1,0,1,0
37.343846,-121.039391,6,91.1,455.3,1,2266,0,0,0,0,1,0,0,1,0,0,0,0,0,0,0,0,0,0,1,0,1,0,0,1,0,1,0
37.410236,-121.320337,14,86.1,1235.55,1,2177,1,0,1,0,1,0,1,1,0,0,0,0,0,0,0,0,0,0,1,0,0,0,0,1,0,1,0
37.329725,-120.306399,25,94.7,2362.1,1,5641,1,0,0,0,1,0,1,1,0,0,0,0,0,0,0,0,0,0,1,0,1,0,0,1,0,0,0
37.734971,-120.954271,22,85.1,1873.7,1,5248,1,0,1,0,1,0,1,1,0,0,0,0,0,0,0,0,0,0,0,0,1,0,0,1,0,1,0
37.521708,-120.426843,61,99.15,6010.05,1,5612,0,0,1,0,1,0,1,1,0,0,0,0,1,0,0,0,0,0,1,0,1,0,0,1,0,1,0
37.990574,-120.261821,70,102.95,7101.5,1,5005,1,1,1,0,1,0,1,1,0,0,0,0,1,0,1,0,0,0,1,0,1,0,0,1,0,1,0
37.669516,-120.626964,1,45.05,45.05,1,2644,1,0,0,0,1,0,0,0,0,0,0,0,0,0,0,0,0,0,0,0,0,0,0,1,0,0,1
37.546007,-121.28257,1,71.0,71.0,1,5345,0,1,0,0,1,0,0,1,0,0,0,0,0,0,0,0,0,0,0,0,0,0,0,1,0,1,0
37.704267,-119.607001,47,70.55,3309.25,1,4457,0,1,1,0,1,0,0,1,0,0,0,0,0,0,0,0,0,0,0,0,0,0,0,0,0,0,0
38.460517,-122.790335,1,79.7,79.7,1,2066,0,0,0,0,1,0,0,1,0,0,0,0,0,0,0,0,0,0,0,0,1,0,0,1,0,1,0
38.526941,-122.709096,22,59.0,1254.7,1,2195,1,0,0,0,1,0,1,0,0,0,1,0,1,0,0,0,0,0,0,0,0,0,0,0,0,1,0
38.439696,-122.668817,48,60.35,2896.4,1,2681,0,0,0,0,1,0,0,0,0,0,1,0,0,0,1,0,1,0,0,0,0,1,0,1,1,0,0
39.710591,-123.682799,1,69.25,69.25,1,4568,0,1,1,0,1,0,0,1,0,0,0,0,0,0,0,0,0,0,0,0,0,0,0,1,0,1,0
39.07116,-122.598542,25,70.95,1767.35,1,4881,1,0,0,0,1,0,0,1,0,0,0,0,0,0,0,0,0,0,0,0,0,0,0,0,0,0,1
39.239818,-123.565432,20,89.0,1820.45,1,4594,1,0,1,0,1,0,0,1,0,0,0,0,0,0,0,0,0,0,1,0,1,0,0,1,0,0,1
39.83307,-123.178765,18,99.4,1742.95,1,2421,1,0,1,0,1,0,1,1,0,0,1,0,0,0,0,0,0,0,1,0,1,0,0,1,0,1,0
38.348884,-122.51699,1,73.5,73.5,1,4378,0,0,0,0,1,0,0,1,0,0,0,0,0,0,1,0,0,0,0,0,0,0,0,0,0,0,0
38.52576,-123.013347,9,95.5,829.1,1,5007,1,0,0,0,1,0,1,1,0,0,0,0,0,0,0,0,0,0,1,0,1,0,0,1,0,1,0
38.618347,-122.908422,28,92.35,2602.9,1,2990,0,0,1,0,1,0,0,1,0,0,1,0,0,0,0,0,0,0,1,0,1,0,0,1,0,0,1
38.505995,-123.187019,11,74.55,824.75,1,4601,1,0,0,0,1,0,0,1,0,0,0,0,1,0,0,0,0,0,0,0,0,0,0,1,0,1,0
39.094102,-123.500853,12,83.8,1029.75,1,5565,1,1,0,0,1,0,0,1,0,0,0,0,1,0,1,0,1,0,0,0,0,0,0,1,0,0,1
38.911299,-123.609588,53,54.45,2854.55,1,6280,1,1,0,0,0,1,0,0,0,0,0,0,1,0,1,0,0,0,1,0,1,0,0,1,0,1,0
39.724433,-123.767578,41,99.8,4259.3,1,4726,1,1,1,0,1,0,1,1,0,0,0,0,0,0,1,0,0,0,1,0,1,0,0,1,0,1,0
38.696659,-123.436861,20,105.85,2239.65,1,4223,0,0,1,0,1,0,1,1,0,0,0,0,1,0,1,0,0,0,1,0,1,0,0,1,0,0,0
40.796621,-124.15428,7,75.45,480.75,1,2872,0,0,0,0,1,0,1,1,0,0,0,0,0,0,0,0,0,0,0,0,0,0,0,0,0,0,1
40.737431,-124.108897,7,93.85,635.6,1,3506,1,0,0,0,1,0,1,1,0,0,0,0,0,0,0,0,0,0,1,0,1,0,0,1,0,1,0
40.825486,-124.049485,22,100.75,2095.0,1,4152,1,0,0,0,1,0,1,1,0,0,1,0,0,0,0,0,0,0,1,0,1,0,0,1,0,1,0
40.372532,-123.525626,3,31.0,95.05,1,5122,0,0,1,1,0,1,0,0,0,0,0,0,0,0,0,0,1,0,0,0,0,0,0,1,0,0,1
41.701223,-124.003393,51,80.0,4242.35,1,4769,1,0,0,0,1,0,1,1,0,0,0,0,0,0,1,0,0,0,0,0,0,0,0,0,1,0,0
41.867908,-123.794144,5,70.25,331.9,1,3684,1,1,0,0,1,0,0,1,0,0,0,0,0,0,0,0,0,0,0,0,0,0,0,1,0,0,1
40.557314,-124.081662,62,100.15,6283.3,1,4120,0,0,1,0,1,0,0,1,0,0,0,0,1,0,1,0,0,0,1,0,1,0,0,1,0,1,0
41.572813,-124.035011,28,94.5,2659.4,1,5433,1,0,0,0,1,0,1,1,0,0,1,0,1,0,0,0,0,0,0,0,1,0,0,1,1,0,0
41.950683,-124.097094,10,33.9,298.45,1,2529,1,0,0,0,0,1,0,0,0,0,0,0,0,0,0,0,0,0,0,0,1,0,0,1,0,0,1
39.955587,-123.681175,69,89.95,6143.15,1,6363,1,1,1,0,1,0,1,1,0,0,0,0,1,0,0,0,0,0,1,0,0,0,0,1,0,1,0
38.431407,-120.8421,12,84.45,1059.55,1,3330,1,0,0,0,1,0,1,1,0,0,0,0,0,0,0,0,0,0,1,0,0,0,0,1,0,1,0
38.592745,-121.540036,27,79.5,2180.55,1,2518,1,0,0,0,1,0,1,1,0,0,0,0,0,0,0,0,1,0,0,0,0,0,0,1,0,1,0
38.809804,-122.241383,1,89.15,89.15,1,3123,1,0,1,0,1,0,0,1,0,0,0,0,0,0,0,0,0,0,1,0,1,0,0,0,0,0,1
38.626128,-121.328011,14,74.95,1036.75,1,2075,1,1,0,0,1,0,1,1,0,0,0,0,0,0,0,0,0,0,0,0,0,0,0,1,0,1,0
38.69508,-121.271616,32,74.4,2276.95,1,2091,0,1,0,0,1,0,0,1,0,0,0,0,1,0,0,0,0,0,0,0,0,0,0,1,0,1,0
38.63153,-120.842609,3,55.3,196.15,1,3190,0,0,0,0,1,0,0,0,0,0,0,0,0,0,0,0,0,0,0,0,1,0,0,1,0,1,0
38.734997,-121.463719,22,55.15,1206.05,1,5115,0,0,1,1,1,0,0,0,0,0,0,0,1,0,0,0,1,0,0,0,0,0,0,0,0,1,0
38.852544,-120.837669,16,84.95,1378.25,1,3075,0,0,1,0,1,0,1,1,0,0,0,0,0,0,0,0,0,0,1,0,0,0,0,1,0,1,0
38.921333,-120.897718,5,43.25,219.0,1,5824,1,0,0,0,0,1,0,0,0,0,1,0,1,0,1,0,1,0,0,0,0,0,0,1,0,0,1
38.636102,-120.522149,23,48.35,1067.15,1,4580,1,0,1,0,1,0,1,0,0,0,0,0,0,0,0,0,0,0,0,0,0,1,0,1,1,0,0
38.830739,-122.196202,1,79.55,79.55,1,5593,1,0,0,0,1,0,0,1,0,0,0,0,0,0,0,0,0,0,1,0,0,0,0,1,0,1,0
38.313447,-121.123886,50,71.05,3444.85,1,5746,0,1,1,0,1,0,0,1,0,0,0,0,0,0,0,0,0,0,0,0,0,0,0,1,0,1,0
38.154823,-121.601358,1,84.5,84.5,1,4340,1,0,0,0,1,0,1,1,0,0,0,0,0,0,0,0,0,0,1,0,0,0,0,0,0,1,0
38.815515,-120.916997,71,108.6,7690.9,1,4982,1,0,1,0,1,0,1,1,0,0,0,0,1,0,1,0,1,0,1,0,1,0,1,1,1,0,0
38.549822,-121.266725,46,30.3,1380.1,1,2243,1,0,0,0,0,1,0,0,0,0,0,0,1,0,0,0,0,0,0,0,0,0,0,0,0,0,0
38.883224,-121.15918,2,30.4,78.65,1,4002,0,1,0,0,0,1,0,0,0,0,0,0,0,0,1,0,0,0,0,0,0,0,0,1,0,1,0
38.788898,-121.608624,1,45.4,45.4,1,2168,0,0,0,0,1,0,0,0,0,0,0,0,0,0,0,0,0,0,0,0,0,0,0,1,0,0,1
38.689174,-121.218435,32,84.15,2585.95,1,4017,0,0,1,0,1,0,0,1,0,0,0,0,1,0,0,0,0,0,0,0,1,0,0,0,0,0,0
38.803731,-121.043799,3,19.75,58.85,1,2647,0,0,0,0,1,0,0,0,1,1,0,1,0,1,0,1,0,1,0,1,0,0,0,0,0,1,0
38.400264,-120.641274,5,85.4,425.9,1,3716,0,0,0,0,1,0,0,1,0,0,0,0,0,0,0,0,1,0,0,0,1,0,0,1,1,0,0
38.602723,-121.279913,49,75.2,3678.3,1,5283,1,0,0,0,1,0,1,1,0,0,0,0,0,0,0,0,0,0,0,0,0,0,0,0,1,0,0
38.954144,-121.482536,17,55.85,937.5,1,5472,0,0,0,0,1,0,1,0,0,0,0,0,0,0,1,0,0,0,0,0,0,1,0,1,0,0,1
38.759751,-121.288545,23,106.4,2483.5,1,5507,1,1,0,0,1,0,1,1,0,0,0,0,1,0,1,0,0,0,1,0,1,0,0,1,0,1,0
38.157794,-121.520223,6,84.4,556.35,1,4539,1,0,0,0,1,0,0,1,0,0,0,0,1,0,0,0,0,0,0,0,1,0,0,1,0,1,0
38.71967,-121.862416,6,56.25,389.1,1,4110,0,0,0,0,1,0,0,0,0,0,1,0,1,0,0,0,0,0,0,0,0,0,0,0,0,1,0
38.983388,-120.988814,2,85.55,187.45,1,5512,0,1,0,0,1,0,1,1,0,0,0,0,0,0,0,0,0,0,1,0,0,0,0,1,0,1,0
38.748316,-120.675512,4,68.65,261.25,1,5274,0,0,0,0,1,0,0,0,0,0,0,0,1,0,0,0,0,0,1,0,1,0,0,1,0,0,0
39.197215,-120.83679,4,77.85,299.2,1,2140,1,0,0,0,1,0,0,1,0,0,0,0,0,0,0,0,0,0,1,0,0,0,0,0,0,1,0
38.851842,-120.076204,3,105.35,323.25,1,3662,1,0,0,0,1,0,1,1,0,0,0,0,1,0,1,0,0,0,1,0,1,0,0,1,0,0,0
38.733908,-120.453416,8,87.05,762.1,1,2545,0,0,0,0,1,0,1,1,0,0,0,0,0,0,0,0,0,0,1,0,0,0,0,1,0,1,0
39.00978,-120.978273,1,53.5,53.5,1,5094,1,0,0,0,1,0,0,0,0,0,0,0,0,0,0,0,0,0,1,0,0,0,0,1,0,0,1
38.749466,-121.184196,1,25.1,25.1,1,4769,0,0,0,0,0,1,0,0,0,0,0,0,0,0,0,0,0,0,0,0,0,0,0,1,0,0,1
38.584505,-121.491956,30,79.65,2365.15,1,2174,1,1,1,0,1,0,0,1,0,0,0,0,1,0,1,0,0,0,0,0,0,0,0,1,0,0,1
38.556306,-121.495817,5,54.2,308.25,1,5476,0,0,0,0,1,0,0,0,0,0,1,0,0,0,0,0,1,0,0,0,0,0,0,0,0,1,0
38.567594,-121.437507,1,19.45,19.45,1,3848,0,1,0,0,1,0,0,0,1,1,0,1,0,1,0,1,0,1,0,1,0,0,0,1,0,1,0
38.549185,-121.328386,72,103.4,7372.65,1,5055,1,0,1,0,1,0,1,1,0,0,0,0,1,0,1,0,0,0,1,0,1,0,1,1,0,1,0
38.494832,-121.529447,13,84.45,1058.6,1,5801,0,0,0,0,1,0,1,1,0,0,0,0,1,0,1,0,0,0,0,0,0,0,0,1,0,1,0
38.685069,-121.543709,32,85.95,2628.6,1,2431,0,1,1,0,1,0,1,1,0,0,0,0,0,0,0,0,0,0,1,0,0,0,0,1,1,0,0
38.646096,-121.442433,16,59.4,1023.9,1,5556,0,1,0,0,1,0,0,0,0,0,0,0,0,0,0,0,1,0,1,0,0,0,0,0,0,1,0
39.125311,-121.392283,29,30.6,856.35,1,3615,0,0,0,0,0,1,0,0,0,0,0,0,1,0,0,0,0,0,0,0,0,0,0,1,0,1,0
39.449794,-121.936372,38,99.55,3734.25,1,3474,0,1,0,0,1,0,1,1,0,0,0,0,0,0,0,0,1,0,1,0,1,0,0,1,0,1,0
39.432127,-121.099287,17,70.0,1144.5,1,4390,0,0,0,0,1,0,0,1,0,0,0,0,0,0,0,0,0,0,0,0,0,0,0,1,0,1,0
39.461768,-121.195825,1,45.3,45.3,1,2293,0,0,0,0,1,0,0,0,0,0,0,0,0,0,0,0,0,0,0,0,0,0,0,1,0,1,0
39.745712,-121.84333,2,29.85,75.6,1,4268,1,0,0,0,0,1,0,0,0,0,0,0,0,0,0,0,1,0,0,0,0,0,0,0,0,0,0
39.562239,-121.14836,2,95.1,180.25,1,4486,1,1,0,0,1,0,0,1,0,0,0,0,1,0,1,0,1,0,0,0,1,0,0,1,1,0,0
39.273096,-122.050763,1,19.8,19.8,1,5600,1,0,0,0,1,0,0,0,1,1,0,1,0,1,0,1,0,1,0,1,0,0,0,0,0,0,1
39.578792,-120.780786,4,76.65,333.6,1,4580,0,0,0,0,1,0,0,1,0,0,0,0,1,0,0,0,0,0,0,0,0,0,0,1,0,0,0
38.931425,-121.946081,5,99.15,465.05,1,2283,0,0,1,0,1,0,0,1,0,0,0,0,1,0,0,0,1,0,1,0,1,0,0,1,0,0,1
39.099204,-121.137962,9,44.95,431.0,1,5023,1,0,0,0,1,0,0,0,0,0,0,0,0,0,0,0,0,0,0,0,0,0,0,0,0,0,1
39.033058,-121.895718,18,49.55,878.35,1,2815,1,0,1,0,1,0,0,0,0,0,0,0,0,0,1,0,0,0,0,0,0,0,0,1,0,0,1
39.435756,-121.552071,25,95.9,2448.75,1,2241,1,0,0,0,1,0,0,1,0,0,0,0,1,0,0,0,0,0,1,0,1,0,0,1,0,1,0
39.971228,-121.041166,17,81.5,1329.2,1,3443,1,1,1,0,1,0,0,1,0,0,0,0,0,0,0,0,0,0,0,0,1,0,0,0,0,0,0
39.225634,-121.156163,52,84.1,4348.65,1,6216,1,0,1,0,1,0,0,1,0,0,1,0,0,0,0,0,0,0,1,0,0,0,0,0,0,1,0
39.172777,-121.805845,3,36.45,93.7,1,3766,1,1,1,0,0,1,0,0,0,0,0,0,0,0,0,0,0,0,1,0,0,0,0,1,0,0,1
40.022184,-121.062384,1,25.05,25.05,1,4842,0,1,0,0,0,1,0,0,0,0,0,0,0,0,0,0,0,0,0,0,0,0,0,0,0,0,1
39.493991,-122.286363,8,49.85,365.55,1,2269,0,0,0,0,1,0,0,0,0,0,1,0,0,0,0,0,0,0,0,0,0,0,0,1,0,1,0
41.171578,-120.913161,43,55.55,2342.2,1,2573,0,1,1,0,0,1,0,0,0,0,0,0,1,0,1,0,0,0,1,0,1,0,0,0,1,0,0
41.083464,-121.107929,22,69.5,1498.2,1,5922,0,0,1,0,1,0,0,0,0,0,0,0,1,0,0,0,0,0,1,0,1,1,0,1,0,0,0
40.946785,-121.719489,54,104.3,5278.15,1,4019,1,0,1,0,1,0,1,1,0,0,0,0,1,0,1,0,0,0,1,0,1,0,0,1,0,1,0
41.949216,-122.050062,1,93.85,93.85,1,3014,0,0,0,0,1,0,1,1,0,0,0,0,0,0,0,0,0,0,1,0,1,0,0,1,0,1,0
41.5837,-122.935922,1,50.45,50.45,1,2426,0,0,1,1,1,0,0,0,0,0,0,0,0,0,1,0,0,0,0,0,0,0,0,0,0,0,1
40.547857,-123.187265,7,74.65,521.1,1,4612,0,0,0,0,1,0,1,0,0,0,0,0,0,0,0,0,1,0,1,0,1,0,0,1,0,1,0
41.816595,-122.948287,12,94.2,1046.1,1,3975,0,0,0,0,1,0,1,1,0,0,0,0,0,0,0,0,0,0,1,0,1,0,0,1,0,1,0
40.408796,-121.579609,54,106.55,5763.3,1,4893,0,0,1,0,1,0,1,1,0,0,1,0,1,0,0,0,0,0,1,0,1,1,0,0,0,0,0
41.759864,-122.379175,1,20.1,20.1,1,5747,1,0,0,0,1,0,0,0,1,1,0,1,0,1,0,1,0,1,0,1,0,0,0,0,0,0,1
40.689243,-122.037023,23,83.8,1900.25,1,5737,0,0,1,0,1,0,0,1,0,0,0,0,1,0,1,0,1,0,0,0,0,0,0,0,0,1,0
40.656287,-121.428965,3,55.15,159.15,1,5698,1,0,0,0,1,0,0,0,0,0,0,0,0,0,0,0,0,0,1,0,0,0,0,0,0,0,1
39.884395,-122.587513,10,86.65,856.65,1,4990,1,1,1,0,1,0,1,1,0,0,0,0,0,0,0,0,0,0,0,0,1,0,0,1,0,1,0
40.186772,-122.388361,37,106.75,4056.75,1,5849,0,1,0,0,1,0,1,1,0,0,1,0,1,0,0,0,0,0,1,0,1,0,0,1,0,0,0
40.759401,-122.939337,31,78.45,2435.15,1,3091,1,0,0,0,1,0,0,1,0,0,0,0,1,0,0,0,1,0,0,0,0,0,0,1,0,1,0
40.637105,-121.906949,34,87.45,2874.15,1,3358,0,0,1,0,1,0,1,1,0,0,0,0,0,0,1,0,0,0,1,0,0,0,0,0,0,1,0
39.783747,-120.661032,29,70.75,1974.8,1,2663,1,0,1,0,1,0,0,1,0,0,0,0,0,0,0,0,0,0,0,0,0,0,0,1,0,1,0
40.012675,-120.101857,12,101.35,1218.55,1,3967,1,1,1,0,1,0,1,1,0,0,0,0,1,0,0,0,0,0,1,0,1,0,0,1,0,1,0
41.280341,-120.150381,1,81.7,81.7,1,5574,1,0,0,0,1,0,1,1,0,0,1,0,0,0,0,0,0,0,0,0,0,0,0,1,0,1,0
41.932207,-120.135941,33,68.25,2171.15,1,5647,1,0,0,0,1,0,0,1,0,0,0,0,0,0,0,0,0,0,0,0,0,0,0,0,0,1,0
41.729079,-120.225025,4,79.15,317.25,1,5762,0,0,0,0,1,0,0,1,0,0,0,0,0,0,0,0,0,0,0,0,1,0,0,1,0,1,0
39.600599,-120.636358,35,95.45,3474.05,1,2080,1,1,0,0,1,0,1,1,0,0,0,0,0,0,0,0,0,0,1,0,1,0,0,1,0,1,0
39.559709,-120.345639,19,100.95,1875.55,1,4072,1,0,1,0,1,0,1,1,0,0,0,0,0,0,0,0,1,0,1,0,1,1,0,1,0,1,0
40.271535,-121.018087,1,69.1,69.1,1,4779,0,0,1,0,1,0,0,1,0,0,0,0,0,0,0,0,0,0,0,0,0,0,0,1,0,0,1
39.24124,-120.054765,1,69.6,69.6,1,2151,0,1,0,0,1,0,0,1,0,0,0,0,0,0,0,0,0,0,0,0,0,0,0,1,0,1,0
38.911577,-120.106169,31,103.45,3066.45,1,5387,1,0,0,0,1,0,1,1,0,0,0,0,1,0,1,0,0,0,1,0,1,1,0,1,0,1,0
39.342498,-120.247127,4,77.95,305.55,1,5365,0,0,0,0,1,0,1,1,0,0,0,0,1,0,0,0,0,0,0,0,0,0,0,0,0,0,0
34.027337,-118.28515,1,78.45,78.45,1,2139,0,1,0,0,1,0,0,1,0,0,0,0,0,0,0,0,0,0,1,0,0,0,0,0,0,1,0
34.028331,-118.354338,10,29.5,255.25,1,3797,1,0,0,0,0,1,0,0,0,0,0,0,0,0,1,0,0,0,0,0,0,0,0,0,0,0,1
34.052842,-118.264495,2,70.75,146.9,1,3257,0,0,0,0,1,0,0,0,0,0,1,0,0,0,0,0,0,0,1,0,1,0,0,1,0,1,0
34.066367,-118.309868,9,84.45,762.5,1,3543,0,1,0,0,1,0,1,1,0,0,0,0,0,0,0,0,0,0,0,0,1,0,0,1,0,1,0
34.017697,-118.200577,4,85.65,338.9,1,2330,1,0,0,0,1,0,1,1,0,0,0,0,0,0,0,0,0,0,0,0,1,0,0,1,0,1,0
34.066303,-118.435479,38,70.15,2497.35,1,2645,1,1,0,0,1,0,0,0,0,0,0,0,1,0,1,0,1,0,1,0,0,1,0,1,1,0,0
34.099869,-118.326843,51,97.8,4913.3,1,6204,1,1,0,0,1,0,1,1,0,0,0,0,0,0,1,0,0,0,1,0,1,0,0,1,0,1,0
34.085807,-118.206617,1,46.3,46.3,1,3017,1,0,0,0,1,0,0,0,0,0,0,0,0,0,0,0,0,0,0,0,0,0,0,0,0,0,1
34.050198,-118.210946,41,106.3,4443.45,1,5383,0,0,0,0,1,0,1,1,0,0,0,0,1,0,1,0,0,0,1,0,1,0,0,1,0,1,0
34.002642,-118.287596,12,89.4,1095.65,1,5047,0,0,0,0,1,0,0,1,0,0,0,0,0,0,1,0,1,0,0,0,1,0,0,1,0,1,0
34.110845,-118.259595,5,83.15,446.05,1,2516,0,1,0,0,1,0,1,1,0,0,0,0,0,0,0,0,0,0,1,0,0,0,0,1,1,0,0
33.988543,-118.334081,10,74.15,811.8,1,4231,1,0,0,0,1,0,1,1,0,0,0,0,0,0,0,0,0,0,0,0,0,0,0,1,0,0,1
34.072945,-118.37267,11,99.5,1056.95,1,5286,0,0,1,0,1,0,1,1,0,0,0,0,0,0,1,0,0,0,1,0,1,0,0,1,0,1,0
34.091829,-118.491244,1,44.15,44.15,1,4773,1,0,0,0,1,0,0,0,0,0,0,0,0,0,0,0,0,0,0,0,0,0,0,1,0,0,1
33.987945,-118.370442,16,53.9,834.15,1,5091,0,0,0,0,1,0,0,0,0,0,0,0,1,0,0,0,1,0,0,0,0,0,0,1,0,0,1
34.061918,-118.277939,1,85.45,85.45,1,2318,0,0,0,0,1,0,1,1,0,0,0,0,0,0,0,0,0,0,0,0,1,0,0,1,0,0,1
34.003553,-118.308933,4,50.85,239.55,1,5386,0,0,1,1,1,0,1,0,0,0,0,0,0,0,0,0,0,0,0,0,0,0,0,0,0,0,1
34.044271,-118.185237,1,59.2,59.2,1,5020,0,0,0,1,1,0,0,0,0,0,0,0,0,0,1,0,0,0,0,0,1,0,0,0,0,1,0
34.002028,-118.430656,13,83.2,1060.6,1,4028,1,0,0,0,1,0,0,1,0,0,0,0,0,0,1,0,0,0,1,0,0,0,0,1,0,1,0
34.137411,-118.328915,1,54.9,54.9,1,2833,0,0,0,0,1,0,0,0,0,0,1,0,1,0,0,0,0,0,0,0,0,0,0,1,0,1,0
34.052917,-118.255178,21,103.9,2254.2,1,3769,0,0,1,0,1,0,1,1,0,0,1,0,0,0,1,0,0,0,1,0,1,0,0,1,0,1,0
33.885811,-118.206459,11,19.25,180.3,1,5638,0,0,1,1,1,0,0,0,1,1,0,1,0,1,0,1,0,1,0,1,0,0,0,1,0,0,1
33.993991,-118.39704,2,75.45,158.4,1,3350,0,1,0,0,1,0,1,1,0,0,0,0,0,0,0,0,0,0,0,0,0,0,0,1,0,0,1
34.019323,-118.391902,2,54.85,104.2,1,3016,0,1,0,0,1,0,0,0,0,0,1,0,1,0,0,0,0,0,0,0,0,0,0,0,0,0,1
33.876482,-118.284077,1,95.1,95.1,1,5795,1,1,1,0,1,0,1,1,0,0,0,0,0,0,0,0,0,0,1,0,1,0,0,1,0,1,0
33.86532,-118.396336,6,75.5,438.0,1,5838,1,0,1,0,1,0,1,1,0,0,0,0,0,0,0,0,0,0,0,0,0,0,0,1,0,1,0
33.97803,-118.217141,4,73.75,325.45,1,5026,0,0,1,0,1,0,0,1,0,0,0,0,0,0,1,0,0,0,0,0,0,0,0,1,0,1,0
33.88856,-118.351813,12,96.05,1148.1,1,2577,1,0,0,0,1,0,1,1,0,0,0,0,0,0,0,0,0,0,1,0,1,0,0,1,0,1,0
33.975332,-118.355252,4,88.95,355.2,1,5948,0,0,0,0,1,0,1,1,0,0,0,0,1,0,0,0,0,0,0,0,1,0,0,1,0,1,0
34.031529,-118.491156,4,50.7,151.3,1,4930,0,0,0,0,1,0,0,0,0,0,0,0,1,0,0,0,0,0,0,0,0,0,0,0,1,0,0
34.005439,-118.477507,3,53.4,188.7,1,2755,1,0,0,0,1,0,0,0,0,0,0,0,0,0,0,0,0,0,1,0,0,0,0,0,1,0,0
33.833699,-118.314387,53,101.9,5549.4,1,5884,1,1,1,0,1,0,1,1,0,0,0,0,1,0,0,0,0,0,1,0,1,0,0,1,0,1,0
33.807882,-118.347957,68,83.0,5685.8,1,4714,0,0,1,0,1,0,1,1,0,0,0,0,0,0,0,0,0,0,1,0,0,1,0,1,0,1,0
33.874224,-117.993368,1,50.6,50.6,1,3677,1,0,0,1,1,0,0,0,0,0,1,0,0,0,0,0,0,0,0,0,0,0,0,0,0,0,1
33.850504,-118.039892,10,89.5,863.1,1,4206,1,0,0,0,1,0,0,1,0,0,0,0,0,0,0,0,0,0,1,0,1,0,0,1,0,1,0
33.940619,-117.9513,1,69.8,69.8,1,4154,1,0,0,0,1,0,0,1,0,0,0,0,0,0,0,0,0,0,0,0,0,0,0,1,0,1,0
34.015217,-118.109962,51,93.8,4750.95,1,4788,1,1,1,0,1,0,1,1,0,0,1,0,0,0,1,0,0,0,1,0,0,0,0,1,0,0,0
33.933565,-118.062611,24,101.05,2391.8,1,4766,1,0,1,0,1,0,1,1,0,0,0,0,0,0,1,0,0,0,1,0,1,0,0,1,0,1,0
33.840524,-118.148403,18,94.7,1687.95,1,2206,1,0,1,0,1,0,1,1,0,0,0,0,0,0,0,0,0,0,1,0,1,0,0,1,0,1,0
33.847755,-118.112532,72,104.15,7689.95,1,5925,1,1,1,0,1,0,1,1,0,0,0,0,1,0,1,0,0,0,1,0,1,0,1,1,0,0,0
33.719221,-118.073596,4,61.45,229.55,1,2131,1,0,1,1,1,0,0,0,0,0,0,0,0,0,0,0,1,0,0,0,1,0,0,0,1,0,0
33.783047,-118.1486,1,90.55,90.55,1,3898,1,0,0,0,1,0,0,1,0,0,0,0,0,0,0,0,0,0,1,0,1,0,0,1,0,1,0
33.830099,-118.182239,26,88.8,2274.35,1,4910,0,0,0,0,1,0,0,1,0,0,0,0,0,0,0,0,0,0,1,0,1,0,0,1,0,0,0
33.771612,-118.143866,7,85.2,602.55,1,3905,1,0,0,0,1,0,1,1,0,0,0,0,0,0,0,0,0,0,0,0,1,0,0,1,0,0,1
34.128284,-118.047732,5,91.4,449.75,1,2834,1,1,0,0,1,0,0,1,0,0,0,0,0,0,0,0,0,0,1,0,1,0,0,1,0,1,0
34.110444,-118.156957,42,106.15,4512.7,1,2265,1,0,1,0,1,0,1,1,0,0,0,0,0,0,1,0,1,0,1,0,1,0,0,1,0,0,0
34.13946,-118.166649,4,45.3,196.95,1,3443,0,0,0,0,1,0,0,0,0,0,0,0,0,0,0,0,0,0,0,0,0,0,0,1,0,0,1
34.153338,-118.262974,2,73.25,131.05,1,2919,1,0,0,0,1,0,1,1,0,0,0,0,0,0,0,0,0,0,0,0,0,0,0,1,1,0,0
34.195386,-118.238508,8,51.05,415.05,1,3758,1,0,1,1,1,0,0,0,0,0,0,0,0,0,1,0,0,0,0,0,0,0,0,1,0,1,0
34.19829,-118.602203,9,85.35,754.65,1,2445,0,0,1,0,1,0,1,1,0,0,0,0,0,0,0,0,0,0,1,0,0,0,0,1,0,0,0
34.224377,-118.632656,1,75.35,75.35,1,4403,1,1,0,0,1,0,1,1,0,0,0,0,0,0,0,0,0,0,0,0,0,0,0,1,0,1,0
34.294142,-118.603883,43,75.2,3198.6,1,4673,1,0,0,0,1,0,0,1,0,0,1,0,0,0,0,0,0,0,0,0,0,0,0,1,0,1,0
34.150354,-118.518292,1,20.9,20.9,1,5527,0,0,0,0,1,0,0,0,1,1,0,1,0,1,0,1,0,1,0,1,0,0,0,0,0,0,1
34.43987,-118.644609,3,43.3,123.65,1,4849,1,0,0,0,1,0,0,0,0,0,0,0,0,0,0,0,0,0,0,0,0,0,0,1,0,1,0
34.157137,-118.548511,70,109.5,7534.65,1,6136,1,0,1,0,1,0,0,1,0,0,1,0,1,0,1,0,1,0,1,0,1,1,0,1,0,0,0
34.364153,-118.615583,11,84.8,906.85,1,5118,0,1,0,0,1,0,1,1,0,0,0,0,0,0,0,0,0,0,0,0,1,0,0,1,1,0,0
34.506627,-118.699048,50,95.05,4888.7,1,5863,0,1,1,0,1,0,1,1,0,0,0,0,1,0,1,0,0,0,1,0,0,0,0,1,0,1,0
34.178483,-118.431791,5,50.35,237.25,1,4618,1,1,0,0,1,0,0,0,0,0,0,0,0,0,1,0,0,0,0,0,0,0,0,0,0,1,0
34.223768,-118.445461,1,74.6,74.6,1,5861,1,0,1,0,1,0,1,1,0,0,0,0,0,0,0,0,0,0,0,0,0,0,0,1,0,0,0
34.147149,-118.463365,16,19.7,342.4,1,3438,1,0,0,0,1,0,0,0,1,1,0,1,0,1,0,1,0,1,0,1,0,0,0,1,0,0,1
34.146957,-118.432138,15,59.45,892.65,1,5129,0,0,0,0,1,0,0,0,0,0,0,0,0,0,1,0,0,0,0,0,1,0,0,1,0,1,0
34.188339,-118.300942,46,105.2,4822.85,1,3322,0,0,0,0,1,0,0,1,0,0,1,0,1,0,0,0,1,0,1,0,1,1,0,1,0,0,0
34.1692,-118.372498,8,45.15,438.4,1,3721,1,0,0,0,1,0,0,0,0,0,0,0,0,0,0,0,0,0,0,0,0,0,0,1,0,0,1
34.165783,-118.399795,31,93.8,3019.5,1,4115,1,0,1,0,1,0,1,1,0,0,0,0,1,0,1,0,0,0,1,0,0,0,0,0,0,1,0
34.127621,-117.717863,32,96.2,3183.4,1,3606,1,0,0,0,1,0,0,1,0,0,0,0,0,0,0,0,1,0,1,0,1,0,0,1,0,1,0
34.097345,-117.906736,1,79.6,79.6,1,3108,0,0,0,0,1,0,0,1,0,0,0,0,0,0,0,0,0,0,0,0,1,0,0,1,0,1,0
34.079934,-118.046695,20,85.25,1734.5,1,2414,1,0,0,0,1,0,1,1,0,0,0,0,0,0,0,0,0,0,1,0,0,0,0,1,0,1,0
34.14649,-117.849815,26,80.5,2088.8,1,2729,1,0,0,0,1,0,1,1,0,0,0,0,0,0,0,0,1,0,0,0,0,0,0,1,0,1,0
34.031441,-117.936436,5,89.8,502.6,1,2960,1,1,0,0,1,0,1,1,0,0,0,0,1,0,0,0,0,0,0,0,1,0,0,1,0,1,0
33.976753,-117.897367,1,50.75,50.75,1,5355,1,0,0,0,1,0,0,0,0,0,0,0,1,0,0,0,0,0,0,0,0,0,0,1,0,1,0
33.999992,-117.535395,14,89.65,1208.35,1,2504,0,0,1,0,1,0,0,1,0,0,0,0,1,0,0,0,1,0,0,0,1,0,0,1,1,0,0
34.083086,-117.737997,36,65.4,2498.4,1,5220,1,0,0,0,1,0,0,0,0,0,0,0,1,0,0,0,1,0,0,0,1,1,0,1,0,0,1
34.102119,-117.815532,9,72.9,651.4,1,3585,0,0,0,1,1,0,0,0,0,0,0,0,0,0,1,0,1,0,1,0,1,0,0,1,0,0,1
34.018354,-117.85492,5,40.0,223.45,1,3125,1,0,0,0,0,1,0,0,0,0,1,0,0,0,1,0,1,0,0,0,0,0,0,0,0,0,1
34.066964,-117.937007,9,99.45,919.4,1,2313,1,1,0,0,1,0,1,1,0,0,0,0,1,0,0,0,0,0,1,0,1,0,0,1,1,0,0
34.074736,-118.145959,2,86.25,181.65,1,3529,0,0,0,0,1,0,0,1,0,0,1,0,1,0,0,0,1,0,0,0,0,0,0,1,0,1,0
32.827184,-116.703729,1,45.65,45.65,1,4689,0,0,0,0,1,0,0,0,0,0,0,0,0,0,0,0,0,0,0,0,0,0,0,1,0,1,0
32.67117,-117.00232,8,70.1,551.35,1,2899,1,0,0,0,1,0,0,1,0,0,0,0,0,0,0,0,0,0,0,0,0,0,0,1,0,0,1
32.673483,-116.472863,2,70.2,115.95,1,2767,0,1,0,0,1,0,0,1,0,0,0,0,0,0,0,0,0,0,0,0,0,0,0,1,0,0,0
32.636792,-117.054989,3,55.35,165.2,1,5787,0,0,0,0,1,0,0,0,0,0,1,0,1,0,0,0,0,0,0,0,0,0,0,0,0,1,0
32.605012,-116.97595,51,84.2,4146.05,1,6245,1,1,1,0,1,0,1,1,0,0,0,0,1,0,1,0,0,0,0,0,0,0,0,1,0,1,0
32.857946,-116.561917,2,45.85,81.0,1,3843,1,0,0,0,1,0,0,0,0,0,0,0,0,0,0,0,0,0,0,0,0,0,0,0,0,0,1
32.782501,-117.01611,39,75.25,3017.65,1,4696,1,0,0,0,1,0,1,1,0,0,0,0,0,0,0,0,0,0,0,0,0,0,0,0,0,1,0
32.830852,-116.444601,12,100.15,1164.3,1,3682,0,0,0,0,1,0,1,1,0,0,0,0,0,0,1,0,0,0,1,0,1,0,0,1,0,0,0
32.730264,-116.950963,26,105.75,2710.25,1,3157,1,1,1,0,1,0,1,1,0,0,0,0,1,0,1,0,0,0,1,0,1,0,0,0,0,1,0
33.290907,-117.202895,18,48.35,810.7,1,2167,0,1,1,0,0,1,0,0,0,0,0,0,0,0,1,0,0,0,1,0,1,0,0,1,0,1,0
33.098018,-117.258203,2,24.4,36.55,1,2635,0,0,1,1,0,1,0,0,0,0,0,0,0,0,0,0,0,0,0,0,0,0,0,1,0,0,1
33.362575,-117.299644,4,20.95,85.5,1,5822,0,0,0,0,1,0,0,0,1,1,0,1,0,1,0,1,0,1,0,1,0,0,0,0,0,0,0
33.079834,-117.134275,1,49.55,49.55,1,4989,0,1,1,0,1,0,0,0,0,0,1,0,0,0,0,0,0,0,0,0,0,0,0,1,0,1,0
33.254497,-117.285879,9,20.25,178.5,1,3361,1,0,0,0,1,0,0,0,1,1,0,1,0,1,0,1,0,1,0,1,0,0,0,0,0,0,1
33.384345,-117.072619,2,50.15,115.1,1,5461,0,1,1,0,1,0,0,0,0,0,0,0,1,0,0,0,0,0,0,0,0,0,0,0,1,0,0
33.313828,-116.940501,29,95.9,2745.2,1,2151,1,1,1,0,1,0,1,1,0,0,0,0,1,0,1,0,0,0,0,0,1,0,0,1,0,1,0
33.22784,-117.200024,1,25.25,25.25,1,4628,0,1,0,0,0,1,0,0,0,0,0,0,0,0,0,0,0,0,0,0,0,0,0,0,0,1,0
32.774046,-117.142454,9,45.15,416.45,1,3757,0,0,0,0,1,0,0,0,0,0,0,0,0,0,0,0,0,0,0,0,0,0,0,0,0,1,0
32.697098,-117.116587,50,84.4,4116.15,1,5135,0,0,1,0,1,0,1,1,0,0,0,0,0,0,0,0,0,0,1,0,0,0,0,1,0,0,0
32.68674,-117.186612,1,75.1,75.1,1,4335,0,0,0,0,1,0,1,1,0,0,0,0,0,0,0,0,0,0,0,0,0,0,0,1,0,1,0
32.802959,-117.027095,54,70.15,3715.65,1,4596,0,0,1,0,1,0,1,0,0,0,0,0,0,0,0,0,0,0,1,0,1,1,0,1,1,0,0
32.807867,-117.060993,42,101.75,4273.45,1,5545,1,0,0,0,1,0,1,1,0,0,0,0,1,0,0,0,0,0,1,0,1,0,0,1,0,1,0
32.898613,-117.202937,1,45.8,45.8,1,5973,0,0,0,0,1,0,0,0,0,0,0,0,0,0,0,0,0,0,0,0,0,0,0,0,0,1,0
33.017518,-117.118456,1,20.1,20.1,1,4933,1,0,0,0,1,0,0,0,1,1,0,1,0,1,0,1,0,1,0,1,0,0,0,1,0,0,1
33.000269,-117.072093,9,40.65,328.95,1,4800,1,0,1,0,0,1,0,0,0,0,0,0,0,0,0,0,1,0,1,0,0,0,0,0,0,0,1
32.961064,-117.134917,46,101.0,4680.05,1,2436,1,1,1,0,1,0,1,1,0,0,0,0,0,0,1,0,0,0,1,0,1,0,0,1,0,1,0
32.957195,-117.202542,1,69.1,69.1,1,5795,1,0,0,0,1,0,0,1,0,0,0,0,0,0,0,0,0,0,0,0,0,0,0,1,0,1,0
32.555828,-117.040073,13,75.0,999.45,1,2189,0,0,0,0,1,0,1,1,0,0,0,0,0,0,0,0,0,0,0,0,0,0,0,1,0,0,1
33.713891,-116.237257,19,100.0,1888.65,1,2608,1,0,1,0,1,0,0,1,0,0,0,0,1,0,0,0,1,0,1,0,1,1,0,0,0,0,0
33.537646,-116.291089,1,71.15,71.15,1,5287,0,1,0,0,1,0,0,1,0,0,0,0,0,0,0,0,0,0,0,0,0,0,0,1,0,1,0
33.762759,-116.324817,24,54.15,1240.25,1,5153,0,0,0,0,0,1,0,0,0,0,0,0,1,0,1,0,0,0,1,0,1,0,0,1,1,0,0
33.03933,-115.191857,67,108.75,7156.2,1,5516,0,0,1,0,1,0,1,1,0,0,1,0,0,0,1,0,1,0,1,0,1,0,1,1,1,0,0
32.690654,-115.431225,6,49.15,270.8,1,5271,0,0,1,0,1,0,0,0,0,0,0,0,0,0,0,0,1,0,0,0,0,0,0,1,0,1,0
33.889605,-115.257009,20,19.4,374.5,1,3785,1,0,0,1,1,0,0,0,1,1,0,1,0,1,0,1,0,1,0,1,0,0,0,1,0,1,0
33.832799,-116.250973,20,79.15,1520.9,1,4997,0,1,0,0,1,0,1,1,0,0,1,0,0,0,0,0,0,0,0,0,0,0,0,1,0,1,0
33.906496,-116.569499,46,80.4,3605.2,1,4876,1,1,1,0,1,0,0,1,0,0,0,0,0,0,0,0,0,0,0,0,1,0,0,1,0,1,0
33.839989,-116.659215,11,102.0,1145.35,1,5750,0,0,1,0,1,0,1,1,0,0,0,0,1,0,0,0,0,0,1,0,1,0,0,1,0,1,0
33.763678,-116.429928,2,20.65,38.7,1,3845,0,0,0,0,1,0,0,0,1,1,0,1,0,1,0,1,0,1,0,1,0,0,0,0,0,0,1
33.849263,-116.382778,1,70.8,70.8,1,3901,0,0,0,0,1,0,0,1,0,0,0,0,0,0,0,0,0,0,0,0,0,0,0,1,0,0,1
34.17211,-115.769773,16,89.05,1448.6,1,5953,1,0,0,0,1,0,1,1,0,0,0,0,0,0,0,0,1,0,0,0,1,0,0,1,1,0,0
34.457829,-116.139589,3,96.6,291.9,1,3260,0,0,0,0,1,0,1,1,0,0,0,0,0,0,0,0,0,0,1,0,1,0,0,1,0,1,0
33.972293,-116.654195,57,104.5,5921.35,1,4471,0,0,1,0,1,0,1,1,0,0,0,0,1,0,1,0,0,0,1,0,1,0,0,1,1,0,0
34.55082,-117.122396,5,50.6,249.95,1,2353,0,0,0,0,1,0,1,0,0,0,0,0,0,0,0,0,0,0,0,0,0,0,0,1,0,0,1
34.278967,-116.773825,4,49.35,219.65,1,5858,1,0,0,1,1,0,0,0,0,0,1,0,0,0,0,0,0,0,0,0,0,0,0,0,0,1,0
34.059722,-117.39104,7,94.25,669.0,1,5267,1,0,0,0,1,0,0,1,0,0,0,0,1,0,0,0,0,0,1,0,1,0,0,1,0,1,0
33.982787,-117.057627,1,68.95,68.95,1,5644,0,0,1,0,1,0,0,1,0,0,0,0,0,0,0,0,0,0,0,0,0,0,0,1,0,1,0
34.248061,-117.29028,2,93.85,196.75,1,4998,1,1,0,0,1,0,1,1,0,0,0,0,0,0,0,0,0,0,1,0,1,0,0,1,0,1,0
34.136367,-117.460803,4,76.05,318.9,1,3685,1,0,0,0,1,0,1,1,0,0,0,0,0,0,0,0,0,0,0,0,0,0,0,1,0,1,0
34.049671,-117.468896,1,24.45,24.45,1,2121,1,0,0,0,0,1,0,0,0,0,0,0,0,0,0,0,0,0,0,0,0,0,0,1,0,0,1
34.244411,-117.072654,7,89.35,631.85,1,4154,1,0,0,0,1,0,1,1,0,0,0,0,0,0,1,0,0,0,1,0,0,0,0,1,1,0,0
34.983808,-117.239306,4,80.35,307.4,1,4167,1,0,1,0,1,0,0,1,0,0,0,0,0,0,0,0,0,0,1,0,0,0,0,1,0,1,0
34.508417,-116.856103,1,55.8,55.8,1,5527,0,1,0,0,1,0,0,0,0,0,1,0,0,0,1,0,0,0,0,0,0,0,0,1,0,1,0
34.89326,-116.505958,1,79.05,79.05,1,3555,1,0,0,0,1,0,0,1,0,0,0,0,0,0,0,0,0,0,1,0,0,0,0,1,0,1,0
34.647959,-117.296957,1,95.0,95.0,1,4489,1,0,1,0,1,0,0,1,0,0,1,0,0,0,0,0,0,0,1,0,1,0,0,1,0,1,0
34.441123,-117.537886,1,25.2,25.2,1,3196,0,0,0,0,0,1,0,0,0,0,0,0,0,0,0,0,0,0,0,0,0,0,0,0,0,0,1
34.003243,-117.138286,41,98.4,4187.75,1,2169,1,1,0,0,1,0,1,1,0,0,0,0,0,0,1,0,0,0,1,0,1,0,0,1,0,1,0
34.186211,-117.07683,66,79.4,5154.6,1,5910,1,1,1,0,1,0,1,0,0,0,1,0,1,0,1,0,1,0,1,0,0,0,1,0,1,0,0
34.567058,-117.362329,35,101.4,3496.3,1,3689,1,1,0,0,1,0,1,1,0,0,0,0,0,0,1,0,0,0,1,0,1,0,0,1,0,1,0
34.358321,-117.618263,10,89.8,914.3,1,5124,1,1,1,0,1,0,1,1,0,0,0,0,0,0,1,0,0,0,0,0,1,0,0,1,0,1,0
34.105935,-117.2914,54,109.75,6110.2,1,6274,1,0,1,0,1,0,0,1,0,0,1,0,1,0,1,0,1,0,1,0,1,0,1,0,0,0,0
34.142747,-117.300864,2,19.3,28.3,1,2279,1,0,0,0,1,0,0,0,1,1,0,1,0,1,0,1,0,1,0,1,0,1,0,0,1,0,0
34.084909,-117.258107,26,91.25,2351.8,1,5154,0,1,0,0,1,0,0,1,0,0,0,0,0,0,0,0,0,0,1,0,1,0,0,1,0,1,0
33.890046,-117.455583,15,49.1,679.55,1,5209,0,0,0,0,1,0,1,0,0,0,0,0,0,0,0,0,0,0,0,0,0,0,0,1,0,1,0
33.930931,-117.361788,31,65.25,1994.3,1,4403,0,0,0,0,1,0,1,0,0,0,1,0,0,0,1,0,1,0,0,0,0,0,0,0,1,0,0
33.885499,-117.324959,18,85.45,1505.85,1,5145,0,1,0,0,1,0,1,1,0,0,0,0,1,0,0,0,1,0,0,0,0,0,0,1,0,1,0
33.888323,-117.277533,61,94.1,5638.3,1,6295,1,0,1,0,1,0,1,1,0,0,0,0,1,0,0,0,1,0,1,0,0,0,1,1,0,1,0
33.705836,-117.318204,1,71.65,71.65,1,5674,1,1,0,0,1,0,0,1,0,0,0,0,0,0,0,0,0,0,0,0,0,0,0,1,0,1,0
33.527605,-116.666551,24,104.65,2542.45,1,4734,1,0,1,0,1,0,1,1,0,0,0,0,1,0,1,0,0,0,1,0,1,0,0,1,0,1,0
33.907361,-117.109972,3,74.25,210.3,1,3207,0,0,0,0,1,0,1,1,0,0,0,0,0,0,0,0,0,0,0,0,0,0,0,1,0,1,0
33.787298,-117.320676,1,74.2,74.2,1,4684,0,1,0,0,1,0,1,1,0,0,0,0,0,0,0,0,0,0,0,0,0,0,0,1,0,1,0
33.475493,-117.219551,43,101.0,4388.4,1,3123,1,1,1,0,1,0,1,1,0,0,0,0,1,0,0,0,0,0,1,0,1,0,0,1,0,1,0
33.540604,-117.10909,4,100.2,420.2,1,2650,1,0,1,0,1,0,1,1,0,0,0,0,1,0,0,0,0,0,1,0,1,0,0,1,0,1,0
33.507255,-117.029473,25,89.05,2177.45,1,2673,1,1,1,0,1,0,1,1,0,0,1,0,0,0,0,0,0,0,0,0,1,1,0,1,0,1,0
33.720359,-117.733655,57,70.1,3913.3,1,4669,0,0,1,0,1,0,0,0,0,0,1,0,0,0,0,0,0,0,1,0,1,1,0,1,0,0,0
33.698728,-117.67768,4,105.65,443.9,1,4663,0,0,0,0,1,0,0,1,0,0,0,0,1,0,1,0,1,0,1,0,1,1,0,1,0,1,0
33.716136,-117.752574,36,96.5,3436.1,1,4652,1,1,1,0,1,0,1,1,0,0,0,0,1,0,0,0,0,0,1,0,1,0,0,1,0,1,0
33.600987,-117.862734,1,70.85,70.85,1,3022,1,1,1,0,1,0,0,1,0,0,0,0,0,0,0,0,0,0,0,0,0,0,0,0,0,0,1
33.678591,-117.905471,35,85.95,3110.1,1,3833,0,0,0,0,1,0,1,0,0,0,1,0,0,0,1,0,1,0,1,0,1,1,0,1,1,0,0
33.645672,-117.922613,4,73.9,280.85,1,4479,1,0,0,0,1,0,0,1,0,0,0,0,0,0,1,0,0,0,0,0,0,0,0,1,0,1,0
33.723579,-118.005441,58,109.45,6144.55,1,6424,0,0,1,0,1,0,1,1,0,0,1,0,1,0,1,0,0,0,1,0,1,0,1,1,0,0,0
33.782346,-117.635263,30,100.2,2983.8,1,3598,0,0,0,0,1,0,1,1,0,0,0,0,1,0,0,0,0,0,1,0,1,0,0,1,0,1,0
33.624654,-117.611733,21,74.05,1565.7,1,5630,0,0,1,0,1,0,0,1,0,0,0,0,1,0,0,0,0,0,0,0,0,0,0,1,0,0,0
33.569186,-117.640055,3,101.55,298.35,1,4480,1,0,0,0,1,0,1,1,0,0,0,0,0,0,1,0,0,0,1,0,1,0,0,1,0,0,0
33.766004,-117.786763,41,111.95,4534.9,1,3711,1,1,1,0,1,0,1,1,0,0,0,0,1,0,1,0,1,0,1,0,1,1,0,1,0,1,0
33.714829,-117.872941,21,55.95,1157.05,1,5531,0,0,1,0,0,1,0,0,0,0,1,0,0,0,1,0,0,0,1,0,1,1,0,1,0,1,0
33.735802,-117.818805,1,45.75,45.75,1,3531,1,0,0,0,1,0,0,0,0,0,0,0,0,0,0,0,0,0,0,0,0,0,0,0,0,1,0
33.850452,-117.726668,11,74.95,815.5,1,4251,1,0,0,0,1,0,0,1,0,0,0,0,1,0,0,0,0,0,0,0,0,0,0,0,0,1,0
33.930199,-117.862898,1,80.15,80.15,1,3947,0,0,0,0,1,0,0,1,0,0,0,0,0,0,0,0,0,0,0,0,1,0,0,0,1,0,0
33.879983,-117.895482,72,109.25,8109.8,1,4261,0,0,1,0,1,0,1,1,0,0,0,0,1,0,1,0,1,0,1,0,1,1,0,1,0,1,0
33.792791,-117.789749,3,35.2,108.95,1,5450,0,0,0,0,0,1,0,0,0,0,0,0,0,0,0,0,0,0,1,0,0,0,0,0,1,0,0
33.881158,-117.854783,1,78.8,78.8,1,5075,0,0,1,0,1,0,0,1,0,0,0,0,0,0,0,0,0,0,1,0,0,0,0,0,0,1,0
33.819385,-117.600213,47,106.4,5127.95,1,4804,0,0,0,0,1,0,1,1,0,0,0,0,1,0,1,0,0,0,1,0,1,0,0,1,0,1,0
33.762351,-117.488725,18,49.4,874.8,1,4028,1,0,0,0,1,0,0,0,0,0,1,0,0,0,0,0,0,0,0,0,0,0,0,0,0,1,0
34.227846,-119.079903,1,69.1,69.1,1,2767,1,1,0,0,1,0,0,1,0,0,0,0,0,0,0,0,0,0,0,0,0,0,0,0,0,1,0
34.205504,-118.993111,20,90.2,1776.55,1,2058,1,0,1,0,1,0,0,1,0,0,0,0,0,0,0,0,0,0,1,0,1,0,0,1,0,1,0
34.441398,-119.513163,6,93.55,536.4,1,5617,0,0,0,0,1,0,1,1,0,0,0,0,0,0,0,0,0,0,1,0,1,0,0,1,0,0,0
34.581308,-118.931948,1,80.85,80.85,1,3096,1,0,0,0,1,0,0,1,0,0,0,0,0,0,0,0,0,0,0,0,1,0,0,1,0,0,1
34.223244,-119.18012,48,82.05,4029.95,1,3365,0,0,1,0,1,0,1,1,0,0,0,0,0,0,0,0,0,0,0,0,1,1,0,1,0,0,1
34.432843,-118.730106,3,20.55,51.15,1,4115,1,0,1,0,1,0,0,0,1,1,0,1,0,1,0,1,0,1,0,1,0,0,0,1,1,0,0
34.297628,-119.014627,2,78.55,149.55,1,5203,0,1,0,0,1,0,1,1,0,0,0,0,0,0,1,0,0,0,0,0,0,0,0,1,0,1,0
34.437945,-119.77191,1,78.65,78.65,1,2728,0,0,0,0,1,0,0,1,0,0,0,0,0,0,0,0,0,0,0,0,1,0,0,0,0,1,0
35.869626,-119.498771,1,42.9,42.9,1,4895,1,0,0,0,1,0,0,0,0,0,0,0,0,0,0,0,0,0,0,0,0,0,0,1,0,1,0
35.916943,-120.129921,3,34.25,139.35,1,2802,0,0,0,0,0,1,0,0,0,0,1,0,0,0,0,0,1,0,0,0,0,0,0,0,0,0,1
35.523991,-118.400432,9,58.5,539.85,1,3032,0,0,0,0,0,1,0,0,0,0,1,0,0,0,1,0,1,0,1,0,1,0,0,0,0,0,1
36.186867,-120.387793,49,96.2,4718.25,1,5904,1,1,0,0,1,0,1,1,0,0,0,0,0,0,0,0,0,0,1,0,1,0,0,1,0,1,0
35.846067,-119.004073,6,74.4,434.1,1,3964,0,1,0,0,1,0,0,1,0,0,0,0,0,0,1,0,0,0,0,0,0,0,0,0,0,1,0
34.907911,-119.234281,6,105.3,545.2,1,4163,0,0,1,0,1,0,1,1,0,0,0,0,1,0,1,0,0,0,1,0,1,0,0,1,0,1,0
35.215731,-119.57013,16,73.85,1284.2,1,3226,1,0,1,0,1,0,1,1,0,0,0,0,0,0,0,0,0,0,0,0,0,0,0,1,0,0,0
36.217864,-120.080117,7,84.55,646.85,1,5245,0,1,1,0,1,0,1,1,0,0,0,0,0,0,0,0,0,0,0,0,1,0,0,1,0,1,0
36.303666,-119.825657,25,24.75,692.1,1,4931,0,0,0,0,1,0,1,0,1,1,0,1,0,1,0,1,0,1,0,1,0,0,1,0,1,0,0
35.38381,-119.730885,20,85.8,1727.5,1,3336,0,1,0,0,1,0,1,1,0,0,0,0,0,0,0,0,0,0,0,0,1,0,0,1,1,0,0
34.737031,-119.460557,4,24.45,86.6,1,4909,0,0,0,0,0,1,0,0,0,0,0,0,0,0,0,0,0,0,0,0,0,0,0,1,0,1,0
36.008958,-118.891593,28,105.7,2979.5,1,2464,1,0,0,0,1,0,1,1,0,0,0,0,1,0,1,0,0,0,1,0,1,0,0,1,0,1,0
36.527243,-118.594938,1,24.25,24.25,1,2846,1,0,0,0,0,1,0,0,0,0,0,0,0,0,0,0,0,0,0,0,0,0,0,1,0,1,0
36.141319,-119.129075,11,76.5,837.95,1,2291,0,0,0,0,1,0,1,1,0,0,0,0,0,0,0,0,0,0,0,0,0,0,0,1,0,1,0
36.047414,-119.344304,4,93.5,362.2,1,4554,0,0,0,0,1,0,1,1,0,0,0,0,1,0,0,0,1,0,0,0,1,0,0,1,0,1,0
36.303793,-119.375646,54,101.5,5373.1,1,6405,0,1,1,0,1,0,1,1,0,0,0,0,1,0,0,0,0,0,1,0,1,1,0,1,1,0,0
35.652242,-119.4464,28,74.9,2068.55,1,5392,1,0,0,0,1,0,0,1,0,0,1,0,0,0,0,0,0,0,0,0,0,0,0,1,0,0,0
35.710244,-118.881679,2,69.6,131.65,1,4596,0,1,0,0,1,0,0,1,0,0,0,0,0,0,0,0,0,0,0,0,0,0,0,1,0,1,0
35.449881,-118.841442,1,24.05,24.05,1,3162,1,0,0,0,1,0,1,0,1,1,0,1,0,1,0,1,0,1,0,1,0,0,0,1,0,0,1
35.233745,-120.626442,1,50.55,50.55,1,3420,0,0,0,0,1,0,0,0,0,0,0,0,1,0,0,0,0,0,0,0,0,0,0,0,0,1,0
34.631362,-120.238218,14,100.55,1415.55,1,5224,1,0,0,0,1,0,1,1,0,0,0,0,1,0,0,0,0,0,1,0,1,0,0,1,0,1,0
34.866032,-120.536546,1,20.5,20.5,1,2398,0,0,1,1,1,0,0,0,1,1,0,1,0,1,0,1,0,1,0,1,0,0,0,1,0,0,1
34.936,-120.594655,4,74.8,321.9,1,5882,1,0,0,0,1,0,0,1,0,0,0,0,0,0,1,0,0,0,0,0,0,0,0,1,0,0,0
34.757477,-120.550507,20,24.45,482.8,1,3298,0,0,1,0,0,1,0,0,0,0,0,0,0,0,0,0,0,0,0,0,0,0,0,1,0,1,0
35.536115,-120.739231,14,71.0,914.0,1,3228,0,0,0,0,1,0,0,1,0,0,0,0,0,0,0,0,0,0,0,0,0,0,0,1,1,0,0
34.95703,-117.73045,30,40.3,1172.95,1,3016,0,1,0,0,0,1,0,0,0,0,0,0,0,0,1,0,0,0,1,0,0,0,0,1,0,1,0
34.966777,-117.961179,3,50.6,155.35,1,4800,0,0,0,0,0,1,0,0,0,0,0,0,1,0,0,0,0,0,1,0,1,0,0,1,0,1,0
36.041315,-118.188235,40,84.85,3303.05,1,5764,0,0,1,0,1,0,1,1,0,0,0,0,0,0,1,0,1,0,0,0,0,0,0,1,0,1,0
35.363339,-117.637641,2,65.7,134.35,1,4265,0,0,1,1,1,0,0,0,0,0,0,0,0,0,0,0,0,0,1,0,1,0,0,0,0,0,1
35.214982,-118.59049,1,70.5,70.5,1,4123,0,0,0,0,1,0,0,1,0,0,0,0,0,0,0,0,0,0,0,0,0,0,0,0,0,1,0
34.659579,-118.584212,10,94.85,953.45,1,3074,0,0,0,0,1,0,1,1,0,0,0,0,1,0,1,0,0,0,0,0,1,0,0,1,0,1,0
34.712708,-117.889656,1,19.75,19.75,1,4851,1,0,0,0,1,0,0,0,1,1,0,1,0,1,0,1,0,1,0,1,0,0,0,0,0,0,1
34.536232,-118.082935,14,65.45,937.6,1,2881,1,0,1,1,1,0,0,0,0,0,1,0,1,0,0,0,0,0,1,0,0,0,0,1,0,1,0
34.613476,-118.256358,58,98.7,5812.6,1,4662,1,1,1,0,1,0,1,1,0,0,0,0,0,0,1,0,0,0,1,0,1,0,0,1,0,1,0
35.603913,-117.67828,22,67.5,1544.05,1,3378,1,0,1,0,1,0,0,0,0,0,1,0,0,0,1,0,1,0,1,0,0,1,0,1,0,0,0
35.74837,-117.384948,1,69.6,69.6,1,2412,0,0,0,0,1,0,0,1,0,0,0,0,0,0,0,0,0,0,0,0,0,0,0,1,0,1,0
34.39583,-117.734568,49,84.35,4059.35,1,6452,1,0,1,0,1,0,1,0,0,0,1,0,0,0,1,0,1,0,1,0,1,1,0,0,0,1,0
34.598221,-117.79593,68,100.2,6851.65,1,4481,0,1,1,0,1,0,1,1,0,0,0,0,1,0,0,0,0,0,1,0,1,0,0,1,0,1,0
37.375816,-119.739935,1,78.05,78.05,1,3458,0,0,0,0,1,0,0,1,0,0,0,0,0,0,0,0,0,0,1,0,0,0,0,0,0,1,0
37.17277,-119.2997,7,73.6,520.0,1,2679,1,0,0,0,1,0,1,1,0,0,0,0,0,0,0,0,0,0,0,0,0,0,0,0,0,1,0
36.798882,-120.019511,9,74.75,706.6,1,5003,0,0,0,0,1,0,1,1,0,0,0,0,0,0,0,0,0,0,0,0,0,0,0,1,0,1,0
36.523619,-119.386868,1,20.2,20.2,1,5355,1,0,0,0,1,0,0,0,1,1,0,1,0,1,0,1,0,1,0,1,0,0,0,1,0,0,1
36.520537,-120.118055,24,93.55,2264.05,1,4937,0,1,1,0,1,0,1,1,0,0,0,0,0,0,0,0,0,0,1,0,1,0,0,1,0,1,0
36.478239,-119.52137,2,25.05,56.35,1,4810,1,0,0,0,0,1,0,0,0,0,0,0,0,0,0,0,0,0,0,0,0,0,0,1,0,1,0
36.622237,-119.521126,27,95.55,2510.2,1,2999,1,1,1,0,1,0,1,1,0,0,0,0,1,0,1,0,0,0,0,0,1,0,0,1,0,1,0
36.819628,-119.440414,57,39.3,2111.45,1,4917,1,0,0,0,0,1,0,0,0,0,0,0,1,0,0,0,0,0,1,0,0,0,0,1,0,1,0
37.223,-119.001021,1,20.25,20.25,1,2783,0,0,0,0,1,0,0,0,1,1,0,1,0,1,0,1,0,1,0,1,0,0,0,1,0,0,1
36.959731,-120.653519,13,23.9,300.8,1,2967,0,0,0,0,0,1,0,0,0,0,0,0,0,0,0,0,0,0,0,0,0,0,0,1,0,1,0
36.719141,-119.202677,1,85.45,85.45,1,4931,0,0,0,0,1,0,0,1,0,0,0,0,0,0,1,0,0,0,1,0,0,0,0,1,0,1,0
36.739385,-119.753649,63,99.9,6137.0,1,4776,0,0,0,0,1,0,1,1,0,0,0,0,1,0,0,0,0,0,1,0,1,1,0,0,0,0,0
36.78724,-119.827813,25,84.8,2043.45,1,4203,1,0,0,0,1,0,1,1,0,0,0,0,0,0,0,0,0,0,0,0,1,0,0,1,0,1,0
36.833002,-119.82947,35,75.2,2576.2,1,4639,1,0,1,0,1,0,1,1,0,0,0,0,0,0,0,0,0,0,0,0,0,0,0,1,0,1,0
36.78979,-119.929894,71,49.35,3515.25,1,4879,1,0,1,0,0,1,0,0,0,0,0,0,1,0,0,0,0,0,1,0,1,0,1,0,0,1,0
36.64152,-121.622188,6,74.9,469.8,1,4160,1,0,0,0,1,0,1,1,0,0,0,0,0,0,0,0,0,0,0,0,0,0,0,1,0,1,0
36.689582,-121.758398,15,101.25,1457.25,1,3968,0,0,0,0,1,0,0,1,0,0,0,0,1,0,1,0,0,0,1,0,1,0,0,1,0,1,0
36.618337,-121.926417,9,18.95,185.6,1,5403,1,0,0,0,1,0,0,0,1,1,0,1,0,1,0,1,0,1,0,1,0,0,0,1,0,0,1
36.625114,-121.823565,37,28.6,973.55,1,4429,0,0,0,0,0,1,0,0,0,0,0,0,0,0,0,0,1,0,0,0,0,0,0,0,1,0,0
37.691561,-122.445202,2,24.35,41.85,1,3278,0,1,0,0,0,1,0,0,0,0,0,0,0,0,0,0,0,0,0,0,0,0,0,0,0,1,0
37.45567,-122.407992,29,98.65,2862.75,1,4235,0,1,0,0,1,0,1,1,0,0,0,0,0,0,0,0,1,0,1,0,1,0,0,0,0,1,0
37.266388,-122.26308,5,79.9,343.95,1,4324,1,1,1,0,1,0,1,1,0,0,0,0,0,0,1,0,0,0,0,0,0,0,0,1,0,0,0
37.454924,-122.203168,28,103.3,2890.65,1,4136,0,1,0,0,1,0,1,1,0,0,0,0,0,0,1,0,1,0,1,0,1,0,0,1,0,1,0
37.601248,-122.403099,11,96.2,1222.05,1,3101,0,0,1,0,1,0,1,1,0,0,1,0,0,0,0,0,1,0,1,0,0,0,0,1,1,0,0
37.410567,-122.297152,55,104.15,5743.05,1,4369,1,0,1,0,1,0,1,1,0,0,0,0,0,0,1,0,1,0,1,0,1,1,0,1,0,1,0
37.791222,-122.402241,24,102.95,2496.7,1,5245,1,1,0,0,1,0,1,1,0,0,0,0,1,0,1,0,0,0,1,0,1,0,0,1,1,0,0
37.789168,-122.395009,1,90.6,90.6,1,2540,0,0,0,0,1,0,0,1,0,0,0,0,0,0,0,0,0,0,1,0,1,0,0,0,0,1,0
37.768881,-122.395521,6,50.8,288.05,1,4713,0,0,0,0,1,0,0,0,0,0,0,0,0,0,0,0,1,0,0,0,0,0,0,1,0,0,0
37.791998,-122.408653,4,90.05,368.1,1,3212,1,0,0,0,1,0,1,1,0,0,0,0,1,0,0,0,0,0,0,0,1,0,0,1,0,1,0
37.800254,-122.436975,3,75.85,256.6,1,4062,0,0,1,0,1,0,1,1,0,0,0,0,0,0,0,0,0,0,0,0,0,0,0,1,0,1,0
37.736535,-122.45732,1,68.5,68.5,1,5753,1,0,1,0,1,0,0,1,0,0,0,0,0,0,0,0,0,0,0,0,0,0,0,1,0,1,0
37.820894,-122.369725,11,73.5,791.75,1,4509,1,0,0,0,1,0,0,1,0,0,1,0,0,0,0,0,0,0,0,0,0,0,0,1,0,1,0
37.722302,-122.491129,1,69.95,69.95,1,5341,0,0,0,0,1,0,0,1,0,0,0,0,0,0,0,0,0,0,0,0,0,0,0,1,0,0,1
37.386978,-122.177746,5,70.05,346.4,1,4944,1,0,0,0,1,0,0,0,0,0,0,0,0,0,1,0,0,0,1,0,1,0,0,1,0,1,0
37.590421,-122.306467,8,94.0,773.65,1,2632,1,0,0,0,1,0,1,1,0,0,0,0,1,0,1,0,0,0,1,0,0,0,0,1,0,1,0
37.556634,-122.317723,22,61.15,1422.05,1,4626,0,0,1,1,1,0,0,0,0,0,1,0,1,0,1,0,0,0,0,0,0,0,0,0,0,0,1
37.83323,-121.601461,29,84.45,2467.1,1,2651,1,0,1,0,1,0,1,1,0,0,1,0,1,0,0,0,0,0,0,0,0,0,0,1,0,1,0
38.629618,-122.593216,13,75.3,989.45,1,4800,1,0,1,0,1,0,1,0,0,0,0,0,0,0,1,0,0,0,1,0,1,1,0,1,0,0,1
37.990118,-122.012188,43,109.55,4830.25,1,5863,0,1,1,0,1,0,1,1,0,0,1,0,0,0,1,0,1,0,1,0,1,1,0,1,0,0,1
38.013825,-122.039144,3,19.6,59.75,1,5000,0,0,0,0,1,0,0,0,1,1,0,1,0,1,0,1,0,1,0,1,0,0,0,1,0,0,1
38.049292,-122.228415,2,66.4,94.55,1,4522,1,1,0,0,1,0,0,0,0,0,1,0,0,0,1,0,0,0,1,0,0,0,0,0,0,0,0
38.287136,-122.02711,66,100.05,6871.9,1,4512,1,1,1,0,1,0,1,1,0,0,0,0,0,0,0,0,1,0,1,0,1,0,0,1,1,0,0
38.265899,-121.939461,62,102.0,6529.25,1,5090,1,0,0,0,1,0,1,1,0,0,1,0,1,0,0,0,1,0,0,0,1,1,0,0,0,1,0
37.516791,-121.899117,17,90.2,1454.15,1,2026,1,0,1,0,1,0,1,1,0,0,1,0,1,0,1,0,0,0,0,0,0,0,0,0,1,0,0
37.639215,-122.037554,56,25.15,1327.15,1,6484,1,0,1,0,1,0,1,0,1,1,0,1,0,1,0,1,0,1,0,1,0,0,1,1,1,0,0
37.62984,-122.120843,31,79.85,2404.15,1,2554,0,0,0,0,1,0,1,1,0,0,0,0,0,0,0,0,1,0,0,0,0,0,0,1,1,0,0
37.907777,-122.127161,2,49.6,114.7,1,3599,0,0,0,0,1,0,0,0,0,0,0,0,1,0,0,0,0,0,0,0,0,0,0,1,0,0,1
37.996462,-122.293716,66,105.95,6975.25,1,6117,0,1,1,0,1,0,1,1,0,0,0,0,0,0,1,0,1,0,1,0,1,1,0,1,1,0,0
38.006047,-121.916834,3,91.85,257.05,1,2704,1,0,0,0,1,0,1,1,0,0,0,0,0,0,1,0,0,0,0,0,1,0,0,0,0,1,0
38.672708,-122.403219,1,40.1,40.1,1,5434,0,0,1,1,0,1,0,0,0,0,0,0,0,0,0,0,1,0,1,0,0,0,0,0,0,1,0
38.035707,-122.196821,31,73.9,2217.15,1,2560,0,1,0,0,1,0,1,1,0,0,0,0,0,0,0,0,0,0,0,0,0,0,0,1,0,1,0
38.148862,-121.737696,14,89.8,1129.1,1,4107,0,0,0,0,1,0,0,1,0,0,0,0,0,0,0,0,0,0,1,0,1,0,0,1,0,0,1
38.554383,-122.474773,35,72.25,2568.55,1,5898,0,0,1,1,1,0,1,0,0,0,1,0,0,0,1,0,1,0,1,0,0,0,0,0,0,1,0
38.104705,-122.247387,37,96.55,3580.3,1,4448,0,1,0,0,1,0,1,1,0,0,0,0,0,0,0,0,0,0,1,0,1,0,0,1,0,1,0
37.900662,-122.052782,7,40.1,293.3,1,4414,0,0,0,0,0,1,0,0,0,0,0,0,1,0,0,0,0,0,0,0,1,0,0,1,1,0,0
37.776523,-122.219268,24,101.25,2440.15,1,4287,1,1,0,0,1,0,1,1,0,0,0,0,1,0,0,0,0,0,1,0,1,0,0,1,0,1,0
37.803883,-122.208417,1,79.55,79.55,1,5082,0,0,0,0,1,0,0,1,0,0,0,0,0,0,0,0,0,0,1,0,0,0,0,0,0,1,0
37.828416,-122.216005,32,84.05,2781.85,1,3553,0,0,0,0,1,0,1,1,0,0,0,0,0,0,0,0,0,0,1,0,0,1,0,0,0,1,0
37.787186,-122.14633,1,89.1,89.1,1,2905,1,0,0,0,1,0,0,1,0,0,0,0,0,0,0,0,0,0,1,0,1,0,0,1,0,1,0
37.863843,-122.275684,17,94.4,1607.2,1,4103,0,0,1,0,1,0,1,1,0,0,1,0,0,0,1,0,0,0,1,0,0,0,0,0,0,1,0
37.871416,-122.246597,19,78.25,1490.95,1,3666,1,0,0,0,1,0,0,1,0,0,0,0,1,0,1,0,0,0,0,0,0,0,0,1,0,1,0
37.980269,-122.342635,2,44.15,92.65,1,5655,1,1,0,0,1,0,0,0,0,0,0,0,0,0,0,0,0,0,0,0,0,0,0,1,0,1,0
38.018065,-122.546024,8,75.75,606.25,1,4174,0,1,0,0,1,0,1,1,0,0,0,0,0,0,0,0,0,0,0,0,0,0,0,1,0,1,0
37.943087,-122.72379,1,19.1,19.1,1,5890,0,0,0,0,1,0,0,0,1,1,0,1,0,1,0,1,0,1,0,1,0,0,0,1,0,0,1
37.924014,-122.511694,1,80.3,80.3,1,4138,1,1,1,0,1,0,1,1,0,0,1,0,0,0,0,0,0,0,0,0,0,0,0,1,0,1,0
38.326215,-122.718742,1,74.9,74.9,1,5919,0,0,0,0,1,0,0,1,0,0,0,0,0,0,1,0,0,0,0,0,0,0,0,1,0,1,0
38.060264,-122.830646,9,80.85,751.65,1,5242,0,1,0,0,1,0,0,1,0,0,0,0,0,0,0,0,0,0,1,0,0,0,0,1,0,1,0
37.99272,-122.575026,3,24.75,66.95,1,3503,1,0,0,0,0,1,0,0,0,0,0,0,0,0,0,0,0,0,0,0,0,0,0,0,0,1,0
37.171727,-122.142961,49,90.85,4515.85,1,5651,0,1,0,0,1,0,1,1,0,0,0,0,0,0,1,0,0,0,0,0,1,0,0,1,1,0,0
36.977025,-121.952864,2,79.7,165.0,1,3039,0,0,1,0,1,0,0,1,0,0,0,0,1,0,1,0,0,0,0,0,0,0,0,0,0,0,0
37.306612,-122.080621,55,57.55,3046.4,1,5463,1,0,1,0,1,0,0,0,0,0,1,0,1,0,0,0,1,0,0,0,0,0,1,0,0,0,0
37.233034,-121.947427,21,86.5,1808.7,1,2036,0,0,1,0,1,0,1,1,0,0,0,0,0,0,0,0,0,0,0,0,1,0,0,1,0,1,0
37.441931,-121.878502,69,103.95,7446.9,1,4283,0,0,1,0,1,0,1,1,0,0,0,0,1,0,1,0,0,0,1,0,1,0,0,1,0,1,0
37.161544,-121.649371,1,25.1,25.1,1,5437,1,1,0,0,0,1,0,0,0,0,0,0,0,0,0,0,0,0,0,0,0,0,0,1,0,1,0
37.351214,-121.952417,39,48.95,1880.85,1,3080,1,0,0,0,0,1,0,0,0,0,1,0,1,0,0,0,1,0,1,0,0,0,0,1,1,0,0
36.993451,-122.098858,6,83.55,477.55,1,4242,1,0,1,0,1,0,0,1,0,0,0,0,1,0,0,0,0,0,0,0,1,0,0,1,1,0,0
37.34667,-121.910019,17,89.15,1496.9,1,5082,0,1,0,0,1,0,0,1,0,0,0,0,1,0,1,0,0,0,1,0,0,0,0,1,0,1,0
37.350284,-121.852855,1,70.45,70.45,1,3525,1,0,0,0,1,0,0,1,0,0,0,0,0,0,0,0,0,0,0,0,0,0,0,1,0,0,1
37.311088,-121.961786,58,60.3,3563.8,1,4026,1,0,1,0,1,0,0,0,0,0,1,0,1,0,1,0,0,0,0,0,0,1,0,0,1,0,0
37.238758,-121.828375,1,24.75,24.75,1,3001,1,0,0,1,0,1,0,0,0,0,0,0,0,0,0,0,0,0,0,0,0,0,0,0,0,1,0
37.375156,-121.795867,19,103.3,2012.7,1,2349,1,0,1,0,1,0,1,1,0,0,0,0,0,0,1,0,1,0,1,0,1,0,0,0,0,1,0
37.959706,-121.287669,3,78.5,242.05,1,3567,1,0,0,0,1,0,0,1,0,0,0,0,0,0,0,0,0,0,1,0,0,0,0,1,0,1,0
37.974498,-121.319568,3,19.85,63.75,1,3398,0,0,0,0,1,0,0,0,1,1,0,1,0,1,0,1,0,1,0,1,0,0,0,0,0,0,1
37.902422,-121.440029,3,79.9,260.9,1,4367,1,1,0,0,1,0,0,1,0,0,0,0,0,0,0,0,0,0,1,0,0,0,0,1,0,1,0
38.044523,-121.348048,30,99.7,2967.35,1,3548,0,1,0,0,1,0,1,1,0,0,0,0,1,0,0,0,0,0,1,0,1,0,0,1,0,1,0
38.049457,-121.21653,15,58.6,939.7,1,2003,1,0,0,0,1,0,1,0,0,0,0,0,1,0,0,0,1,0,0,0,0,0,0,1,1,0,0
38.200231,-121.235034,10,98.5,1037.75,1,4501,1,0,1,0,1,0,1,1,0,0,0,0,0,0,1,0,0,0,1,0,1,0,0,1,0,1,0
38.32153,-120.236358,1,50.45,50.45,1,2806,0,0,0,0,1,0,0,0,0,0,0,0,0,0,1,0,0,0,0,0,0,0,0,1,0,0,1
38.233879,-120.861666,38,94.65,3624.3,1,3498,1,0,1,0,1,0,1,1,0,0,0,0,1,0,1,0,0,0,1,0,0,0,0,1,0,1,0
38.227285,-121.02789,1,100.25,100.25,1,5797,0,0,0,0,1,0,1,1,0,0,0,0,1,0,0,0,0,0,1,0,1,0,0,1,1,0,0
37.873283,-121.292034,16,88.45,1422.1,1,5186,0,0,0,0,1,0,1,1,0,0,0,0,0,0,1,0,0,0,0,0,1,0,0,1,0,1,0
38.358464,-120.579304,1,69.85,69.85,1,4548,1,0,0,0,1,0,0,1,0,0,0,0,0,0,0,0,0,0,0,0,0,0,0,1,0,1,0
38.184914,-120.364085,12,81.7,858.6,1,2850,1,0,0,0,1,0,0,1,0,0,1,0,0,0,1,0,0,0,0,0,0,0,0,0,0,0,0
38.166791,-121.14207,4,79.9,324.3,1,4669,1,0,0,0,1,0,0,1,0,0,0,0,0,0,0,0,0,0,0,0,1,0,0,1,0,1,0
38.128087,-121.4078,15,25.4,399.6,1,2853,0,0,0,0,1,0,1,0,1,1,0,1,0,1,0,1,0,1,0,1,0,0,0,1,1,0,0
38.147852,-120.440124,41,83.75,3273.55,1,4995,1,1,1,0,1,0,1,1,0,0,1,0,0,0,1,0,0,0,0,0,0,0,0,1,0,0,0
38.192608,-120.957842,1,20.9,20.9,1,5421,0,0,0,0,1,0,0,0,1,1,0,1,0,1,0,1,0,1,0,1,0,0,0,0,0,0,1
37.321233,-120.656354,1,69.4,69.4,1,2404,0,0,1,0,1,0,0,1,0,0,0,0,0,0,0,0,0,0,0,0,0,0,0,1,0,0,1
37.818589,-120.256995,7,74.9,541.15,1,5159,0,0,0,0,1,0,1,1,0,0,0,0,0,0,0,0,0,0,0,0,0,0,0,1,0,1,0
37.435664,-121.049056,42,74.15,3229.4,1,2322,0,1,1,0,1,0,0,1,0,0,1,0,0,0,0,0,0,0,0,0,0,0,0,1,1,0,0
37.147198,-121.120161,1,70.1,70.1,1,2007,0,0,0,0,1,0,0,1,0,0,0,0,0,0,0,0,0,0,0,0,0,0,0,1,0,1,0
37.5923,-120.853288,12,78.3,909.25,1,3545,0,0,0,0,1,0,1,1,0,0,1,0,0,0,0,0,0,0,0,0,0,0,0,1,0,1,0
37.666587,-120.411517,55,96.8,5283.95,1,4089,1,0,0,0,1,0,1,1,0,0,0,0,0,0,0,0,0,0,1,0,1,0,0,1,0,1,0
37.80821,-121.308401,17,94.4,1617.5,1,2825,0,0,0,0,1,0,1,1,0,0,1,0,1,0,0,0,0,0,1,0,0,0,0,1,0,1,0
37.526791,-119.99437,1,84.3,84.3,1,2172,0,0,0,0,1,0,0,1,0,0,0,0,1,0,0,0,0,0,1,0,0,0,0,0,0,1,0
37.40122,-120.514191,72,92.45,6440.25,1,5697,0,1,1,0,1,0,1,0,0,0,1,0,1,0,1,0,1,0,1,0,1,0,1,0,1,0,0
37.672906,-120.946594,11,99.55,1131.2,1,3172,0,1,1,0,1,0,1,1,0,0,0,0,0,0,1,0,0,0,1,0,1,0,0,1,0,1,0
37.716186,-121.025836,8,81.25,585.95,1,3812,1,1,0,0,1,0,1,1,0,0,0,0,0,0,1,0,0,0,0,0,0,0,0,1,0,1,0
37.612612,-121.108568,1,19.95,19.95,1,4860,1,0,1,1,1,0,0,0,1,1,0,1,0,1,0,1,0,1,0,1,0,0,0,0,0,0,0
38.224869,-119.755729,23,99.25,2186.4,1,5338,1,0,1,0,1,0,1,1,0,0,1,0,1,0,1,0,0,0,1,0,0,0,0,1,0,1,0
37.734971,-120.954271,39,80.45,3201.55,1,2224,0,0,0,0,1,0,0,1,0,0,0,0,0,0,1,0,1,0,0,0,0,0,1,1,0,1,0
37.990574,-120.261821,9,79.35,661.25,1,4533,1,0,1,0,1,0,1,1,0,0,0,0,0,0,1,0,0,0,0,0,0,0,0,1,0,0,0
37.316807,-120.855753,15,79.75,1111.85,1,2813,0,0,0,0,1,0,1,1,0,0,0,0,1,0,0,0,0,0,0,0,0,0,0,1,0,1,0
37.474396,-120.875917,30,100.05,3046.15,1,4664,0,0,1,0,1,0,1,1,0,0,0,0,0,0,1,0,0,0,1,0,1,0,0,1,0,1,0
37.529656,-120.854357,1,69.35,69.35,1,5796,1,0,0,0,1,0,0,1,0,0,0,0,0,0,0,0,0,0,0,0,0,0,0,1,0,1,0
37.609095,-121.263381,3,85.8,272.2,1,5641,0,0,0,0,1,0,0,1,0,0,0,0,0,0,0,0,1,0,0,0,1,0,0,0,0,1,0
37.669516,-120.626964,67,79.7,5293.4,1,6289,1,0,1,0,1,0,1,0,0,0,1,0,0,0,1,0,0,0,1,0,1,0,1,1,0,1,0
37.421299,-120.599587,1,50.55,50.55,1,3357,0,1,0,0,1,0,1,0,0,0,0,0,0,0,0,0,0,0,0,0,0,0,0,0,0,0,1
38.488431,-122.752839,1,80.55,80.55,1,4273,1,0,1,0,1,0,0,1,0,0,0,0,0,0,0,0,0,0,1,0,0,0,0,1,0,1,0
38.439696,-122.668817,12,84.5,916.9,1,4154,0,0,1,0,1,0,1,1,0,0,0,0,1,0,1,0,0,0,0,0,0,0,0,1,0,1,0
38.468893,-122.580539,22,84.3,1855.65,1,5313,0,0,0,0,1,0,0,1,0,0,0,0,1,0,0,0,0,0,0,0,1,0,0,1,0,0,1
39.07116,-122.598542,2,67.75,116.65,1,2299,1,0,0,0,1,0,0,1,0,0,0,0,0,0,0,0,0,0,0,0,0,0,0,1,0,1,0
38.838088,-122.73203,27,85.25,2287.25,1,5172,0,1,0,0,1,0,1,1,0,0,0,0,0,0,0,0,0,0,0,0,1,0,0,1,0,1,0
38.348884,-122.51699,10,80.05,830.7,1,3740,0,0,0,0,1,0,1,1,0,0,0,0,1,0,0,0,0,0,0,0,0,0,0,1,0,0,0
39.108252,-123.645121,1,20.0,20.0,1,3657,1,0,0,0,1,0,0,0,1,1,0,1,0,1,0,1,0,1,0,1,0,0,0,0,0,0,1
38.368744,-122.522642,22,48.8,1054.6,1,2270,0,0,0,0,1,0,0,0,0,0,1,0,0,0,0,0,0,0,0,0,0,0,0,1,1,0,0
39.305545,-123.743697,1,85.05,85.05,1,2975,0,1,0,0,1,0,1,1,0,0,0,0,0,0,0,0,0,0,0,0,1,0,0,1,0,1,0
39.298065,-123.25211,21,102.8,2110.15,1,3123,0,0,1,0,1,0,0,1,0,0,0,0,1,0,1,0,1,0,1,0,1,0,0,1,0,1,0
38.25485,-122.461799,6,99.95,547.65,1,3722,0,0,0,0,1,0,0,1,0,0,0,0,0,0,1,0,1,0,1,0,1,0,0,1,0,0,1
40.965011,-124.015255,72,117.8,8684.8,1,4432,1,0,1,0,1,0,1,1,0,0,1,0,1,0,1,0,1,0,1,0,1,1,0,1,0,0,0
40.94338,-123.831799,54,79.5,4370.25,1,5684,0,1,0,0,1,0,1,1,0,0,0,0,1,0,0,0,0,0,0,0,0,0,0,1,0,1,0
40.726949,-124.217378,3,79.65,251.75,1,5036,1,0,1,0,1,0,1,1,0,0,0,0,0,0,0,0,1,0,0,0,0,0,0,1,0,0,0
41.163637,-123.704841,8,94.7,740.3,1,5811,1,0,0,0,1,0,0,1,0,0,0,0,0,0,1,0,0,0,1,0,1,0,0,1,0,1,0
40.210895,-123.86,5,92.5,452.7,1,2810,1,0,0,0,1,0,1,1,0,0,0,0,0,0,1,0,0,0,1,0,0,0,0,1,0,1,0
40.267158,-123.805913,1,19.45,19.45,1,2865,0,0,1,1,1,0,0,0,1,1,0,1,0,1,0,1,0,1,0,1,0,0,0,0,0,0,1
40.485849,-124.163234,2,75.55,166.3,1,4320,0,0,0,0,1,0,1,1,0,0,0,0,0,0,0,0,0,0,0,0,0,0,0,1,0,1,0
40.809636,-124.189977,1,70.0,70.0,1,2485,1,0,1,0,1,0,0,1,0,0,0,0,0,0,0,0,0,0,0,0,0,0,0,1,0,1,0
41.950683,-124.097094,65,74.8,4820.15,1,5207,1,0,1,0,1,0,0,0,0,0,1,0,0,0,0,0,1,0,1,0,1,0,1,1,0,0,0
41.162295,-124.027381,33,104.4,3409.6,1,3185,0,0,1,0,1,0,1,1,0,0,0,0,1,0,1,0,0,0,1,0,1,0,0,1,0,1,0
40.170357,-123.417298,15,86.2,1270.2,1,5829,0,0,0,0,1,0,0,1,0,0,1,0,0,0,0,0,0,0,1,0,0,0,0,0,0,1,0
38.99003,-121.114408,30,51.2,1561.5,1,4568,0,0,1,1,0,1,0,0,0,0,0,0,0,0,0,0,1,0,1,0,1,0,0,0,1,0,0
38.384648,-121.578701,2,19.5,31.55,1,2484,0,0,0,0,1,0,0,0,1,1,0,1,0,1,0,1,0,1,0,1,0,0,0,0,0,0,1
38.508735,-121.678813,4,74.9,321.75,1,2122,0,1,0,0,1,0,1,1,0,0,0,0,0,0,0,0,0,0,0,0,0,0,0,1,0,1,0
38.544002,-121.685559,2,74.9,147.15,1,2078,0,0,0,0,1,0,1,1,0,0,0,0,0,0,0,0,0,0,0,0,0,0,0,0,1,0,0
38.734997,-121.463719,25,100.25,2387.75,1,2195,0,0,0,0,1,0,1,1,0,0,0,0,1,0,0,0,0,0,1,0,1,0,0,1,0,1,0
38.652065,-121.25441,25,102.8,2660.2,1,4969,0,1,0,0,1,0,1,1,0,0,1,0,1,0,0,0,0,0,1,0,1,0,0,1,0,0,1
38.672638,-121.147403,43,100.0,4211.55,1,4760,1,0,0,0,1,0,1,1,0,0,0,0,0,0,0,0,1,0,1,0,1,1,0,1,0,1,0
38.274451,-121.259201,10,99.85,990.9,1,4243,1,0,1,0,1,0,0,1,0,0,0,0,1,0,0,0,1,0,1,0,1,0,0,1,0,1,0
38.852544,-120.837669,2,94.2,193.8,1,5299,0,0,0,0,1,0,1,1,0,0,0,0,0,0,0,0,0,0,1,0,1,0,0,1,0,0,0
38.636102,-120.522149,9,83.85,790.15,1,3723,1,1,0,0,1,0,1,1,0,0,0,0,0,0,0,0,0,0,0,0,1,0,0,1,0,1,0
38.830739,-122.196202,27,88.3,2467.75,1,2420,0,1,0,0,1,0,1,1,0,0,0,0,0,0,1,0,0,0,0,0,1,0,0,0,1,0,0
38.375325,-121.507935,69,104.05,7262.0,1,4254,1,0,0,0,1,0,0,1,0,0,0,0,1,0,1,0,1,0,1,0,1,1,0,1,0,0,0
38.336216,-120.76901,22,94.7,1914.9,1,5615,1,0,1,0,1,0,0,1,0,0,0,0,0,0,1,0,0,0,1,0,1,0,0,1,1,0,0
38.809175,-121.171375,56,100.65,5688.05,1,4803,0,1,1,0,1,0,1,1,0,0,0,0,0,0,1,0,0,0,1,0,1,0,0,1,0,0,0
38.736685,-121.251984,66,80.55,5265.1,1,4400,0,1,1,0,1,0,1,0,0,0,0,0,1,0,1,0,0,0,1,0,1,0,1,1,0,0,0
38.546999,-120.271114,24,78.85,1772.25,1,3079,1,1,1,0,1,0,1,1,0,0,1,0,0,0,0,0,0,0,0,0,0,0,0,1,0,1,0
38.489273,-120.891614,1,44.45,44.45,1,4879,0,0,0,0,1,0,0,0,0,0,0,0,0,0,0,0,0,0,0,0,0,0,0,1,0,0,1
38.157794,-121.520223,36,84.9,3067.2,1,2455,1,0,0,0,1,0,1,1,0,0,0,0,0,0,0,0,0,0,0,0,1,0,0,1,0,1,0
38.419088,-122.024568,1,20.25,20.25,1,2959,1,0,0,0,1,0,0,0,1,1,0,1,0,1,0,1,0,1,0,1,0,0,0,0,0,0,1
38.240419,-121.587535,1,74.35,74.35,1,5633,1,0,0,0,1,0,0,1,0,0,0,0,1,0,0,0,0,0,0,0,0,0,0,1,0,1,0
39.043387,-121.409837,1,62.05,62.05,1,2937,1,0,0,0,1,0,1,0,0,0,0,0,0,0,1,0,1,0,0,0,0,0,0,0,0,0,1
39.23754,-120.720196,39,80.0,3182.95,1,2704,1,0,1,0,1,0,0,0,0,0,1,0,0,0,1,0,1,0,1,0,1,1,0,0,1,0,0
39.003358,-121.022539,5,104.1,541.9,1,3131,1,0,0,0,1,0,1,1,0,0,0,0,1,0,1,0,0,0,1,0,1,0,0,0,0,0,1
39.279068,-120.414275,24,39.1,971.3,1,4591,1,1,1,0,0,1,0,0,0,0,1,0,0,0,0,0,0,0,0,0,1,0,0,0,0,0,0
38.35363,-121.44195,2,76.5,162.45,1,5944,1,0,0,0,1,0,1,1,0,0,0,0,0,0,0,0,0,0,0,0,0,0,0,1,0,1,0
38.694081,-121.694431,5,49.2,216.9,1,4336,1,0,0,0,1,0,0,0,0,0,0,0,0,0,0,0,1,0,0,0,0,0,0,1,0,1,0
38.608405,-121.449942,11,23.15,245.2,1,5671,1,0,0,0,1,0,1,0,1,1,0,1,0,1,0,1,0,1,0,1,0,0,0,0,1,0,0
38.550722,-121.457314,4,80.85,302.75,1,2961,0,0,1,0,1,0,0,1,0,0,0,0,0,0,0,0,0,0,0,0,1,0,0,0,0,1,0
38.625096,-121.383658,1,60.1,60.1,1,5654,1,0,0,0,1,0,1,0,0,0,0,0,1,0,0,0,1,0,0,0,0,0,0,0,0,0,1
38.475465,-121.443625,1,78.95,78.95,1,2038,1,0,0,0,1,0,0,1,0,0,0,0,0,0,0,0,0,0,1,0,0,0,0,1,0,1,0
38.486938,-121.395805,2,45.15,98.5,1,2699,1,0,0,0,1,0,0,0,0,0,0,0,0,0,0,0,0,0,0,0,0,0,0,1,0,1,0
38.685069,-121.543709,3,79.4,244.65,1,2448,0,0,0,0,1,0,0,1,0,0,0,0,0,0,0,0,0,0,1,0,0,0,0,1,0,1,0
38.646096,-121.442433,44,53.95,2375.4,1,3051,1,0,0,0,0,1,0,0,0,0,0,0,1,0,1,0,0,0,1,0,1,1,0,1,0,0,1
38.687367,-121.34848,24,99.3,2431.35,1,4811,0,0,1,0,1,0,0,1,0,0,0,0,1,0,1,0,0,0,1,0,1,0,0,1,1,0,0
39.292334,-121.320597,18,80.65,1451.9,1,3788,1,0,0,0,1,0,1,1,0,0,0,0,1,0,0,0,0,0,0,0,0,0,0,1,0,1,0
40.171312,-121.120605,1,71.1,71.1,1,5824,0,0,0,0,1,0,0,1,0,0,0,0,0,0,0,0,0,0,0,0,0,0,0,0,0,0,1
39.681488,-121.83721,65,106.25,6979.8,1,5965,0,1,1,0,1,0,1,1,0,0,0,0,1,0,1,0,0,0,1,0,1,1,0,1,0,1,0
40.080342,-120.957805,53,20.8,1021.8,1,4166,0,0,1,0,1,0,0,0,1,1,0,1,0,1,0,1,0,1,0,1,0,1,0,0,0,0,0
39.53222,-122.594879,1,94.0,94.0,1,4176,1,1,0,0,1,0,1,1,0,0,0,0,0,0,0,0,0,0,1,0,1,0,0,1,0,1,0
39.033058,-121.895718,15,89.85,1424.95,1,2668,0,1,0,0,1,0,1,1,0,0,0,0,1,0,0,0,0,0,0,0,1,0,0,0,0,1,0
39.732767,-122.042298,4,46.0,193.6,1,5246,0,0,0,0,1,0,0,0,0,0,0,0,0,0,0,0,0,0,0,0,0,0,0,1,0,0,1
39.258746,-121.77697,9,66.25,620.55,1,5515,0,0,0,0,1,0,0,0,0,0,0,0,1,0,0,0,1,0,1,0,0,0,0,0,0,0,1
39.281194,-122.226568,22,90.0,1993.8,1,4739,0,0,0,0,1,0,1,1,0,0,0,0,0,0,0,0,1,0,1,0,0,0,0,1,0,1,0
39.937017,-121.058043,38,70.45,2597.6,1,5437,1,0,0,0,1,0,0,1,0,0,0,0,0,0,0,0,0,0,0,0,0,1,0,1,0,0,0
39.082568,-121.55325,53,19.75,1052.35,1,6265,1,0,0,0,1,0,0,0,1,1,0,1,0,1,0,1,0,1,0,1,0,0,1,0,0,0,0
39.473896,-121.415927,1,53.95,53.95,1,2771,1,0,0,0,1,0,0,0,0,0,1,0,0,0,0,0,1,0,0,0,0,0,0,1,0,1,0
39.424957,-122.039307,8,105.5,829.55,1,5546,0,1,0,0,1,0,1,1,0,0,0,0,1,0,1,0,0,0,1,0,1,0,0,1,0,1,0
39.971228,-121.041166,16,81.0,1312.15,1,2335,0,0,0,0,1,0,0,1,0,0,0,0,0,0,0,0,0,0,1,0,0,0,0,1,0,1,0
40.022184,-121.062384,1,69.8,69.8,1,2123,0,0,1,0,1,0,0,1,0,0,0,0,0,0,0,0,0,0,0,0,0,0,0,1,0,1,0
39.117537,-122.284654,7,73.75,545.15,1,5638,1,1,0,0,1,0,1,1,0,0,0,0,0,0,0,0,0,0,0,0,0,0,0,0,0,0,1
39.075694,-121.70606,9,54.55,494.05,1,4656,1,1,0,0,1,0,1,0,0,0,1,0,0,0,0,0,0,0,0,0,0,0,0,0,0,1,0
40.448632,-122.306657,37,76.25,2841.55,1,5859,0,1,0,0,1,0,1,1,0,0,0,0,0,0,0,0,0,0,0,0,0,0,0,1,0,1,0
40.722733,-122.109666,5,93.9,486.85,1,5435,0,0,0,0,1,0,1,1,0,0,0,0,0,0,0,0,0,0,1,0,1,0,0,1,0,0,1
41.096569,-121.879082,3,70.4,204.7,1,2491,0,1,0,0,1,0,0,1,0,0,0,0,0,0,0,0,0,0,0,0,0,0,0,1,0,1,0
41.121108,-122.336613,31,91.15,2995.45,1,5219,0,0,1,0,1,0,1,1,0,0,0,0,1,0,0,0,0,0,0,0,1,0,0,1,0,1,0
40.586588,-122.903677,2,70.95,137.95,1,5390,0,0,0,0,1,0,0,1,0,0,0,0,0,0,0,0,0,0,0,0,0,0,0,1,0,1,0
41.5837,-122.935922,37,99.5,3762.0,1,4233,0,0,1,0,1,0,1,1,0,0,0,0,0,0,1,0,0,0,1,0,1,0,0,1,0,1,0
41.831901,-123.487478,38,83.9,3233.6,1,2157,0,0,0,0,1,0,0,1,0,0,1,0,1,0,1,0,0,0,0,0,0,0,0,1,1,0,0
40.789799,-121.474529,48,117.45,5438.9,1,5915,0,1,1,0,1,0,1,1,0,0,1,0,1,0,1,0,1,0,1,0,1,0,0,0,0,1,0
40.547857,-123.187265,10,104.4,1081.45,1,5035,1,0,0,0,1,0,0,1,0,0,1,0,1,0,1,0,0,0,1,0,1,0,0,1,0,1,0
40.704293,-122.803899,8,29.4,221.9,1,5971,1,1,0,0,0,1,0,0,0,0,0,0,0,0,1,0,0,0,0,0,0,0,0,1,0,1,0
41.759864,-122.379175,2,44.65,74.9,1,4655,1,0,0,0,1,0,0,0,0,0,0,0,0,0,0,0,0,0,0,0,0,0,0,0,0,0,1
40.656287,-121.428965,3,25.25,58.9,1,2088,0,0,0,0,0,1,0,0,0,0,0,0,0,0,0,0,0,0,0,0,0,0,0,0,0,1,0
40.582399,-122.195512,4,84.05,333.55,1,5552,0,0,0,0,1,0,1,1,0,0,0,0,1,0,1,0,0,0,0,0,0,0,0,0,0,0,0
39.884395,-122.587513,37,85.7,3171.15,1,4712,1,1,1,0,1,0,1,1,0,0,0,0,0,0,0,0,0,0,1,0,0,0,0,1,0,1,0
40.343213,-121.815412,1,74.7,74.7,1,4692,0,0,0,0,1,0,0,1,0,0,0,0,1,0,0,0,0,0,0,0,0,0,0,1,0,1,0
40.186772,-122.388361,5,90.8,455.5,1,5090,0,0,0,0,1,0,1,1,0,0,0,0,1,0,0,0,0,0,1,0,0,0,0,1,0,1,0
40.497441,-121.827524,28,106.15,3152.5,1,5030,0,1,0,0,1,0,1,1,0,0,0,0,1,0,1,0,0,0,1,0,1,0,0,1,0,1,0
41.081847,-122.700545,30,85.35,2530.4,1,2313,0,0,0,0,1,0,0,0,0,0,1,0,1,0,1,0,1,0,1,0,1,1,0,0,0,0,0
40.759401,-122.939337,36,90.85,3186.7,1,5692,1,1,0,0,1,0,1,1,0,0,1,0,0,0,0,0,0,0,1,0,0,0,0,1,0,1,0
41.280341,-120.150381,1,35.75,35.75,1,3351,0,0,0,0,0,1,0,0,0,0,0,0,0,0,0,0,0,0,1,0,0,0,0,1,0,1,0
41.729079,-120.225025,4,46.0,181.6,1,4797,0,1,1,1,1,0,0,0,0,0,0,0,0,0,0,0,0,0,0,0,0,0,0,0,0,1,0
39.600599,-120.636358,17,89.4,1539.45,1,2544,1,0,1,0,1,0,0,1,0,0,1,0,0,0,1,0,0,0,1,0,0,0,0,1,0,1,0
40.559177,-120.612113,3,19.8,58.15,1,4323,1,0,0,0,1,0,0,0,1,1,0,1,0,1,0,1,0,1,0,1,0,0,0,1,0,0,1
41.027281,-120.669427,4,50.9,225.6,1,5691,1,0,1,1,1,0,1,0,0,0,0,0,0,0,0,0,0,0,0,0,0,0,0,1,0,1,0
40.271535,-121.018087,4,81.0,340.85,1,3591,1,0,0,0,1,0,0,1,0,0,0,0,0,0,0,0,0,0,1,0,0,0,0,1,0,1,0
39.227434,-120.091806,26,98.35,2515.3,1,4997,1,0,0,0,1,0,1,1,0,0,0,0,0,0,1,0,0,0,1,0,1,0,0,1,0,1,0
39.061227,-120.179546,5,51.0,305.95,1,4630,1,0,0,0,0,1,0,0,0,0,0,0,1,0,0,0,0,0,1,0,1,0,0,1,0,0,1
39.246654,-120.029273,4,91.65,365.4,1,2140,0,0,1,0,1,0,1,1,0,0,0,0,1,0,0,0,0,0,1,0,0,0,0,1,0,1,0
38.911577,-120.106169,1,90.85,90.85,1,5086,1,0,0,0,1,0,0,1,0,0,0,0,0,0,0,0,0,0,1,0,1,0,0,1,0,1,0
39.342498,-120.247127,1,69.4,69.4,1,2847,1,0,0,0,1,0,0,1,0,0,0,0,0,0,0,0,0,0,0,0,0,0,0,0,0,0,1
33.973616,-118.24902,8,94.45,742.95,1,3676,0,1,0,0,1,0,0,1,0,0,0,0,0,0,1,0,0,0,1,0,1,0,0,1,1,0,0
34.076259,-118.310715,1,20.15,20.15,1,4277,0,0,1,1,1,0,0,0,1,1,0,1,0,1,0,1,0,1,0,1,0,0,0,1,1,0,0
34.059281,-118.30742,50,95.7,4816.7,1,4287,1,1,0,0,1,0,1,1,0,0,0,0,0,0,0,0,0,0,1,0,1,0,0,1,0,1,0
34.062125,-118.315709,26,74.95,1834.95,1,2934,0,0,0,0,1,0,1,1,0,0,0,0,0,0,0,0,0,0,0,0,0,0,0,1,0,0,0
34.00709,-118.258681,6,47.95,305.1,1,2240,0,0,0,0,0,1,0,0,0,0,0,0,0,0,1,0,0,0,1,0,1,0,0,1,0,1,0
34.044639,-118.240413,3,63.6,155.65,1,3155,0,0,0,0,1,0,1,0,0,0,0,0,0,0,0,0,1,0,1,0,0,0,0,1,0,1,0
34.066367,-118.309868,3,36.85,108.7,1,5825,1,0,0,0,0,1,0,0,0,0,0,0,1,0,0,0,1,0,0,0,0,0,0,1,0,0,1
34.066303,-118.435479,1,44.1,44.1,1,5955,0,0,0,0,1,0,0,0,0,0,0,0,0,0,0,0,0,0,0,0,0,0,0,1,0,1,0
34.127194,-118.295647,14,50.75,712.75,1,4883,1,0,0,0,0,1,0,0,0,0,0,0,0,0,1,0,0,0,1,0,1,0,0,1,0,1,0
34.099869,-118.326843,61,104.4,6405.0,1,4412,0,1,1,0,1,0,1,1,0,0,0,0,1,0,1,0,0,0,1,0,1,1,0,1,1,0,0
34.089953,-118.294824,40,39.3,1637.4,1,2296,0,1,1,0,0,1,0,0,0,0,0,0,1,0,0,0,0,0,1,0,0,0,0,1,0,1,0
34.088017,-118.327168,58,106.45,6145.85,1,5902,0,0,0,0,1,0,0,1,0,0,1,0,1,0,1,0,0,0,1,0,1,1,0,1,0,1,0
34.137412,-118.207607,18,96.05,1740.7,1,5581,0,0,0,0,1,0,0,1,0,0,1,0,0,0,0,0,0,0,1,0,1,0,0,1,0,1,0
34.11572,-118.192754,7,75.1,552.95,1,5514,0,0,0,0,1,0,1,1,0,0,0,0,0,0,0,0,0,0,0,0,0,0,0,1,0,0,0
33.952714,-118.292061,2,44.7,93.7,1,4618,1,1,0,0,1,0,0,0,0,0,0,0,0,0,0,0,0,0,0,0,0,0,0,1,0,1,0
34.072945,-118.37267,19,55.0,1046.5,1,4539,1,0,0,0,1,0,0,0,0,0,0,0,0,0,1,0,1,0,0,0,0,0,0,1,1,0,0
33.987945,-118.370442,11,74.35,834.2,1,5075,1,0,1,0,1,0,1,1,0,0,0,0,0,0,0,0,0,0,0,0,0,0,0,1,0,1,0
34.001617,-118.222274,39,104.7,4134.85,1,2371,0,0,1,0,1,0,0,1,0,0,1,0,0,0,1,0,1,0,1,0,1,1,0,1,1,0,0
33.927254,-118.249826,15,55.7,899.8,1,4519,0,0,0,0,1,0,1,0,0,0,1,0,0,0,0,0,0,0,0,0,0,0,0,1,0,0,1
34.052917,-118.255178,5,19.85,108.05,1,3799,0,0,0,0,1,0,0,0,1,1,0,1,0,1,0,1,0,1,0,1,0,0,0,0,1,0,0
33.885811,-118.206459,1,70.3,70.3,1,5963,0,0,0,0,1,0,0,1,0,0,0,0,0,0,0,0,0,0,0,0,0,0,0,1,0,1,0
33.956228,-118.120993,10,85.55,851.75,1,3336,1,1,1,0,1,0,1,1,0,0,0,0,0,0,0,0,0,0,0,0,1,0,0,0,0,1,0
33.917145,-118.401554,6,94.5,575.45,1,3469,1,0,0,0,1,0,0,1,0,0,0,0,0,0,1,0,0,0,1,0,1,0,0,0,0,0,1
33.97803,-118.217141,16,85.35,1375.15,1,5769,0,1,1,0,1,0,1,1,0,0,0,0,0,0,0,0,0,0,0,0,1,0,0,1,1,0,0
33.88856,-118.351813,2,79.65,152.7,1,5082,0,0,0,0,1,0,0,1,0,0,0,0,0,0,0,0,0,0,1,0,0,0,0,1,0,0,1
34.037037,-118.705803,2,79.6,195.05,1,4322,0,1,0,0,1,0,0,1,0,0,0,0,0,0,0,0,0,0,0,0,1,0,0,1,0,1,0
34.079449,-118.548306,19,90.6,1660.0,1,2373,1,1,0,0,1,0,1,1,0,0,1,0,0,0,0,0,0,0,1,0,0,0,0,1,0,1,0
34.115192,-118.61017,1,20.2,20.2,1,3061,0,0,0,0,1,0,0,0,1,1,0,1,0,1,0,1,0,1,0,1,0,0,0,1,0,0,0
33.991782,-118.479229,66,106.05,6981.35,1,5602,1,0,1,0,1,0,1,1,0,0,1,0,0,0,1,0,0,0,1,0,1,0,1,1,1,0,0
34.035849,-118.503508,36,99.15,3615.6,1,4188,0,0,0,0,1,0,1,1,0,0,0,0,1,0,0,0,0,0,1,0,1,0,0,1,0,1,0
34.005439,-118.477507,39,55.9,2184.35,1,5632,0,0,1,0,0,1,0,0,0,0,1,0,0,0,1,0,0,0,1,0,1,0,0,0,0,1,0
33.833699,-118.314387,21,82.35,1852.85,1,2902,1,0,0,0,1,0,1,1,0,0,0,0,1,0,0,0,0,0,0,0,0,0,0,1,0,1,0
33.833181,-118.292062,2,40.4,77.15,1,3620,1,0,0,0,0,1,0,0,0,0,0,0,1,0,1,0,1,0,0,0,0,0,0,1,1,0,0
33.972119,-118.020188,4,75.35,338.1,1,2220,0,0,0,0,1,0,1,1,0,0,0,0,0,0,0,0,0,0,0,0,0,0,0,0,0,1,0
33.945318,-117.992066,35,85.15,3030.6,1,5928,1,0,0,0,1,0,0,1,0,0,0,0,0,0,1,0,0,0,1,0,0,1,0,1,0,1,0
33.850504,-118.039892,33,93.8,3124.5,1,5080,0,0,1,0,1,0,0,1,0,0,0,0,0,0,1,0,0,0,1,0,1,1,0,1,0,1,0
33.8681,-118.067402,45,20.4,930.45,1,5398,1,0,0,0,1,0,0,0,1,1,0,1,0,1,0,1,0,1,0,1,0,1,0,1,0,1,0
33.840524,-118.148403,7,94.7,673.1,1,3591,1,1,1,0,1,0,1,1,0,0,1,0,1,0,0,0,0,0,0,0,1,0,0,1,1,0,0
33.847755,-118.112532,6,30.5,208.7,1,4667,1,0,0,0,0,1,0,0,0,0,0,0,1,0,0,0,0,0,0,0,0,0,0,1,1,0,0
33.744119,-118.31448,3,77.0,237.75,1,3128,1,1,0,0,1,0,1,1,0,0,0,0,0,0,0,0,0,0,0,0,0,0,0,1,0,1,0
33.75462,-118.071128,11,20.1,221.35,1,4500,0,0,0,1,1,0,0,0,1,1,0,1,0,1,0,1,0,1,0,1,0,0,0,0,1,0,0
33.719221,-118.073596,1,75.3,75.3,1,2176,0,0,0,0,1,0,0,1,0,0,0,0,0,0,1,0,0,0,0,0,0,0,0,0,0,1,0
33.752524,-118.210737,40,99.2,4062.2,1,5098,0,1,1,0,1,0,0,1,0,0,0,0,1,0,0,0,1,0,1,0,1,1,0,1,1,0,0
33.823943,-118.111335,47,85.5,4042.3,1,3645,1,1,0,0,1,0,0,1,0,0,1,0,0,0,0,0,0,0,0,0,1,0,0,0,0,0,1
33.819814,-118.222416,7,20.05,164.85,1,5595,0,0,0,0,1,0,0,0,1,1,0,1,0,1,0,1,0,1,0,1,0,0,0,0,0,0,1
33.778436,-118.118648,1,70.4,70.4,1,4238,1,0,0,0,1,0,0,1,0,0,0,0,0,0,0,0,0,0,0,0,0,0,0,0,0,1,0
34.145695,-117.95982,7,49.75,331.3,1,5651,1,0,1,0,1,0,0,0,0,0,1,0,0,0,0,0,0,0,0,0,0,1,0,1,0,1,0
34.2112,-118.230625,15,75.3,1147.45,1,4526,0,1,0,0,1,0,0,1,0,0,0,0,1,0,0,0,0,0,0,0,0,0,0,1,1,0,0
34.110444,-118.156957,11,94.0,1078.9,1,2120,0,0,1,0,1,0,1,1,0,0,0,0,0,0,0,0,0,0,1,0,1,0,0,1,0,1,0
34.296574,-118.244839,67,118.35,7804.15,1,6255,1,0,0,0,1,0,1,1,0,0,1,0,1,0,1,0,1,0,1,0,1,1,0,1,0,0,0
34.165383,-118.123752,8,30.45,226.45,1,4549,1,0,0,0,0,1,0,0,0,0,1,0,0,0,0,0,0,0,0,0,0,0,0,1,0,1,0
34.13946,-118.166649,44,96.1,4364.1,1,5606,0,0,1,0,1,0,1,1,0,0,0,0,0,0,0,0,0,0,1,0,1,0,0,1,0,1,0
34.159007,-118.087353,24,104.25,2433.9,1,2104,1,1,1,0,1,0,1,1,0,0,0,0,1,0,1,0,0,0,1,0,1,0,0,1,0,1,0
34.122671,-118.112911,15,80.2,1217.25,1,4958,1,1,0,0,1,0,1,1,0,0,0,0,1,0,0,0,0,0,0,0,0,0,0,1,0,1,0
34.238208,-118.55029,17,104.2,1743.5,1,2365,0,0,1,0,1,0,1,1,0,0,1,0,0,0,1,0,0,0,1,0,1,0,0,1,0,1,0
34.422519,-118.420717,1,69.65,69.65,1,5844,1,1,0,0,1,0,0,1,0,0,0,0,0,0,0,0,0,0,0,0,0,0,0,1,0,1,0
34.43987,-118.644609,9,80.8,713.1,1,3890,1,0,0,0,1,0,0,1,0,0,0,0,0,0,0,0,0,0,0,0,1,0,0,1,0,1,0
34.178068,-118.615714,7,80.3,526.7,1,3949,0,0,0,0,1,0,0,1,0,0,0,0,0,0,0,0,0,0,1,0,0,0,0,1,0,0,1
34.506627,-118.699048,36,84.1,3021.6,1,2987,1,1,1,0,1,0,1,1,0,0,0,0,0,0,0,0,0,0,0,0,1,0,0,1,0,1,0
34.223768,-118.445461,3,69.35,191.35,1,3520,1,0,0,0,1,0,0,0,0,0,0,0,0,0,0,0,1,0,1,0,1,0,0,1,0,1,0
34.17847,-118.459472,34,79.6,2718.3,1,3980,0,1,1,0,1,0,1,1,0,0,0,0,1,0,0,0,0,0,0,0,0,0,0,1,0,0,1
34.188339,-118.300942,1,36.45,36.45,1,5303,0,1,0,0,0,1,0,0,0,0,0,0,0,0,0,0,0,0,1,0,0,0,0,1,0,1,0
34.207295,-118.400022,22,89.4,2001.5,1,5438,1,0,0,0,1,0,0,1,0,0,0,0,1,0,1,0,0,0,1,0,0,0,0,1,0,1,0
34.174493,-117.87068,47,80.35,3825.85,1,5915,0,1,1,0,1,0,1,1,0,0,1,0,0,0,0,0,0,0,0,0,0,0,0,0,0,1,0
34.079934,-118.046695,24,40.65,933.3,1,3843,0,1,1,0,0,1,0,0,0,0,0,0,0,0,1,0,0,0,0,0,1,0,0,1,1,0,0
34.245289,-117.642503,53,60.45,3184.25,1,5650,1,0,1,0,0,1,0,0,0,0,0,0,1,0,1,0,1,0,1,0,1,1,0,1,0,1,0
34.133809,-117.523724,8,84.9,764.95,1,2656,0,0,1,0,1,0,1,1,0,0,0,0,0,0,0,0,0,0,0,0,1,0,0,1,0,1,0
34.031441,-117.936436,2,73.55,145.4,1,5799,0,0,1,0,1,0,0,1,0,0,0,0,1,0,0,0,0,0,0,0,0,0,0,1,0,0,0
33.998471,-117.973758,8,20.15,156.25,1,4785,0,0,1,0,1,0,0,0,1,1,0,1,0,1,0,1,0,1,0,1,0,0,0,0,0,0,0
34.038983,-117.991372,48,34.7,1604.5,1,5995,0,0,1,0,0,1,0,0,0,0,0,0,1,0,1,0,0,0,0,0,0,1,0,0,0,0,1
34.083086,-117.737997,43,107.55,4533.9,1,4423,0,1,1,0,1,0,1,1,0,0,0,0,0,0,1,0,1,0,1,0,1,1,0,1,0,1,0
34.065108,-118.082791,16,98.75,1587.55,1,3392,1,1,1,0,1,0,1,1,0,0,0,0,0,0,1,0,0,0,1,0,1,0,0,1,0,1,0
34.114772,-118.089431,8,101.15,842.9,1,2750,0,0,1,0,1,0,0,1,0,0,0,0,1,0,1,0,0,0,1,0,1,0,0,0,0,1,0
34.090925,-118.128164,20,88.7,1761.45,1,4115,1,0,0,0,1,0,1,1,0,0,0,0,0,0,1,0,0,0,1,0,0,0,0,1,0,1,0
32.677097,-116.304991,2,79.75,164.5,1,5172,0,0,0,0,1,0,0,1,0,0,0,0,0,0,0,0,0,0,1,0,0,0,0,1,0,1,0
32.673483,-116.472863,27,94.55,2724.6,1,4464,0,0,0,0,1,0,1,1,0,0,0,0,0,0,0,0,0,0,1,0,1,0,0,1,0,0,1
32.688506,-116.938632,5,69.05,318.5,1,3368,0,1,0,0,1,0,0,1,0,0,0,0,0,0,0,0,0,0,0,0,0,0,0,1,0,0,1
32.579134,-117.119009,52,96.25,4990.25,1,4751,1,0,1,0,1,0,1,1,0,0,0,0,0,0,1,0,1,0,0,0,1,0,1,1,0,0,0
32.649787,-116.2237,37,101.1,3744.05,1,4424,1,1,0,0,1,0,1,1,0,0,0,0,0,0,1,0,0,0,1,0,1,0,0,1,0,1,0
32.695681,-116.798386,69,104.7,7220.35,1,6350,1,0,0,0,1,0,1,1,0,0,0,0,1,0,0,0,1,0,1,0,1,1,0,1,0,0,0
33.200369,-116.192313,40,55.25,2139.2,1,2810,1,0,0,1,1,0,0,0,0,0,1,0,1,0,0,0,0,0,0,0,0,0,0,1,0,0,1
33.148116,-117.306043,6,90.1,521.3,1,5656,0,0,0,0,1,0,1,1,0,0,0,0,1,0,0,0,0,0,1,0,0,0,0,1,0,1,0
32.785165,-116.862648,11,53.75,608.0,1,3407,1,0,0,0,1,0,1,0,0,0,0,0,0,0,1,0,0,0,0,0,0,0,0,0,0,1,0
32.832706,-116.873258,6,89.3,577.6,1,5800,0,0,0,0,1,0,0,1,0,0,0,0,0,0,0,0,0,0,1,0,1,0,0,0,0,1,0
33.362575,-117.299644,3,95.2,292.85,1,4176,0,0,1,0,1,0,1,1,0,0,0,0,0,0,0,0,0,0,1,0,1,0,0,1,0,1,0
32.980678,-116.262854,5,45.7,198.0,1,3561,0,1,0,0,0,1,0,0,0,0,0,0,0,0,0,0,0,0,1,0,1,0,0,0,0,1,0
32.909873,-116.906774,8,74.5,609.9,1,3683,1,0,1,0,1,0,0,1,0,0,1,0,0,0,0,0,0,0,0,0,0,0,0,1,0,1,0
33.194742,-117.29032,1,79.65,79.65,1,2119,0,0,0,0,1,0,0,1,0,0,0,0,0,0,0,0,0,0,1,0,0,0,0,1,0,1,0
32.847336,-116.997605,28,101.3,2812.2,1,4994,0,1,1,0,1,0,1,1,0,0,0,0,0,0,0,0,1,0,1,0,1,0,0,1,1,0,0
33.001813,-117.263628,1,80.05,80.05,1,2943,0,0,1,0,1,0,0,1,0,0,0,0,0,0,0,0,0,0,1,0,0,0,0,1,0,0,1
33.119028,-117.166036,29,89.2,2698.35,1,5292,1,0,1,0,1,0,1,1,0,0,0,0,0,0,1,0,0,0,0,0,1,0,0,1,0,1,0
32.99356,-117.207121,19,83.65,1465.75,1,3427,1,0,1,0,1,0,1,1,0,0,0,0,0,0,0,0,0,0,0,0,1,0,0,1,0,1,0
32.741859,-117.090353,6,19.5,146.3,1,5579,0,0,1,0,1,0,0,0,1,1,0,1,0,1,0,1,0,1,0,1,0,0,0,0,0,0,0
32.71346,-117.236378,1,51.25,51.25,1,2180,1,0,0,0,1,0,0,0,0,0,0,0,0,0,0,0,1,0,0,0,0,0,0,0,0,0,1
32.787836,-117.232376,1,45.6,45.6,1,3037,1,0,0,0,1,0,0,0,0,0,0,0,0,0,0,0,0,0,0,0,0,0,0,1,0,1,0
32.805518,-117.169052,6,49.65,267.35,1,4248,0,0,0,0,1,0,0,0,0,0,0,0,0,0,0,0,1,0,0,0,0,0,0,1,0,0,0
32.898613,-117.202937,15,20.0,288.05,1,4672,1,0,1,1,1,0,0,0,1,1,0,1,0,1,0,1,0,1,0,1,0,0,0,1,0,1,0
32.827238,-117.089287,25,34.0,853.0,1,5024,0,0,1,0,0,1,0,0,0,0,0,0,0,0,0,0,0,0,1,0,0,0,0,1,0,0,0
32.886925,-117.152162,10,92.5,934.1,1,2415,1,1,1,0,1,0,0,1,0,0,0,0,1,0,1,0,1,0,1,0,0,0,0,1,0,0,1
32.961064,-117.134917,13,88.35,1222.8,1,3740,0,0,1,0,1,0,0,1,0,0,0,0,0,0,0,0,0,0,1,0,1,0,0,0,0,1,0
32.957195,-117.202542,49,107.95,5293.2,1,5785,0,0,1,0,1,0,1,1,0,0,0,0,1,0,1,0,1,0,1,0,1,0,1,1,0,0,0
33.537646,-116.291089,1,74.45,74.45,1,4291,0,1,0,0,1,0,1,1,0,0,0,0,0,0,0,0,0,0,0,0,0,0,0,1,0,0,1
33.762759,-116.324817,37,64.75,2345.2,1,5554,0,0,0,0,1,0,0,0,0,0,0,0,0,0,0,0,0,0,1,0,1,0,0,1,0,1,0
33.674583,-114.71612,26,89.8,2335.3,1,3452,1,0,0,0,1,0,0,1,0,0,0,0,1,0,1,0,0,0,1,0,0,0,0,0,0,1,0
33.680031,-116.171678,12,95.5,1115.15,1,3538,0,0,0,0,1,0,0,1,0,0,0,0,0,0,1,0,0,0,1,0,1,1,0,0,0,0,1
32.858595,-115.662709,10,29.65,291.4,1,5702,0,1,0,0,0,1,0,0,0,0,0,0,0,0,0,0,1,0,0,0,0,0,0,1,0,1,0
34.167236,-116.281511,5,84.5,453.75,1,5141,1,0,1,0,1,0,1,1,0,0,1,0,0,0,1,0,0,0,0,0,0,0,0,1,0,1,0
33.345825,-115.596574,18,90.7,1597.25,1,2931,1,0,0,0,1,0,1,1,0,0,0,0,0,0,1,0,0,0,0,0,1,0,0,1,1,0,0
33.839989,-116.659215,3,70.3,235.5,1,5165,0,1,0,0,1,0,0,1,0,0,0,0,0,0,0,0,0,0,0,0,0,0,0,1,0,1,0
34.273872,-114.192901,54,103.95,5639.05,1,6117,0,0,0,0,1,0,1,1,0,0,1,0,0,0,1,0,0,0,1,0,1,1,0,1,0,0,0
32.790282,-115.689559,10,74.75,799.65,1,5578,0,0,0,0,1,0,1,1,0,0,0,0,0,0,0,0,0,0,0,0,0,0,0,1,0,1,0
33.53604,-116.119222,1,50.8,50.8,1,4535,0,0,0,0,1,0,0,0,0,0,0,0,0,0,0,0,1,0,0,0,0,0,0,1,0,1,0
34.264124,-114.717964,2,80.25,144.55,1,5055,1,0,0,0,1,0,0,1,0,0,0,0,0,0,0,0,0,0,1,0,0,0,0,1,0,1,0
33.03679,-115.60503,32,78.9,2447.95,1,5949,1,0,1,0,1,0,1,1,0,0,0,0,0,0,1,0,0,0,0,0,0,0,0,1,0,1,0
32.852947,-114.850784,36,84.75,3050.15,1,5272,1,0,0,0,1,0,1,1,0,0,0,0,0,0,0,0,0,0,0,0,1,0,0,1,0,1,0
34.341737,-116.539416,53,85.45,4517.25,1,4753,1,0,0,0,1,0,1,1,0,0,0,0,0,0,0,0,0,0,1,0,0,0,0,0,0,0,0
34.1678,-116.86433,1,19.9,19.9,1,5441,1,0,1,1,1,0,0,0,1,1,0,1,0,1,0,1,0,1,0,1,0,0,0,0,0,0,1
34.424926,-117.184503,12,99.45,1200.15,1,2819,1,1,0,0,1,0,1,1,0,0,0,0,0,0,1,0,0,0,1,0,1,0,0,1,0,1,0
34.965648,-117.001509,1,70.6,70.6,1,4063,0,0,0,0,1,0,0,1,0,0,0,0,0,0,0,0,0,0,0,0,0,0,0,1,0,1,0
34.278967,-116.773825,5,81.0,389.6,1,3718,0,0,0,0,1,0,0,1,0,0,0,0,0,0,0,0,0,0,1,0,0,0,0,1,1,0,0
34.059722,-117.39104,6,84.85,523.5,1,3420,1,0,0,0,1,0,0,1,0,0,0,0,1,0,0,0,0,0,1,0,0,0,0,1,0,1,0
34.702766,-116.093376,26,89.15,2277.65,1,4074,0,1,0,0,1,0,1,1,0,0,0,0,1,0,0,0,0,0,1,0,0,0,0,1,0,1,0
34.244411,-117.072654,1,24.8,24.8,1,5377,0,1,1,0,0,1,0,0,0,0,0,0,0,0,0,0,0,0,0,0,0,0,0,1,0,1,0
34.129677,-117.154277,64,105.65,6903.1,1,4870,1,0,0,0,1,0,1,1,0,0,0,0,1,0,0,0,1,0,1,0,1,1,0,1,1,0,0
34.89326,-116.505958,13,80.85,1008.7,1,5964,1,0,0,0,1,0,0,1,0,0,0,0,0,0,0,0,0,0,0,0,1,0,0,1,0,1,0
34.064073,-117.166158,9,89.45,853.1,1,4971,0,0,1,0,1,0,0,1,0,0,0,0,0,0,0,0,0,0,1,0,1,0,0,0,0,1,0
34.156758,-117.404686,10,72.15,794.25,1,2457,1,0,0,0,1,0,1,0,0,0,0,0,0,0,0,0,0,0,1,0,1,0,0,1,1,0,0
35.924252,-116.188668,2,76.4,160.8,1,3005,0,0,0,0,1,0,0,0,0,0,0,0,0,0,1,0,1,0,1,0,1,0,0,0,0,1,0
34.358321,-117.618263,20,61.6,1174.35,1,3866,0,1,0,0,1,0,1,0,0,0,0,0,0,0,0,0,0,0,0,0,1,0,0,1,0,0,1
35.013299,-116.834092,9,79.9,741.7,1,4748,1,0,1,0,1,0,0,1,0,0,0,0,1,0,1,0,0,0,0,0,0,0,0,1,0,1,0
34.04597,-117.011825,32,96.15,3019.25,1,2246,1,1,0,0,1,0,1,1,0,0,0,0,0,0,0,0,0,0,1,0,1,0,0,1,1,0,0
34.183286,-117.221722,70,65.3,4759.75,1,5591,0,0,1,0,1,0,1,0,0,0,1,0,0,0,1,0,1,0,0,0,0,0,1,0,1,0,0
34.122501,-117.320138,1,19.65,19.65,1,5717,1,0,0,0,1,0,0,0,1,1,0,1,0,1,0,1,0,1,0,1,0,0,0,0,0,0,1
33.920907,-117.489426,1,84.65,84.65,1,4261,1,0,0,0,1,0,1,1,0,0,0,0,0,0,0,0,0,0,1,0,0,0,0,1,0,0,1
34.004379,-117.447864,1,69.55,69.55,1,5948,0,1,1,0,1,0,0,1,0,0,0,0,0,0,0,0,0,0,0,0,0,0,0,1,0,1,0
33.655421,-117.391751,13,31.05,347.25,1,5131,0,0,0,0,0,1,0,0,0,0,0,0,1,0,0,0,0,0,0,0,0,0,0,1,0,1,0
33.482243,-116.827173,7,51.0,354.05,1,3736,1,0,0,0,1,0,0,0,0,0,1,0,0,0,0,0,0,0,0,0,0,0,0,1,0,0,1
33.761894,-117.120868,1,44.35,44.35,1,4599,0,0,1,1,1,0,0,0,0,0,0,0,0,0,0,0,0,0,0,0,0,0,0,1,0,0,0
33.970661,-117.255039,7,79.7,586.05,1,3109,0,0,0,0,1,0,0,1,0,0,0,0,0,0,0,0,0,0,1,0,0,0,0,1,0,1,0
33.806708,-117.02007,54,55.0,3092.65,1,5282,1,0,0,1,1,0,1,0,0,0,0,0,1,0,0,0,0,0,0,0,0,0,0,1,1,0,0
33.796568,-116.924723,5,84.85,415.55,1,3305,0,1,0,0,1,0,0,1,0,0,0,0,0,0,1,0,0,0,1,0,0,0,0,1,0,0,1
33.475493,-117.219551,1,73.65,73.65,1,5443,1,1,0,0,1,0,1,1,0,0,0,0,0,0,0,0,0,0,0,0,0,0,0,1,0,1,0
33.540604,-117.10909,33,73.9,2405.05,1,5374,1,0,1,0,1,0,0,0,0,0,0,0,0,0,1,0,1,0,1,0,1,1,0,1,0,0,1
33.507255,-117.029473,55,77.75,4458.15,1,4398,0,0,1,0,1,0,1,1,0,0,0,0,0,0,1,0,0,0,0,0,0,0,0,1,0,1,0
33.716136,-117.752574,6,84.35,474.9,1,5721,0,1,1,0,1,0,1,1,0,0,0,0,0,0,0,0,0,0,0,0,1,0,0,1,0,1,0
33.458754,-117.665104,8,84.95,668.4,1,4437,0,0,0,0,1,0,0,1,0,0,1,0,0,0,0,0,0,0,1,0,0,0,0,0,0,1,0
33.600987,-117.862734,11,73.85,926.25,1,3634,1,0,0,0,1,0,0,1,0,0,0,0,0,0,0,0,1,0,0,0,0,0,0,1,0,1,0
33.645672,-117.922613,49,51.8,2541.25,1,5375,1,0,1,0,0,1,0,0,0,0,0,0,1,0,0,0,0,0,1,0,1,1,0,1,0,0,0
33.477923,-117.705314,1,46.0,46.0,1,4531,0,1,1,0,1,0,0,0,0,0,0,0,0,0,0,0,0,0,0,0,0,0,0,0,0,1,0
33.644849,-117.684254,15,79.4,1156.1,1,3621,1,1,0,0,1,0,0,1,0,0,0,0,0,0,0,0,0,0,0,0,1,0,0,1,0,1,0
33.679659,-118.016195,16,71.8,1167.8,1,3327,1,1,1,0,1,0,0,1,0,0,0,0,0,0,0,0,0,0,0,0,0,0,0,1,0,0,0
33.570023,-117.773669,44,88.4,3912.9,1,2674,1,1,1,0,1,0,1,1,0,0,0,0,1,0,0,0,0,0,0,0,1,1,0,0,0,0,1
33.634626,-117.874882,5,46.0,221.7,1,4846,0,0,0,1,1,0,0,0,0,0,0,0,0,0,0,0,0,0,0,0,0,0,0,0,0,0,1
33.782346,-117.635263,4,51.75,201.1,1,3865,1,0,0,0,1,0,1,0,0,0,0,0,0,0,0,0,0,0,0,0,0,0,0,0,1,0,0
33.631119,-117.567346,30,94.4,2838.7,1,2792,1,0,1,0,1,0,1,1,0,0,1,0,1,0,0,0,0,0,1,0,0,0,0,1,0,1,0
33.60693,-117.644253,1,70.15,70.15,1,3208,0,0,0,0,1,0,0,1,0,0,0,0,0,0,0,0,0,0,0,0,0,0,0,1,0,0,1
33.830209,-117.906099,9,34.7,296.1,1,5352,1,0,0,0,0,1,0,0,0,0,0,0,0,0,0,0,0,0,1,0,0,0,0,1,1,0,0
33.848733,-117.788357,1,81.1,81.1,1,2075,0,0,0,0,1,0,0,1,0,0,0,0,0,0,0,0,0,0,0,0,1,0,0,1,0,1,0
33.930199,-117.862898,1,20.55,20.55,1,3797,0,0,1,1,1,0,0,0,1,1,0,1,0,1,0,1,0,1,0,1,0,0,0,0,0,0,1
33.924143,-117.79387,61,106.6,6428.4,1,4183,0,0,0,0,1,0,1,1,0,0,0,0,0,0,1,0,1,0,1,0,1,0,1,1,0,1,0
33.877639,-117.961212,59,106.75,6252.9,1,4508,1,0,1,0,1,0,1,1,0,0,1,0,1,0,1,0,1,0,1,0,0,0,0,1,0,1,0
33.786738,-117.982564,3,89.45,240.45,1,3591,0,0,0,0,1,0,0,1,0,0,0,0,0,0,0,0,0,0,1,0,1,0,0,1,0,1,0
33.766476,-117.969795,3,97.9,315.3,1,4330,0,0,0,0,1,0,0,1,0,0,0,0,1,0,0,0,1,0,1,0,1,0,0,1,0,1,0
33.828779,-117.848299,1,55.7,55.7,1,4629,1,0,0,0,1,0,0,0,0,0,0,0,0,0,0,0,0,0,0,0,1,0,0,1,0,0,1
33.787796,-117.875928,13,79.8,973.45,1,5067,1,0,0,0,1,0,0,1,0,0,0,0,1,0,1,0,0,0,0,0,0,0,0,1,0,1,0
33.884073,-117.732197,18,39.05,669.85,1,2601,0,0,1,0,0,1,0,0,0,0,0,0,0,0,1,0,0,0,1,0,0,0,0,1,0,1,0
34.227846,-119.079903,3,83.9,267.4,1,3464,0,1,1,0,1,0,0,1,0,0,0,0,0,0,0,0,1,0,1,0,0,0,0,1,0,0,1
34.312945,-118.858169,1,69.85,69.85,1,5056,0,1,0,0,1,0,0,1,0,0,0,0,0,0,0,0,0,0,0,0,0,0,0,1,0,1,0
34.223244,-119.18012,1,53.55,53.55,1,2326,0,0,0,0,1,0,0,0,0,0,0,0,0,0,0,0,0,0,1,0,0,0,0,1,0,0,1
34.432843,-118.730106,70,93.9,6579.05,1,6173,0,0,1,0,1,0,1,1,0,0,1,0,1,0,1,0,1,0,0,0,0,0,1,0,0,0,0
34.402343,-119.094824,68,113.15,7856.0,1,4610,1,0,1,0,1,0,1,1,0,0,1,0,1,0,1,0,1,0,1,0,1,0,1,1,0,1,0
34.269449,-118.768471,26,84.95,2169.75,1,4316,0,1,1,0,1,0,0,1,0,0,0,0,1,0,0,0,0,0,0,0,1,0,0,0,0,1,0
34.297628,-119.014627,11,80.5,896.9,1,5119,1,0,1,0,1,0,1,1,0,0,0,0,1,0,0,0,0,0,0,0,0,0,0,1,0,0,0
34.420998,-119.60137,1,19.3,19.3,1,4266,1,0,0,0,1,0,0,0,1,1,0,1,0,1,0,1,0,1,0,1,0,0,0,1,0,0,1
34.037342,-119.80079,1,49.65,49.65,1,5338,1,0,0,0,1,0,0,0,0,0,0,0,0,0,1,0,0,0,0,0,0,0,0,1,0,0,1
34.457541,-119.631072,46,54.35,2460.15,1,2793,0,0,0,0,1,0,0,0,0,0,0,0,0,0,1,0,1,0,0,0,0,0,1,0,1,0,0
34.437945,-119.77191,4,88.45,370.65,1,2456,1,0,0,0,1,0,0,1,0,0,0,0,0,0,0,0,0,0,1,0,1,0,0,1,0,1,0
35.916943,-120.129921,22,90.5,1910.6,1,5014,1,1,0,0,1,0,1,1,0,0,0,0,0,0,0,0,1,0,1,0,0,0,0,1,0,0,0
35.451402,-119.488413,9,94.85,890.6,1,3016,1,0,1,0,1,0,0,1,0,0,0,0,1,0,1,0,1,0,1,0,0,0,0,1,0,0,1
35.865795,-118.69759,7,69.95,529.5,1,3296,1,0,1,0,1,0,0,1,0,0,0,0,0,0,0,0,0,0,0,0,0,0,0,1,0,0,0
36.04533,-119.532424,1,48.6,48.6,1,4207,0,0,0,0,1,0,0,0,0,0,1,0,0,0,0,0,0,0,0,0,0,0,0,1,1,0,0
36.301689,-119.018233,40,55.8,2109.35,1,4272,0,1,0,0,0,1,0,0,0,0,1,0,1,0,0,0,0,0,1,0,1,0,0,1,0,1,0
36.29878,-119.201028,29,80.15,2265.25,1,5189,1,0,1,0,1,0,1,1,0,0,0,0,1,0,0,0,0,0,0,0,0,0,0,1,0,0,0
35.215731,-119.57013,3,75.5,220.6,1,5948,0,0,0,0,1,0,1,1,0,0,0,0,0,0,0,0,0,0,0,0,0,0,0,1,0,1,0
36.385818,-119.224243,1,20.2,20.2,1,5394,1,0,0,0,1,0,0,0,1,1,0,1,0,1,0,1,0,1,0,1,0,0,0,1,0,0,0
34.845861,-118.885163,3,74.75,229.5,1,3972,0,0,1,0,1,0,1,1,0,0,0,0,0,0,0,0,0,0,0,0,0,0,0,1,1,0,0
36.462671,-118.997291,23,104.05,2470.1,1,5963,1,0,0,0,1,0,1,1,0,0,0,0,0,0,1,0,1,0,1,0,1,0,0,1,0,0,1
34.737031,-119.460557,13,96.65,1244.5,1,2110,0,0,0,0,1,0,1,1,0,0,1,0,1,0,0,0,0,0,1,0,0,0,0,1,0,1,0
34.956577,-119.750142,1,20.05,20.05,1,3491,1,1,0,0,1,0,0,0,1,1,0,1,0,1,0,1,0,1,0,1,0,0,0,0,0,0,1
35.676978,-118.101378,39,103.45,3994.45,1,4811,0,0,0,0,1,0,1,1,0,0,0,0,1,0,1,0,0,0,1,0,1,0,0,1,0,1,0
35.809921,-119.127437,1,19.9,19.9,1,4633,0,0,1,1,1,0,0,0,1,1,0,1,0,1,0,1,0,1,0,1,0,0,0,1,0,1,0
35.490705,-119.286833,14,46.35,667.7,1,5360,1,0,1,0,0,1,0,0,0,0,0,0,0,0,0,0,0,0,1,0,1,0,0,0,0,1,0
36.175255,-119.813805,1,19.95,19.95,1,2051,1,0,0,0,1,0,0,0,1,1,0,1,0,1,0,1,0,1,0,1,0,0,0,0,0,1,0
35.184837,-119.402525,1,79.6,79.6,1,2199,1,0,0,0,1,0,0,1,0,0,0,0,0,0,0,0,0,0,0,0,1,0,0,0,0,1,0
36.047414,-119.344304,1,75.9,75.9,1,3389,1,0,0,0,1,0,0,1,0,0,0,0,0,0,0,0,1,0,0,0,0,0,0,1,0,1,0
36.185471,-119.375243,1,76.2,76.2,1,5973,1,0,1,0,1,0,0,1,0,0,0,0,0,0,1,0,0,0,0,0,0,0,0,0,0,1,0
36.303793,-119.375646,1,19.25,19.25,1,5437,1,0,0,1,1,0,0,0,1,1,0,1,0,1,0,1,0,1,0,1,0,0,0,0,0,0,1
35.710244,-118.881679,42,84.3,3588.4,1,2514,0,0,1,0,1,0,1,1,0,0,0,0,0,0,1,0,1,0,0,0,0,0,0,1,0,1,0
36.37559,-119.211689,7,79.0,522.95,1,3735,0,0,0,0,1,0,0,1,0,0,0,0,0,0,0,0,0,0,1,0,0,0,0,1,0,1,0
35.392599,-119.245341,1,70.25,70.25,1,4133,0,0,0,0,1,0,0,1,0,0,0,0,0,0,0,0,0,0,0,0,0,0,0,1,0,1,0
35.233745,-120.626442,10,84.6,865.55,1,3320,0,1,0,0,1,0,0,1,0,0,0,0,0,0,1,0,0,0,0,0,1,0,0,1,1,0,0
35.842889,-121.004862,17,24.1,409.9,1,4648,0,0,1,1,1,0,1,0,1,1,0,1,0,1,0,1,0,1,0,1,0,0,0,0,0,0,1
34.601055,-120.382917,1,60.0,60.0,1,4531,0,0,0,1,1,0,0,0,0,0,1,0,1,0,0,0,1,0,0,0,0,0,0,1,0,1,0
34.757477,-120.550507,8,86.55,649.65,1,4193,1,0,0,0,1,0,1,1,0,0,0,0,0,0,0,0,0,0,0,0,1,0,0,1,0,1,0
34.758699,-120.275839,1,20.85,20.85,1,3817,0,1,1,0,1,0,0,0,1,1,0,1,0,1,0,1,0,1,0,1,0,0,0,1,0,0,1
35.050345,-120.489599,39,50.75,2011.4,1,4119,0,0,0,0,0,1,0,0,0,0,0,0,0,0,1,0,0,0,1,0,1,0,0,1,0,1,0
35.059695,-120.604741,58,105.5,6205.5,1,5067,0,1,1,0,1,0,0,1,0,0,1,0,1,0,0,0,1,0,1,0,1,1,0,1,1,0,0
35.165668,-120.655842,6,85.15,503.6,1,5831,1,1,0,0,1,0,0,1,0,0,1,0,0,0,0,0,0,0,1,0,0,0,0,1,0,0,0
34.624399,-120.137875,22,54.2,1152.7,1,5102,1,0,1,0,1,0,0,0,0,0,1,0,0,0,0,0,1,0,0,0,0,0,0,1,0,1,0
35.536115,-120.739231,70,109.5,7674.55,1,4191,0,0,1,0,1,0,1,1,0,0,0,0,1,0,1,0,1,0,1,0,1,1,0,1,0,1,0
35.097323,-118.171288,21,104.4,2157.95,1,3796,1,0,1,0,1,0,1,1,0,0,0,0,1,0,1,0,0,0,1,0,1,0,0,0,0,1,0
37.245505,-118.062943,71,105.1,7548.1,1,5725,1,1,1,0,1,0,1,1,0,0,1,0,1,0,0,0,0,0,1,0,1,0,0,1,1,0,0
35.358953,-118.527064,1,75.7,75.7,1,4884,0,0,0,0,1,0,0,1,0,0,0,0,1,0,0,0,0,0,0,0,0,0,0,1,0,1,0
35.363339,-117.637641,20,90.8,1951.0,1,2312,0,1,1,0,1,0,1,1,0,0,0,0,0,0,1,0,0,0,1,0,0,0,0,0,0,1,0
35.214982,-118.59049,4,97.95,384.5,1,2570,0,0,1,0,1,0,1,1,0,0,0,0,1,0,0,0,0,0,1,0,1,0,0,1,0,1,0
34.659579,-118.584212,32,108.15,3432.9,1,2541,1,0,0,0,1,0,1,1,0,0,1,0,1,0,0,0,1,0,1,0,1,0,0,1,1,0,0
34.741406,-118.38111,6,80.5,463.05,1,2181,1,0,0,0,1,0,0,1,0,0,0,0,0,0,0,0,0,0,1,0,0,0,0,1,1,0,0
36.590415,-118.073839,27,104.3,2867.75,1,3444,0,1,1,0,1,0,1,1,0,0,1,0,0,0,0,0,1,0,1,0,1,0,0,1,0,0,0
36.296851,-117.865469,1,71.35,71.35,1,5730,1,0,0,0,1,0,0,1,0,0,0,0,0,0,0,0,0,0,0,0,0,0,0,1,0,0,1
34.445239,-117.894868,13,89.4,1132.35,1,2226,0,0,0,0,1,0,1,1,0,0,0,0,1,0,1,0,1,0,0,0,0,0,0,0,0,1,0
36.64545,-118.924982,1,20.6,20.6,1,3618,1,0,0,0,1,0,0,0,1,1,0,1,0,1,0,1,0,1,0,1,0,0,0,0,0,0,1
36.798882,-120.019511,19,99.95,1931.75,1,3670,1,0,0,0,1,0,1,1,0,0,0,0,1,0,0,0,0,0,1,0,1,0,0,1,0,1,0
36.814539,-119.711868,10,81.0,818.05,1,2946,0,0,0,0,1,0,1,1,0,0,0,0,1,0,0,0,0,0,0,0,0,0,0,1,1,0,0
36.523619,-119.386868,13,70.15,916.75,1,5101,0,1,1,0,1,0,0,1,0,0,0,0,0,0,0,0,0,0,0,0,0,0,0,1,0,1,0
36.807595,-118.901544,1,70.15,70.15,1,5773,0,0,0,0,1,0,0,1,0,0,0,0,0,0,0,0,0,0,0,0,0,0,0,1,0,0,1
37.004068,-119.930027,68,96.55,6581.9,1,5957,0,1,1,0,1,0,1,1,0,0,1,0,1,0,0,0,0,0,0,0,1,1,0,1,1,0,0
36.452211,-119.94575,39,95.55,3692.85,1,2767,0,0,0,0,1,0,0,1,0,0,1,0,0,0,1,0,1,0,1,0,0,1,0,1,0,1,0
36.545322,-119.642281,1,69.65,69.65,1,4741,0,1,0,0,1,0,0,1,0,0,0,0,0,0,0,0,0,0,0,0,0,0,0,1,0,1,0
37.223,-119.001021,1,89.3,89.3,1,3067,0,1,0,0,1,0,0,1,0,0,0,0,0,0,0,0,0,0,1,0,1,0,0,1,0,1,0
36.635661,-120.288644,36,87.55,3078.1,1,2558,0,0,0,0,1,0,0,1,0,0,0,0,0,0,1,0,1,0,0,0,1,0,0,1,0,1,0
36.739385,-119.753649,15,96.3,1426.75,1,2933,0,1,0,0,1,0,0,1,0,0,1,0,0,0,1,0,1,0,0,0,1,0,0,1,0,0,1
36.833002,-119.82947,5,85.2,474.8,1,4109,0,0,0,0,1,0,1,1,0,0,0,0,0,0,0,0,0,0,1,0,0,0,0,1,0,1,0
36.878709,-119.7645,13,35.1,446.1,1,3104,0,0,0,0,0,1,0,0,0,0,0,0,0,0,0,0,0,0,0,0,1,0,0,1,0,1,0
36.793601,-119.761131,5,81.3,416.3,1,3819,1,0,1,0,1,0,1,1,0,0,0,0,1,0,0,0,0,0,0,0,0,0,0,1,0,1,0
36.64152,-121.622188,2,19.6,35.85,1,2843,0,0,0,1,1,0,0,0,1,1,0,1,0,1,0,1,0,1,0,1,0,0,0,1,0,1,0
36.624338,-121.615669,17,85.45,1451.6,1,3670,0,0,1,0,1,0,1,1,0,0,0,0,0,0,0,0,0,0,0,0,1,0,0,1,0,1,0
36.554618,-121.922239,1,71.0,71.0,1,4207,1,0,1,0,1,0,0,1,0,0,0,0,0,0,0,0,0,0,0,0,0,0,0,1,0,1,0
36.596271,-121.442274,9,85.05,746.5,1,5095,1,1,0,0,1,0,1,1,0,0,0,0,0,0,0,0,0,0,0,0,1,0,0,1,0,1,0
36.248708,-121.386617,1,44.4,44.4,1,4067,1,0,0,1,1,0,0,0,0,0,0,0,0,0,0,0,0,0,0,0,0,0,0,1,0,1,0
36.125529,-120.864443,1,70.3,70.3,1,4962,1,1,1,0,1,0,0,1,0,0,0,0,0,0,0,0,0,0,0,0,0,0,0,1,0,1,0
36.625114,-121.823565,1,79.35,79.35,1,3492,0,0,1,0,1,0,0,1,0,0,0,0,0,0,0,0,0,0,1,0,0,0,0,1,0,0,0
37.57028,-122.365778,9,90.8,809.75,1,2578,0,0,0,0,1,0,0,1,0,0,0,0,0,0,0,0,0,0,1,0,1,0,0,1,0,0,0
37.691561,-122.445202,20,70.45,1470.95,1,4773,1,0,1,0,1,0,0,1,0,0,0,0,0,0,0,0,0,0,0,0,0,0,0,1,0,1,0
37.369709,-122.215844,70,45.25,3264.45,1,5824,1,1,0,0,0,1,0,0,0,0,0,0,0,0,0,0,0,0,1,0,1,1,0,1,0,1,0
37.380662,-122.086022,3,75.8,246.3,1,5475,0,0,0,0,1,0,1,1,0,0,0,0,0,0,0,0,0,0,0,0,0,0,0,1,0,1,0
37.461251,-122.235414,20,71.3,1389.2,1,3684,1,1,0,0,1,0,0,1,0,0,0,0,0,0,0,0,0,0,0,0,0,0,0,0,1,0,0
37.499411,-122.196318,21,69.1,1474.75,1,3853,1,1,1,0,1,0,0,1,0,0,0,0,0,0,0,0,0,0,0,0,0,0,0,1,0,1,0
37.654436,-122.426468,17,88.25,1460.65,1,4041,0,0,1,0,1,0,1,1,0,0,0,0,0,0,1,0,0,0,1,0,0,0,0,0,0,1,0
37.421633,-122.009613,2,70.0,153.05,1,2928,0,0,0,0,1,0,0,1,0,0,0,0,0,0,0,0,0,0,0,0,0,0,0,0,0,0,0
37.791222,-122.402241,21,97.35,2119.5,1,4321,0,0,0,0,1,0,1,1,0,0,0,0,0,0,0,0,0,0,1,0,1,0,0,1,0,1,0
37.720498,-122.443119,5,25.9,135.0,1,2102,1,0,1,1,1,0,1,0,1,1,0,1,0,1,0,1,0,1,0,1,0,0,0,1,0,0,0
37.758085,-122.434801,24,55.65,1400.55,1,4126,1,0,0,0,1,0,1,0,0,0,1,0,0,0,0,0,0,0,0,0,0,0,0,1,0,0,0
37.786031,-122.437301,1,69.65,69.65,1,2418,0,0,0,0,1,0,0,1,0,0,0,0,0,0,0,0,0,0,0,0,0,0,0,1,0,1,0
37.770533,-122.445121,10,100.6,1060.2,1,4001,0,0,0,0,1,0,1,1,0,0,0,0,0,0,1,0,0,0,1,0,1,0,0,1,0,1,0
37.776718,-122.495781,1,86.0,86.0,1,5359,0,1,0,0,1,0,0,1,0,0,0,0,1,0,0,0,0,0,0,0,1,0,0,1,0,1,0
37.760412,-122.484966,53,106.95,5785.5,1,5550,0,0,0,0,1,0,1,1,0,0,1,0,0,0,1,0,0,0,1,0,1,1,0,1,1,0,0
37.736535,-122.45732,3,29.6,79.45,1,2734,1,0,0,0,0,1,0,0,0,0,0,0,1,0,0,0,0,0,0,0,0,0,0,1,0,1,0
37.722302,-122.491129,46,59.9,2816.65,1,4011,1,1,1,0,0,1,0,0,0,0,0,0,1,0,1,0,1,0,1,0,1,1,0,1,0,0,0
37.45809,-122.115398,49,95.6,4783.5,1,5732,0,0,1,0,1,0,1,1,0,0,0,0,0,0,0,0,0,0,1,0,1,0,0,1,0,1,0
37.416159,-122.131337,11,41.6,470.6,1,3119,1,0,0,0,0,1,0,0,0,0,0,0,0,0,1,0,0,0,1,0,0,1,0,1,0,1,0
37.538309,-122.305109,45,100.85,4740.0,1,4898,1,0,0,0,1,0,1,1,0,0,0,0,1,0,0,0,0,0,1,0,1,0,0,1,1,0,0
38.542448,-122.419923,37,40.2,1448.8,1,3627,1,0,1,1,0,1,0,0,0,0,1,0,1,0,1,0,0,0,0,0,0,0,0,0,0,0,0
37.980057,-121.801599,49,84.5,4254.85,1,4639,1,0,1,0,1,0,1,1,0,0,0,0,0,0,0,0,0,0,1,0,0,0,0,0,0,1,0
37.83323,-121.601461,14,78.95,1101.85,1,5203,0,1,0,0,1,0,1,1,0,0,0,0,1,0,0,0,0,0,0,0,0,0,0,1,0,1,0
37.881842,-121.848111,1,20.2,20.2,1,5418,1,0,0,0,1,0,0,0,1,1,0,1,0,1,0,1,0,1,0,1,0,0,0,0,0,0,1
37.971421,-121.971504,47,85.2,3969.35,1,4661,0,1,0,0,1,0,1,1,0,0,0,0,1,0,1,0,0,0,0,0,0,0,0,1,0,0,0
38.014457,-122.115432,13,98.0,1237.85,1,3714,1,1,1,0,1,0,0,1,0,0,0,0,1,0,1,0,0,0,1,0,1,0,0,1,0,1,0
37.555473,-122.080312,5,94.45,498.1,1,4580,1,0,1,0,1,0,0,1,0,0,0,0,0,0,1,0,0,0,1,0,1,0,0,1,0,1,0
37.827946,-122.107185,3,105.0,294.45,1,5960,1,1,0,0,1,0,1,1,0,0,0,0,1,0,1,0,0,0,1,0,1,0,0,1,0,1,0
38.489789,-122.27011,26,93.85,2381.55,1,2591,0,1,1,0,1,0,1,1,0,0,0,0,1,0,1,0,0,0,0,0,1,0,0,1,0,1,0
37.999406,-121.686241,8,84.0,613.4,1,4819,0,1,1,0,1,0,1,1,0,0,0,0,0,0,0,0,0,0,0,0,1,0,0,1,0,1,0
38.672708,-122.403219,9,48.75,442.2,1,4359,0,0,1,0,0,1,0,0,0,0,0,0,0,0,1,0,0,0,1,0,1,0,0,1,0,1,0
37.713926,-121.928425,1,84.85,84.85,1,3086,1,0,0,0,1,0,0,1,0,0,0,0,0,0,1,0,0,0,1,0,0,0,0,1,0,1,0
38.035707,-122.196821,12,56.65,654.85,1,3043,1,0,0,0,1,0,0,0,0,0,1,0,0,0,0,0,1,0,0,0,0,0,0,0,0,0,1
38.027218,-122.23463,42,73.9,3160.55,1,2774,0,0,0,0,1,0,0,0,0,0,1,0,1,0,1,0,1,0,0,0,1,1,0,0,1,0,0
38.581354,-122.296283,33,24.5,740.3,1,5194,0,0,1,0,1,0,1,0,1,1,0,1,0,1,0,1,0,1,0,1,0,0,1,1,0,0,1
37.59485,-122.051521,31,89.9,2806.9,1,2031,0,0,0,0,1,0,1,1,0,0,0,0,0,0,1,0,0,0,0,0,1,0,0,1,0,1,0
37.685052,-121.912061,18,78.55,1422.65,1,3521,1,1,1,0,1,0,0,1,0,0,0,0,0,0,0,0,0,0,0,0,1,0,0,0,0,1,0
37.776523,-122.219268,42,99.45,4138.05,1,4624,1,0,1,0,1,0,1,1,0,0,0,0,1,0,1,0,1,0,0,0,1,0,0,1,0,1,0
37.803883,-122.208417,4,25.2,102.5,1,4694,1,1,0,0,0,1,0,0,0,0,0,0,0,0,0,0,0,0,0,0,0,0,0,1,0,0,0
37.739113,-122.175602,12,74.05,872.65,1,4149,0,0,0,0,1,0,1,0,0,0,0,0,0,0,0,0,1,0,1,0,1,1,0,0,0,0,1
37.83726,-122.287648,15,55.0,757.1,1,3167,0,1,0,0,1,0,1,0,0,0,0,0,0,0,0,0,1,0,0,0,0,0,0,0,1,0,0
37.828416,-122.216005,7,89.75,608.8,1,3807,1,0,1,0,1,0,0,1,0,0,0,0,1,0,0,0,1,0,1,0,0,0,0,1,0,1,0
37.890274,-122.295192,14,85.15,1139.2,1,4550,1,0,1,0,1,0,1,1,0,0,0,0,0,0,0,0,0,0,0,0,1,0,0,1,0,1,0
37.945288,-122.383941,3,94.6,279.55,1,3019,1,1,1,0,1,0,1,1,0,0,0,0,0,0,0,0,0,0,1,0,1,0,0,1,0,1,0
37.921034,-122.341798,16,94.25,1483.25,1,2827,1,0,0,0,1,0,0,1,0,0,1,0,0,0,0,0,0,0,1,0,1,0,0,1,0,1,0
37.941456,-122.320968,65,72.45,4653.85,1,4415,1,0,1,0,1,0,1,0,0,0,1,0,1,0,1,0,0,0,0,0,1,1,0,0,1,0,0
37.972662,-122.491452,42,105.2,4400.75,1,2317,0,0,0,0,1,0,1,1,0,0,1,0,0,0,1,0,0,0,1,0,1,0,0,1,0,1,0
38.34719,-122.697822,6,82.85,460.25,1,4458,1,0,1,0,1,0,1,1,0,0,0,0,0,0,0,0,0,0,1,0,0,0,0,1,0,1,0
37.937082,-122.532369,53,103.85,5485.5,1,5860,1,1,1,0,1,0,1,1,0,0,0,0,1,0,1,0,0,0,1,0,1,0,0,1,0,1,0
38.135897,-122.563683,5,83.6,404.2,1,4565,0,0,1,0,1,0,0,1,0,0,0,0,1,0,0,0,0,0,0,0,1,0,0,1,0,1,0
38.052209,-122.775567,68,108.45,7176.55,1,4454,1,0,0,0,1,0,1,1,0,0,0,0,1,0,1,0,1,0,1,0,1,1,0,0,0,1,0
37.848641,-122.515692,3,91.5,242.95,1,5646,0,0,1,0,1,0,1,1,0,0,0,0,1,0,0,0,0,0,0,0,1,0,0,1,1,0,0
38.005839,-122.638155,12,80.85,866.45,1,4306,1,0,1,0,1,0,0,1,0,0,1,0,0,0,0,0,1,0,0,0,0,0,0,0,0,0,0
37.013471,-121.877877,43,49.05,2076.2,1,4044,0,0,0,0,0,1,0,0,0,0,0,0,0,0,1,0,0,0,1,0,1,0,0,1,0,0,0
37.078873,-122.090386,68,105.3,7299.65,1,6284,1,1,1,0,1,0,1,1,0,0,0,0,1,0,1,0,0,0,1,0,1,0,0,1,0,1,0
37.171727,-122.142961,25,88.95,2291.2,1,3878,1,1,0,0,1,0,1,1,0,0,0,0,1,0,0,0,0,0,1,0,0,0,0,1,0,1,0
37.279689,-121.954567,66,110.85,7491.75,1,4281,1,1,1,0,1,0,1,1,0,0,0,0,1,0,1,0,1,0,1,0,1,1,0,1,0,1,0
37.306612,-122.080621,70,114.2,7723.9,1,5947,0,0,1,0,1,0,1,1,0,0,1,0,1,0,1,0,1,0,1,0,1,0,1,1,0,0,0
37.114335,-122.237162,27,36.5,1032.0,1,4564,1,1,1,0,0,1,0,0,0,0,0,0,0,0,0,0,0,0,0,0,1,0,0,0,0,0,0
37.089111,-122.062213,1,70.75,70.75,1,3963,0,0,0,0,1,0,0,1,0,0,0,0,0,0,0,0,0,0,0,0,0,0,0,0,0,0,1
36.875409,-121.279679,3,40.15,130.75,1,4710,1,0,0,0,0,1,0,0,0,0,0,0,0,0,1,0,0,0,1,0,0,0,0,1,0,0,1
37.161544,-121.649371,29,94.45,2653.65,1,2233,1,1,1,0,1,0,1,1,0,0,0,0,0,0,0,0,0,0,1,0,1,0,0,1,0,1,0
37.351214,-121.952417,36,97.35,3457.9,1,4544,0,0,1,0,1,0,1,1,0,0,0,0,1,0,1,0,0,0,1,0,0,0,0,1,0,0,0
36.931654,-121.752383,1,45.3,45.3,1,4954,1,0,0,0,0,1,0,0,0,0,0,0,0,0,0,0,0,0,1,0,1,0,0,1,0,0,1
37.284265,-121.827673,2,94.95,178.1,1,4493,1,0,0,0,1,0,0,1,0,0,0,0,0,0,1,0,0,0,1,0,1,0,0,0,0,1,0
37.333851,-121.891147,12,44.55,480.6,1,4162,0,0,0,1,1,0,0,0,0,0,0,0,0,0,0,0,0,0,0,0,0,0,0,1,0,1,0
37.304681,-121.809955,1,23.45,23.45,1,4517,1,0,1,0,0,1,0,0,0,0,0,0,0,0,0,0,0,0,0,0,0,0,0,1,0,1,0
37.375156,-121.795867,1,29.7,29.7,1,3383,1,0,0,0,0,1,0,0,0,0,1,0,0,0,0,0,0,0,0,0,0,0,0,0,0,0,1
37.305622,-122.000887,59,101.1,6039.9,1,4160,0,0,1,0,1,0,1,1,0,0,0,0,1,0,0,0,0,0,1,0,1,0,0,0,0,1,0
37.424655,-121.74841,3,50.65,151.3,1,2876,0,0,0,0,1,0,1,0,0,0,0,0,0,0,0,0,0,0,0,0,0,0,0,1,0,0,1
37.28682,-121.723877,1,55.4,55.4,1,2294,0,0,0,0,1,0,0,0,0,0,0,0,0,0,0,0,0,0,0,0,1,0,0,1,0,1,0
37.270938,-121.851046,1,90.6,90.6,1,2905,0,1,1,0,1,0,1,1,0,0,0,0,1,0,0,0,0,0,1,0,0,0,0,1,0,1,0
37.218705,-121.762429,2,86.85,156.35,1,5204,1,1,1,0,1,0,1,1,0,0,0,0,0,0,0,0,0,0,1,0,0,0,0,1,0,0,1
38.044523,-121.348048,29,99.05,2952.85,1,3179,0,1,1,0,1,0,1,1,0,0,0,0,0,0,1,0,0,0,1,0,1,0,0,1,0,0,0
38.200231,-121.235034,52,111.25,5916.45,1,4861,0,0,0,0,1,0,1,1,0,0,1,0,1,0,0,0,1,0,1,0,1,1,0,1,1,0,0
38.071327,-120.632221,2,55.1,113.35,1,4235,1,0,0,0,1,0,0,0,0,0,1,0,0,0,1,0,0,0,0,0,0,0,0,1,0,0,1
38.244806,-120.417301,13,102.25,1359.0,1,2003,1,0,1,0,1,0,1,1,0,0,0,0,0,0,1,0,0,0,1,0,1,0,0,1,1,0,0
38.055562,-120.456298,19,95.9,1777.9,1,2851,1,1,0,0,1,0,0,1,0,0,0,0,0,0,1,0,0,0,1,0,1,0,0,1,1,0,0
38.169605,-121.310964,47,95.05,4504.55,1,5214,0,1,0,0,1,0,1,1,0,0,0,0,1,0,0,0,1,0,1,0,0,0,0,1,0,1,0
38.085839,-120.37855,5,53.85,259.8,1,5435,0,0,0,0,1,0,0,0,0,0,1,0,0,0,0,0,1,0,0,0,0,0,0,0,1,0,0
37.422961,-120.765493,52,104.2,5568.35,1,5648,1,1,1,0,1,0,1,1,0,0,1,0,0,0,1,0,0,0,1,0,1,0,0,1,0,1,0
37.524721,-120.757977,42,50.25,2203.65,1,4873,0,0,1,0,1,0,1,0,0,0,0,0,0,0,0,0,0,0,0,0,0,0,0,1,0,1,0
37.902968,-119.667544,25,99.5,2369.05,1,5932,0,0,0,0,1,0,0,1,0,0,0,0,1,0,1,0,0,0,1,0,1,0,0,1,0,1,0
37.5923,-120.853288,9,71.0,672.55,1,2236,0,0,0,0,1,0,0,1,0,0,0,0,0,0,0,0,0,0,0,0,0,0,0,0,0,1,0
37.84771,-120.486589,16,93.2,1573.7,1,5497,0,0,0,0,1,0,0,1,0,0,0,0,1,0,1,0,0,0,0,0,1,0,0,1,1,0,0
37.80821,-121.308401,5,19.35,126.05,1,3864,1,0,1,0,1,0,0,0,1,1,0,1,0,1,0,1,0,1,0,1,0,0,0,0,0,0,1
37.361987,-120.748394,3,19.85,64.55,1,2158,1,0,0,0,1,0,0,0,1,1,0,1,0,1,0,1,0,1,0,1,0,0,0,0,0,0,1
37.671806,-121.007575,31,104.2,3243.45,1,5000,0,0,1,0,1,0,1,1,0,0,0,0,0,0,1,0,1,0,1,0,1,0,0,1,0,1,0
37.639029,-120.964772,1,79.25,79.25,1,5533,1,0,0,0,1,0,0,1,0,0,0,0,0,0,0,0,0,0,0,0,1,0,0,1,0,1,0
37.672906,-120.946594,1,44.9,44.9,1,2632,0,0,0,0,1,0,0,0,0,0,0,0,0,0,0,0,0,0,0,0,0,0,0,1,0,0,0
37.612612,-121.108568,10,70.1,659.65,1,2457,1,0,1,0,1,0,0,1,0,0,0,0,0,0,0,0,0,0,0,0,0,0,0,1,0,1,0
37.785033,-120.776141,4,29.65,118.5,1,4207,1,0,0,0,0,1,0,0,0,0,0,0,0,0,1,0,0,0,0,0,0,0,0,1,0,1,0
38.224869,-119.755729,43,77.85,3365.85,1,5107,1,0,0,0,1,0,1,1,0,0,0,0,1,0,0,0,0,0,0,0,0,0,0,1,0,1,0
37.329725,-120.306399,4,54.3,195.3,1,5834,1,0,0,0,1,0,0,0,0,0,0,0,0,0,0,0,0,0,0,0,1,0,0,0,0,1,0
37.734971,-120.954271,11,95.15,997.65,1,4074,0,1,0,0,1,0,1,1,0,0,0,0,0,0,0,0,0,0,1,0,1,0,0,1,0,0,0
37.939768,-120.188002,47,110.85,5275.8,1,3344,1,0,1,0,1,0,1,1,0,0,1,0,0,0,1,0,1,0,1,0,1,1,0,1,1,0,0
37.609095,-121.263381,1,80.5,80.5,1,2734,1,0,0,0,1,0,0,1,0,0,0,0,0,0,0,0,0,0,0,0,1,0,0,0,0,1,0
38.460517,-122.790335,4,72.2,305.55,1,5668,1,0,0,0,1,0,1,1,0,0,0,0,0,0,0,0,0,0,0,0,0,0,0,1,0,0,0
38.526941,-122.709096,17,51.5,900.5,1,5659,1,0,0,0,1,0,0,0,0,0,0,0,0,0,0,0,1,0,0,0,0,0,0,0,0,0,1
38.394091,-122.739814,43,89.55,3856.75,1,3802,1,1,0,0,1,0,0,1,0,0,0,0,0,0,0,0,0,0,1,0,1,0,0,1,0,0,1
38.731055,-123.316553,21,77.5,1625.0,1,5353,1,0,1,0,1,0,1,0,0,0,1,0,1,0,0,0,1,0,1,0,0,1,0,0,0,0,1
39.361283,-123.784599,42,95.25,3959.35,1,2075,1,0,1,0,1,0,1,1,0,0,0,0,1,0,1,0,0,0,1,0,0,0,0,1,0,0,0
38.965804,-122.631779,46,85.0,3969.4,1,2097,1,1,0,0,1,0,0,1,0,0,1,0,0,0,0,0,0,0,0,0,1,0,0,0,0,1,0
39.239818,-123.565432,5,85.75,470.95,1,3608,0,0,1,0,1,0,0,1,0,0,0,0,0,0,0,0,1,0,1,0,0,0,0,1,0,1,0
38.348884,-122.51699,6,98.25,560.6,1,3330,0,1,0,0,1,0,1,1,0,0,0,0,1,0,0,0,0,0,1,0,1,0,0,1,0,1,0
38.493888,-122.777141,1,25.7,25.7,1,4095,0,1,0,0,0,1,0,0,0,0,0,0,0,0,0,0,0,0,0,0,0,0,0,1,0,0,1
38.434362,-122.86891,7,69.0,506.9,1,5672,0,0,1,0,1,0,0,1,0,0,0,0,0,0,0,0,0,0,0,0,0,0,0,1,0,1,0
38.93706,-123.118111,2,46.05,80.35,1,4662,1,0,0,0,1,0,0,0,0,0,0,0,0,0,0,0,0,0,0,0,0,0,0,0,0,0,0
39.080469,-122.955176,1,76.4,76.4,1,2426,0,1,1,0,1,0,0,1,0,0,0,0,1,0,0,0,0,0,0,0,0,0,0,1,0,0,1
39.806141,-123.531098,5,100.5,514.0,1,5180,0,0,0,0,1,0,1,1,0,0,0,0,0,0,1,0,0,0,1,0,1,0,0,1,0,1,0
39.141934,-122.770679,22,40.05,880.2,1,2061,1,1,1,1,0,1,0,0,0,0,1,0,0,0,0,0,0,0,0,0,1,0,0,0,0,0,1
39.305545,-123.743697,1,69.95,69.95,1,5066,1,0,0,0,1,0,0,1,0,0,0,0,0,0,0,0,0,0,0,0,0,0,0,0,0,1,0
39.182916,-123.552571,1,93.3,93.3,1,2578,1,0,0,0,1,0,1,1,0,0,0,0,0,0,0,0,0,0,1,0,1,0,0,1,0,1,0
39.12334,-122.838198,3,49.15,169.05,1,5598,1,0,0,0,1,0,0,0,0,0,0,0,0,0,1,0,0,0,0,0,0,0,0,1,0,1,0
38.888351,-123.239647,1,35.05,35.05,1,3706,0,0,0,0,0,1,0,0,0,0,0,0,0,0,0,0,0,0,0,0,1,0,0,0,0,0,1
38.696659,-123.436861,1,73.0,73.0,1,4116,0,1,0,0,1,0,0,1,0,0,0,0,1,0,0,0,0,0,0,0,0,0,0,1,0,1,0
40.372532,-123.525626,33,83.85,2716.3,1,2583,1,1,0,0,1,0,1,1,0,0,0,0,1,0,1,0,0,0,0,0,0,0,0,1,1,0,0
40.854512,-123.450097,1,70.1,70.1,1,3706,0,0,0,0,1,0,0,1,0,0,0,0,0,0,0,0,0,0,0,0,0,0,0,1,0,1,0
40.057784,-123.679461,2,70.65,142.35,1,2189,0,1,0,0,1,0,0,1,0,0,0,0,0,0,0,0,0,0,0,0,0,0,0,1,0,1,0
40.557314,-124.081662,2,20.35,33.2,1,5627,1,0,0,0,1,0,0,0,1,1,0,1,0,1,0,1,0,1,0,1,0,0,0,0,0,0,1
40.210895,-123.86,3,99.0,287.4,1,5236,0,0,0,0,1,0,0,1,0,0,1,0,0,0,1,0,0,0,1,0,1,0,0,1,1,0,0
40.274302,-124.210902,26,83.95,2254.2,1,5869,1,0,0,0,1,0,1,1,0,0,0,0,0,0,0,0,0,0,0,0,1,0,0,1,0,1,0
40.142256,-123.852927,67,116.2,7752.3,1,4495,1,0,0,0,1,0,1,1,0,0,1,0,1,0,1,0,1,0,1,0,1,0,1,0,1,0,0
40.485849,-124.163234,71,93.7,6585.35,1,4296,0,0,1,0,1,0,1,1,0,0,0,0,0,0,0,0,0,0,1,0,1,0,1,1,0,0,0
41.950683,-124.097094,1,19.7,19.7,1,5707,1,0,0,0,1,0,0,0,1,1,0,1,0,1,0,1,0,1,0,1,0,0,0,0,0,0,1
40.053159,-123.995867,5,75.55,413.65,1,4600,0,0,0,0,1,0,1,1,0,0,0,0,0,0,0,0,0,0,0,0,0,0,0,0,0,1,0
38.431407,-120.8421,9,77.65,714.15,1,3847,0,0,0,0,1,0,0,1,0,0,0,0,0,0,0,0,0,0,1,0,0,0,0,1,0,0,0
38.99003,-121.114408,26,95.0,2497.2,1,4232,0,1,0,0,1,0,1,1,0,0,1,0,1,0,0,0,0,0,0,0,1,0,0,1,0,1,0
38.384648,-121.578701,54,105.4,5643.4,1,4406,1,0,0,0,1,0,0,1,0,0,1,0,1,0,0,0,1,0,1,0,1,1,0,1,1,0,0
38.880622,-120.973865,2,95.85,197.7,1,3790,1,0,0,0,1,0,0,1,0,0,0,0,0,0,1,0,0,0,1,0,1,0,0,1,0,1,0
38.683605,-120.811852,1,79.15,79.15,1,4243,1,0,0,0,1,0,1,1,0,0,0,0,1,0,0,0,0,0,0,0,0,0,0,1,0,1,0
38.434138,-121.30587,30,19.65,655.85,1,2486,0,0,1,0,1,0,0,0,1,1,0,1,0,1,0,1,0,1,0,1,0,0,0,0,0,0,0
38.349195,-121.902943,4,79.0,303.15,1,2085,0,0,0,0,1,0,0,1,0,0,0,0,0,0,0,0,0,0,1,0,0,0,0,1,0,1,0
38.652065,-121.25441,17,91.85,1574.45,1,5643,0,0,1,0,1,0,0,1,0,0,1,0,0,0,0,0,1,0,1,0,0,0,0,0,0,1,0
38.636102,-120.522149,60,106.0,6441.4,1,5507,0,1,0,0,1,0,1,1,0,0,0,0,0,0,1,0,1,0,1,0,1,1,0,1,0,1,0
38.336216,-120.76901,1,49.9,49.9,1,3113,1,0,0,1,1,0,0,0,0,0,0,0,0,0,0,0,1,0,0,0,0,0,0,1,0,0,1
38.631489,-120.015167,13,100.35,1358.85,1,2008,0,0,0,0,1,0,1,1,0,0,1,0,0,0,0,0,0,0,1,0,1,0,0,1,0,1,0
38.815515,-120.916997,38,74.95,2869.85,1,5165,0,1,1,0,1,0,1,1,0,0,0,0,0,0,0,0,0,0,0,0,0,0,0,1,0,0,0
38.549822,-121.266725,1,49.25,49.25,1,4478,1,1,1,1,1,0,0,0,0,0,0,0,0,0,0,0,1,0,0,0,0,0,0,1,1,0,0
38.689174,-121.218435,50,103.7,5071.05,1,5897,1,0,1,0,1,0,1,1,0,0,0,0,1,0,0,0,1,0,1,0,1,0,0,0,0,1,0
38.833554,-121.498102,65,89.75,5769.6,1,6110,1,0,1,0,1,0,1,1,0,0,1,0,1,0,1,0,0,0,0,0,0,1,0,0,0,1,0
38.724322,-120.991237,1,20.3,20.3,1,3830,0,0,0,0,1,0,0,0,1,1,0,1,0,1,0,1,0,1,0,1,0,0,0,1,0,0,1
38.759751,-121.288545,7,101.95,700.85,1,2016,1,1,1,0,1,0,1,1,0,0,0,0,0,0,1,0,0,0,1,0,1,0,0,1,0,1,0
38.470423,-121.114897,2,94.0,181.7,1,5569,1,1,0,0,1,0,1,1,0,0,0,0,0,0,0,0,0,0,1,0,1,0,0,1,0,1,0
38.432145,-120.77069,45,89.3,4016.85,1,4880,0,0,0,0,1,0,1,1,0,0,0,0,1,0,0,0,0,0,1,0,0,0,0,1,1,0,0
38.240419,-121.587535,1,74.3,74.3,1,5996,0,0,0,0,1,0,0,1,0,0,0,0,1,0,0,0,0,0,0,0,0,0,0,1,1,0,0
39.043387,-121.409837,1,44.65,44.65,1,3704,1,0,0,0,0,1,0,0,0,0,0,0,1,0,0,0,1,0,0,0,1,0,0,1,0,0,1
38.392559,-121.225093,13,84.05,1095.3,1,4745,1,0,1,0,1,0,0,1,0,0,1,0,0,0,0,0,0,0,0,0,1,0,0,0,0,1,0
38.578604,-122.024579,10,80.7,788.8,1,3492,1,0,0,0,1,0,1,1,0,0,0,0,1,0,0,0,0,0,0,0,0,0,0,1,0,0,0
39.197215,-120.83679,4,101.7,364.55,1,2777,1,0,0,0,1,0,1,1,0,0,0,0,1,0,0,0,0,0,1,0,1,0,0,1,0,1,0
38.766036,-120.209673,1,20.4,20.4,1,3663,0,0,0,0,1,0,0,0,1,1,0,1,0,1,0,1,0,1,0,1,0,0,0,0,0,0,1
38.591134,-121.161585,41,102.6,4213.35,1,2098,1,0,1,0,1,0,1,1,0,0,0,0,0,0,1,0,1,0,1,0,1,1,0,1,0,1,0
38.35363,-121.44195,71,106.0,7723.7,1,4072,1,0,1,0,1,0,1,1,0,0,0,0,1,0,1,0,0,0,1,0,1,0,1,1,0,0,0
38.694081,-121.694431,3,55.1,154.65,1,4412,0,0,0,1,1,0,0,0,0,0,1,0,0,0,0,0,1,0,0,0,0,0,0,1,0,0,1
38.53508,-121.444144,69,106.5,7348.8,1,4859,1,0,0,0,1,0,1,1,0,0,0,0,0,0,1,0,1,0,1,0,1,0,1,1,0,0,0
38.590035,-121.412455,32,91.05,2954.5,1,3590,0,0,1,0,1,0,1,1,0,0,0,0,0,0,1,0,0,0,0,0,1,0,0,1,0,0,0
38.486502,-121.334051,51,77.5,3807.35,1,5748,0,1,1,0,1,0,1,1,0,0,1,0,0,0,0,0,0,0,0,0,0,0,0,1,0,1,0
38.691607,-121.602284,72,54.2,3937.45,1,4481,0,0,1,0,0,1,0,0,0,0,0,0,1,0,1,0,0,0,1,0,1,0,1,1,0,1,0
38.715498,-121.363411,6,69.25,418.4,1,5816,0,0,0,0,1,0,0,1,0,0,0,0,0,0,0,0,0,0,0,0,0,0,0,1,0,0,1
39.396585,-121.38029,1,50.5,50.5,1,2077,1,0,0,0,1,0,0,0,0,0,0,0,0,0,1,0,0,0,0,0,0,0,0,1,0,1,0
39.440687,-121.263583,1,74.4,74.4,1,3429,1,1,0,0,1,0,1,1,0,0,0,0,0,0,0,0,0,0,0,0,0,0,0,1,0,1,0
39.681488,-121.83721,31,79.45,2587.7,1,2872,1,0,0,0,1,0,1,0,0,0,0,0,1,0,0,0,1,0,1,0,1,1,0,1,0,0,1
39.381174,-121.21191,58,104.65,6219.6,1,5411,1,0,0,0,1,0,1,1,0,0,0,0,0,0,1,0,1,0,1,0,1,1,0,1,0,1,0
39.531028,-121.24807,47,100.05,4871.05,1,5166,1,1,1,0,1,0,1,1,0,0,0,0,0,0,1,0,0,0,1,0,1,0,0,1,0,1,0
39.346898,-121.759537,44,100.55,4398.15,1,3486,1,0,0,0,1,0,0,1,0,0,0,0,1,0,0,0,1,0,1,0,1,0,0,0,0,1,0
39.033058,-121.895718,2,95.65,167.3,1,5332,1,0,0,0,1,0,0,1,0,0,0,0,1,0,0,0,0,0,1,0,1,0,0,0,0,1,0
39.748037,-122.302169,1,94.4,94.4,1,5764,0,0,0,0,1,0,0,1,0,0,0,0,0,0,1,0,0,0,1,0,1,0,0,0,0,1,0
39.971228,-121.041166,1,55.0,55.0,1,3809,0,0,0,0,1,0,0,0,0,0,0,0,0,0,0,0,0,0,1,0,0,0,0,1,1,0,0
39.225634,-121.156163,1,101.45,101.45,1,4390,1,0,0,0,1,0,1,1,0,0,0,0,0,0,1,0,0,0,1,0,1,0,0,1,0,1,0
39.58458,-121.093256,5,67.95,350.3,1,3889,0,0,1,0,1,0,1,0,0,0,0,0,0,0,1,0,1,0,1,0,0,0,0,0,0,0,0
40.053684,-120.743116,1,69.5,69.5,1,3365,0,0,0,0,1,0,0,1,0,0,0,0,0,0,0,0,0,0,0,0,0,0,0,1,0,1,0
40.022184,-121.062384,1,18.85,18.85,1,4132,1,0,0,0,1,0,0,0,1,1,0,1,0,1,0,1,0,1,0,1,0,0,0,1,0,0,1
39.117537,-122.284654,1,69.2,69.2,1,4073,0,0,0,0,1,0,0,1,0,0,0,0,0,0,0,0,0,0,0,0,0,0,0,1,0,1,0
40.587919,-122.464732,1,69.65,69.65,1,5258,1,0,0,0,1,0,0,1,0,0,0,0,0,0,0,0,0,0,0,0,0,0,0,1,0,1,0
40.527834,-122.318749,40,101.85,4086.3,1,2837,1,1,1,0,1,0,1,1,0,0,1,0,0,0,0,0,0,0,1,0,1,0,0,0,0,1,0
41.171578,-120.913161,1,82.3,82.3,1,4278,0,0,0,0,1,0,0,1,0,0,0,0,1,0,1,0,0,0,0,0,0,0,0,1,0,1,0
40.946785,-121.719489,3,79.25,267.6,1,4183,1,0,0,0,1,0,0,1,0,0,0,0,0,0,0,0,0,0,1,0,0,0,0,0,0,1,0
41.486953,-120.913975,13,84.6,1115.2,1,2659,0,0,0,0,1,0,1,1,0,0,0,0,0,0,0,0,0,0,0,0,1,0,0,1,0,1,0
40.936285,-121.572692,58,93.4,5435.6,1,5989,0,0,1,0,1,0,1,1,0,0,1,0,1,0,0,0,0,0,0,0,1,0,0,1,0,0,0
41.121108,-122.336613,42,94.2,4186.3,1,5458,0,0,1,0,1,0,1,1,0,0,0,0,0,0,0,0,0,0,1,0,1,0,0,1,0,1,0
40.692523,-122.369876,1,25.05,25.05,1,2119,1,1,1,0,0,1,0,0,0,0,0,0,0,0,0,0,0,0,0,0,0,0,0,0,0,1,0
41.212695,-122.392067,29,25.1,712.85,1,2796,0,0,0,0,0,1,0,0,0,0,0,0,0,0,0,0,0,0,0,0,0,0,0,1,1,0,0
41.405193,-123.008567,1,48.95,48.95,1,3913,1,0,0,1,1,0,0,0,0,0,0,0,0,0,1,0,0,0,0,0,0,0,0,0,0,1,0
39.84784,-122.544556,1,45.3,45.3,1,5774,1,0,0,0,1,0,0,0,0,0,0,0,0,0,0,0,0,0,0,0,0,0,0,0,0,1,0
41.5837,-122.935922,2,85.85,167.3,1,3273,1,0,0,0,1,0,0,1,0,0,0,0,0,0,1,0,0,0,0,0,1,0,0,1,0,1,0
41.528541,-122.955018,10,95.2,930.4,1,4922,1,0,0,0,1,0,1,1,0,0,0,0,0,0,0,0,0,0,1,0,1,0,0,0,0,1,0
41.831901,-123.487478,49,100.6,5069.65,1,5585,1,0,0,0,1,0,1,1,0,0,0,0,0,0,0,0,1,0,1,0,1,1,0,1,0,0,0
40.789799,-121.474529,6,55.3,324.25,1,3878,1,0,1,1,1,0,0,0,0,0,0,0,1,0,1,0,0,0,0,0,0,0,0,1,0,0,1
41.962127,-122.527696,2,74.85,156.4,1,5378,1,1,0,0,1,0,1,1,0,0,0,0,0,0,0,0,0,0,0,0,0,0,0,1,0,0,1
40.704293,-122.803899,35,102.35,3626.1,1,2473,1,0,0,0,1,0,0,1,0,0,0,0,1,0,1,0,0,0,1,0,1,1,0,1,0,0,0
40.059385,-122.091481,70,115.65,7968.85,1,5563,1,0,1,0,1,0,1,1,0,0,1,0,1,0,1,0,1,0,1,0,1,1,0,0,1,0,0
41.10831,-121.360362,2,79.85,152.45,1,3280,1,0,0,0,1,0,0,1,0,0,0,0,0,0,1,0,1,0,0,0,0,0,0,1,0,1,0
40.331975,-121.460674,15,76.0,1130.85,1,4938,1,0,0,0,1,0,1,1,0,0,0,0,0,0,0,0,0,0,0,0,0,0,0,1,0,0,1
40.408796,-121.579609,42,104.75,4323.45,1,2984,0,1,0,0,1,0,1,1,0,0,0,0,1,0,1,0,0,0,1,0,1,0,0,1,0,0,0
41.759864,-122.379175,9,74.65,703.55,1,5900,0,0,0,0,1,0,0,0,0,0,1,0,1,0,0,0,0,0,1,0,1,0,0,1,0,1,0
40.689243,-122.037023,1,56.25,56.25,1,3065,0,0,0,0,1,0,0,0,0,0,0,0,0,0,0,0,0,0,0,0,1,0,0,1,0,1,0
40.656287,-121.428965,21,106.1,2249.95,1,3584,1,0,1,0,1,0,1,1,0,0,0,0,0,0,1,0,1,0,1,0,1,0,0,1,0,1,0
39.884395,-122.587513,2,79.75,159.4,1,4038,0,1,0,0,1,0,0,1,0,0,0,0,0,0,0,0,0,0,0,0,1,0,0,1,0,0,0
40.367964,-122.937379,1,68.65,68.65,1,3052,0,0,0,0,1,0,0,1,0,0,0,0,0,0,0,0,0,0,0,0,0,0,0,0,0,1,0
41.924174,-123.260788,16,20.25,327.45,1,4327,1,0,0,0,1,0,0,0,1,1,0,1,0,1,0,1,0,1,0,1,0,0,0,0,0,0,0
41.081847,-122.700545,14,100.2,1369.8,1,3369,0,1,1,0,1,0,1,1,0,0,0,0,1,0,0,0,0,0,1,0,1,0,0,1,0,1,0
39.955164,-122.018567,15,74.9,1107.25,1,2510,1,0,1,0,1,0,1,1,0,0,0,0,0,0,0,0,0,0,0,0,0,0,0,1,0,0,0
39.600599,-120.636358,1,70.85,70.85,1,2874,0,0,0,0,1,0,0,1,0,0,0,0,0,0,0,0,0,0,0,0,0,0,0,1,0,1,0
39.559709,-120.345639,2,69.8,134.7,1,2320,1,0,0,0,1,0,0,1,0,0,0,0,0,0,0,0,0,0,0,0,0,0,0,1,1,0,0
40.559177,-120.612113,55,54.55,2978.3,1,6041,1,0,1,0,0,1,0,0,0,0,0,0,0,0,1,0,1,0,1,0,1,0,0,1,0,0,0
40.345949,-120.081187,7,70.75,450.8,1,2248,0,0,0,0,1,0,0,0,0,0,0,0,0,0,0,0,1,0,1,0,1,0,0,1,1,0,0
39.227434,-120.091806,13,94.1,1215.6,1,2973,0,0,1,0,1,0,1,1,0,0,0,0,1,0,1,0,0,0,1,0,0,0,0,0,0,1,0
39.117018,-120.212535,3,29.7,91.7,1,2613,0,0,1,1,0,1,0,0,0,0,1,0,0,0,0,0,0,0,0,0,0,0,0,0,1,0,0
39.24124,-120.054765,66,110.9,7432.05,1,4389,1,1,0,0,1,0,1,1,0,0,0,0,1,0,1,0,1,0,1,0,1,1,0,0,1,0,0
38.911577,-120.106169,38,105.0,4026.4,1,2341,0,0,1,0,1,0,1,1,0,0,0,0,0,0,1,0,1,0,1,0,1,0,0,1,0,1,0
39.342498,-120.247127,1,25.3,25.3,1,5421,1,0,0,1,0,1,0,0,0,0,0,0,0,0,0,0,0,0,0,0,0,0,0,1,0,1,0
33.973616,-118.24902,22,55.15,1193.05,1,5866,1,0,0,0,1,0,0,0,0,0,0,0,1,0,0,0,1,0,0,0,0,1,0,1,1,0,0
33.949255,-118.246978,1,20.1,20.1,1,4389,1,0,0,0,1,0,0,0,1,1,0,1,0,1,0,1,0,1,0,1,0,0,0,1,0,0,1
34.059281,-118.30742,1,69.9,69.9,1,2100,1,0,1,0,1,0,0,1,0,0,0,0,0,0,0,0,0,0,0,0,0,0,0,1,0,0,1
34.062125,-118.315709,43,101.4,4528.0,1,3370,1,0,0,0,1,0,1,1,0,0,0,0,1,0,0,0,0,0,1,0,1,0,0,1,0,1,0
34.043144,-118.251977,1,80.8,80.8,1,4424,1,0,0,0,1,0,0,1,0,0,0,0,0,0,0,0,0,0,0,0,1,0,0,1,0,1,0
34.028331,-118.354338,2,62.05,118.3,1,5344,1,0,0,0,1,0,1,0,0,0,0,0,0,0,0,0,0,0,0,0,1,0,0,0,0,0,0
34.052842,-118.264495,1,76.45,76.45,1,3763,1,1,0,0,1,0,1,1,0,0,0,0,0,0,0,0,0,0,0,0,0,0,0,1,0,1,0
34.049841,-118.33846,12,91.3,1094.5,1,4703,0,1,0,0,1,0,1,1,0,0,0,0,1,0,0,0,0,0,1,0,0,0,0,1,0,1,0
34.066367,-118.309868,6,95.75,573.75,1,5750,1,1,1,0,1,0,0,1,0,0,0,0,0,0,1,0,0,0,1,0,1,0,0,1,0,1,0
34.078991,-118.263804,34,62.65,2274.9,1,3918,0,0,1,0,1,0,1,0,0,0,1,0,1,0,0,0,1,0,0,0,0,0,0,0,0,1,0
34.127194,-118.295647,1,74.5,74.5,1,2016,0,0,0,0,1,0,1,1,0,0,0,0,0,0,0,0,0,0,0,0,0,0,0,1,0,1,0
34.099869,-118.326843,10,102.1,1068.85,1,3596,0,0,1,0,1,0,1,1,0,0,0,0,1,0,1,0,0,0,1,0,1,0,0,1,1,0,0
34.070291,-118.349191,16,50.15,762.25,1,4254,0,0,0,0,1,0,0,0,0,0,1,0,0,0,0,0,0,0,0,0,0,0,0,1,0,1,0
34.091829,-118.491244,7,86.5,582.5,1,3887,0,0,1,0,1,0,1,1,0,0,0,0,0,0,0,0,0,0,1,0,0,0,0,1,0,1,0
33.927254,-118.249826,27,81.45,2122.05,1,2571,1,1,0,0,1,0,1,1,0,0,0,0,1,0,0,0,0,0,0,0,0,0,0,1,0,1,0
34.003553,-118.308933,1,69.15,69.15,1,4179,1,0,1,0,1,0,0,1,0,0,0,0,0,0,0,0,0,0,0,0,0,0,0,1,0,1,0
34.093781,-118.381061,9,79.55,723.4,1,3246,0,0,0,0,1,0,0,1,0,0,0,0,0,0,0,0,0,0,0,0,1,0,0,1,0,1,0
33.940884,-118.128628,48,95.5,4627.85,1,2459,0,0,0,0,1,0,0,1,0,0,0,0,1,0,1,0,1,0,1,0,0,0,1,1,0,0,1
33.921793,-118.140588,3,91.05,289.1,1,2194,1,1,0,0,1,0,1,1,0,0,0,0,0,0,1,0,0,0,1,0,0,0,0,0,0,1,0
33.86532,-118.396336,2,79.2,172.85,1,4225,0,1,1,0,1,0,1,1,0,0,0,0,0,0,1,0,0,0,0,0,0,0,0,0,0,1,0
33.977468,-118.445475,2,45.25,85.5,1,4566,0,0,0,0,0,1,0,0,0,0,0,0,0,0,0,0,0,0,1,0,1,0,0,1,0,1,0
33.936827,-118.359824,14,74.3,1096.25,1,5342,0,1,0,0,1,0,1,1,0,0,0,0,0,0,0,0,0,0,0,0,0,0,0,1,0,1,0
33.833181,-118.292062,3,74.1,228.0,1,5657,0,0,1,0,1,0,1,1,0,0,0,0,0,0,0,0,0,0,0,0,0,0,0,1,1,0,0
33.840399,-118.353714,57,100.6,5746.15,1,5247,1,1,1,0,1,0,1,1,0,0,0,0,0,0,1,0,0,0,1,0,1,0,0,0,0,1,0
33.867257,-118.330794,3,75.0,209.1,1,3190,1,0,0,0,1,0,1,1,0,0,0,0,0,0,0,0,0,0,0,0,0,0,0,0,0,0,1
33.960891,-118.032222,64,70.2,4481.0,1,6080,0,1,0,0,1,0,0,0,0,0,1,0,1,0,0,0,1,0,1,0,0,0,1,1,1,0,0
33.845706,-118.012204,2,70.75,154.85,1,4407,0,1,0,0,1,0,0,1,0,0,0,0,0,0,0,0,0,0,0,0,0,0,0,0,0,1,0
33.989524,-118.089299,12,50.25,593.75,1,3624,1,0,0,0,1,0,0,0,0,0,0,0,0,0,0,0,1,0,0,0,0,0,0,0,0,0,0
33.887676,-118.127289,40,79.2,3233.85,1,3207,0,1,0,0,1,0,0,1,0,0,1,0,1,0,0,0,0,0,0,0,0,0,0,1,1,0,0
33.798266,-118.300237,12,96.0,1062.1,1,5239,0,0,0,0,1,0,0,1,0,0,0,0,0,0,1,0,0,0,1,0,1,0,0,1,0,1,0
33.830431,-118.074071,54,100.1,5440.9,1,5763,0,0,0,0,1,0,1,1,0,0,0,0,0,0,0,0,1,0,1,0,1,0,0,1,0,1,0
33.794209,-118.317354,4,56.5,235.1,1,5758,0,0,1,1,1,0,0,0,0,0,0,0,1,0,0,0,1,0,0,0,0,0,0,0,0,0,1
33.897122,-118.164432,1,85.0,85.0,1,2650,0,1,0,0,1,0,0,1,0,0,0,0,0,0,1,0,0,0,0,0,1,0,0,1,0,1,0
33.752524,-118.210737,51,59.3,3014.65,1,5633,1,0,1,0,0,1,0,0,0,0,1,0,1,0,1,0,0,0,1,0,1,1,0,0,0,1,0
33.864622,-118.179626,4,49.4,184.4,1,4455,1,0,0,1,1,0,0,0,0,0,1,0,0,0,0,0,0,0,0,0,0,0,0,1,0,1,0
33.830099,-118.182239,35,55.0,2010.55,1,2220,1,0,0,0,1,0,0,0,0,0,0,0,0,0,0,0,0,0,1,0,0,0,0,0,0,0,1
33.819814,-118.222416,1,69.2,69.2,1,2637,0,0,0,0,1,0,0,1,0,0,0,0,0,0,0,0,0,0,0,0,0,0,0,1,0,1,0
34.145695,-117.95982,38,62.3,2354.8,1,3818,1,0,0,0,1,0,0,0,0,0,0,0,0,0,1,0,1,0,0,0,1,1,0,1,0,0,1
34.234912,-118.153729,37,92.5,3473.4,1,4127,1,1,1,0,1,0,1,1,0,0,0,0,0,0,0,0,0,0,1,0,1,0,0,1,0,1,0
34.167465,-118.165327,3,69.65,220.1,1,2421,1,0,0,0,1,0,0,1,0,0,0,0,0,0,0,0,0,0,0,0,0,0,0,0,0,1,0
34.159007,-118.087353,61,111.6,6876.05,1,4495,1,0,0,0,1,0,1,1,0,0,1,0,0,0,1,0,1,0,1,0,1,0,1,1,1,0,0
34.122671,-118.112911,11,48.55,501.0,1,4444,0,0,0,0,1,0,0,0,0,0,1,0,0,0,0,0,0,0,0,0,0,0,0,0,1,0,0
34.153338,-118.262974,1,20.2,20.2,1,4197,0,0,0,0,1,0,0,0,1,1,0,1,0,1,0,1,0,1,0,1,0,0,0,1,0,0,1
34.13658,-118.245839,19,39.65,733.35,1,2933,1,0,0,0,0,1,0,0,0,0,0,0,0,0,1,0,0,0,1,0,0,0,0,1,0,1,0
34.162515,-118.203869,56,24.9,1334.0,1,5327,1,0,0,0,1,0,1,0,1,1,0,1,0,1,0,1,0,1,0,1,0,1,0,0,0,1,0
34.129058,-118.759788,2,56.7,113.55,1,5560,1,0,1,1,1,0,1,0,0,0,1,0,0,0,0,0,0,0,0,0,0,0,0,0,0,0,1
34.209532,-118.577563,14,105.95,1348.9,1,5887,0,0,1,0,1,0,0,1,0,0,1,0,1,0,0,0,1,0,1,0,1,1,0,0,0,0,1
34.255442,-118.421314,4,74.95,308.7,1,3716,1,1,1,0,1,0,1,1,0,0,0,0,0,0,0,0,0,0,0,0,0,0,0,0,0,1,0
34.200175,-118.540958,15,29.7,438.25,1,5518,1,0,0,0,0,1,0,0,0,0,0,0,0,0,0,0,1,0,0,0,0,0,0,1,0,1,0
34.286131,-118.435969,1,50.35,50.35,1,4526,1,0,1,0,0,1,0,0,0,0,0,0,0,0,1,0,0,0,1,0,1,0,0,1,0,1,0
34.238802,-118.482296,64,47.85,3147.5,1,6347,0,0,1,0,0,1,0,0,0,0,1,0,0,0,1,0,1,0,0,0,1,0,1,0,0,1,0
34.502432,-118.41459,1,70.3,70.3,1,4512,1,0,0,0,1,0,0,1,0,0,0,0,0,0,0,0,0,0,0,0,0,0,0,1,0,1,0
34.457005,-118.573726,55,98.8,5617.75,1,5543,1,1,0,0,1,0,1,1,0,0,1,0,0,0,0,0,0,0,1,0,1,0,0,1,0,1,0
34.157137,-118.548511,18,99.85,1776.95,1,3068,0,0,0,0,1,0,1,1,0,0,0,0,0,0,0,0,1,0,1,0,1,0,0,1,0,0,0
34.214054,-118.88109,32,80.3,2483.05,1,5365,1,1,1,0,1,0,0,1,0,0,0,0,0,0,0,0,0,0,0,0,1,0,0,1,1,0,0
34.191842,-118.822796,66,80.45,5224.35,1,5011,0,1,0,0,1,0,1,1,0,0,0,0,1,0,0,0,0,0,0,0,0,0,0,1,1,0,0
34.223768,-118.445461,7,86.8,620.35,1,3780,1,0,0,0,1,0,1,1,0,0,0,0,0,0,0,0,0,0,0,0,1,0,0,1,0,1,0
34.146957,-118.432138,6,84.2,519.15,1,5834,1,1,1,0,1,0,0,1,0,0,0,0,1,0,0,0,0,0,0,0,1,0,0,1,0,1,0
34.188339,-118.300942,13,99.0,1301.7,1,3493,1,0,0,0,1,0,1,1,0,0,0,0,0,0,0,0,1,0,1,0,1,0,0,1,0,0,1
34.177267,-118.31003,11,100.75,1129.75,1,2229,0,0,0,0,1,0,1,1,0,0,0,0,0,0,1,0,0,0,1,0,1,0,0,1,0,1,0
34.1692,-118.372498,9,91.75,865.8,1,4176,0,0,1,0,1,0,1,1,0,0,1,0,1,0,1,0,0,0,0,0,0,0,0,0,0,0,0
34.207295,-118.400022,1,79.55,79.55,1,5571,0,0,0,0,1,0,1,1,0,0,0,0,0,0,1,0,0,0,0,0,0,0,0,1,0,0,1
33.990646,-117.663025,54,111.1,6014.85,1,5527,0,0,0,0,1,0,1,1,0,0,0,0,1,0,1,0,1,0,1,0,1,0,0,0,0,1,0
34.10097,-117.57882,25,89.1,2368.4,1,4793,0,0,1,0,1,0,1,1,0,0,0,0,0,0,1,0,0,0,0,0,1,0,0,1,0,1,0
34.074492,-118.01462,37,101.9,3545.35,1,4437,0,0,0,0,1,0,1,1,0,0,0,0,1,0,1,0,0,0,1,0,1,0,0,1,0,0,0
34.04622,-118.053753,14,91.65,1301.0,1,4304,0,0,1,1,1,0,1,1,0,0,0,0,0,0,0,0,1,0,1,0,0,0,0,1,0,1,0
34.245289,-117.642503,4,88.85,372.45,1,2754,0,1,0,0,1,0,1,1,0,0,0,0,0,0,1,0,0,0,0,0,1,0,0,1,0,1,0
34.119363,-117.855059,3,25.3,77.75,1,3542,0,1,0,0,0,1,0,0,0,0,0,0,0,0,0,0,0,0,0,0,0,0,0,0,0,1,0
34.031441,-117.936436,1,95.45,95.45,1,5962,1,0,0,0,1,0,1,1,0,0,0,0,0,0,0,0,0,0,1,0,1,0,0,1,0,1,0
34.038983,-117.991372,13,91.1,1135.7,1,5347,1,0,0,0,1,0,0,1,0,0,0,0,0,0,0,0,0,0,1,0,1,0,0,1,0,1,0
33.976753,-117.897367,45,54.15,2319.8,1,2761,0,0,1,0,1,0,0,0,0,0,0,0,1,0,0,0,1,0,0,0,0,1,0,1,1,0,0
34.072121,-117.698319,1,69.7,69.7,1,4620,0,0,0,0,1,0,0,1,0,0,0,0,0,0,0,0,0,0,0,0,0,0,0,0,0,0,0
34.074087,-117.605618,6,89.5,573.3,1,2898,0,0,0,0,1,0,0,1,0,0,0,0,0,0,0,0,0,0,1,0,1,0,0,1,0,1,0
34.102119,-117.815532,3,35.15,99.75,1,2987,1,0,1,0,0,1,0,0,0,0,0,0,0,0,0,0,0,0,0,0,1,0,0,1,0,1,0
34.114772,-118.089431,12,73.75,871.4,1,2010,1,0,0,1,1,0,1,1,0,0,0,0,0,0,0,0,0,0,0,0,0,0,0,1,1,0,0
34.089927,-118.095645,8,101.35,780.5,1,5546,0,1,0,0,1,0,1,1,0,0,0,0,0,0,1,0,0,0,1,0,1,0,0,0,0,1,0
34.024405,-117.898722,6,55.9,365.35,1,4914,0,0,1,1,1,0,0,0,0,0,1,0,1,0,0,0,0,0,0,0,0,0,0,0,1,0,0
34.090925,-118.128164,3,105.9,334.65,1,2715,1,1,1,0,1,0,1,1,0,0,0,0,1,0,1,0,0,0,1,0,1,0,0,1,0,1,0
32.827184,-116.703729,1,43.95,43.95,1,3238,0,0,0,0,1,0,0,0,0,0,0,0,0,0,0,0,0,0,0,0,0,0,0,0,0,0,1
32.673483,-116.472863,1,45.1,45.1,1,4884,1,0,0,0,1,0,0,0,0,0,0,0,0,0,0,0,0,0,0,0,0,0,0,1,0,0,0
32.857946,-116.561917,41,70.25,2868.05,1,3407,0,0,0,0,1,0,0,1,0,0,0,0,0,0,0,0,0,0,0,0,0,0,0,0,0,0,0
32.579134,-117.119009,9,55.35,449.75,1,2688,1,0,0,1,1,0,0,0,0,0,0,0,0,0,0,0,0,0,1,0,0,0,0,0,0,1,0
32.830852,-116.444601,43,103.0,4414.3,1,2505,1,1,1,0,1,0,1,1,0,0,0,0,1,0,1,0,0,0,1,0,1,0,0,1,0,1,0
32.726627,-116.994608,33,103.75,3361.05,1,3824,0,0,1,0,1,0,0,1,0,0,1,0,0,0,1,0,1,0,1,0,1,1,0,1,0,1,0
33.148116,-117.306043,1,69.35,69.35,1,2843,1,0,0,0,1,0,0,1,0,0,0,0,0,0,0,0,0,0,0,0,0,0,0,1,0,1,0
32.948262,-117.256086,56,73.85,4092.85,1,5276,0,0,0,0,1,0,0,1,0,0,0,0,1,0,0,0,0,0,0,0,0,0,0,1,0,1,0
33.054579,-117.25665,3,75.15,216.75,1,2270,0,0,1,0,1,0,1,1,0,0,0,0,0,0,0,0,0,0,0,0,0,0,0,1,1,0,0
33.141265,-116.967221,1,69.6,69.6,1,2072,1,0,0,0,1,0,0,1,0,0,0,0,0,0,0,0,0,0,0,0,0,0,0,1,0,1,0
32.980678,-116.262854,5,80.15,385.0,1,5124,1,0,1,1,1,0,1,1,0,0,0,0,1,0,0,0,0,0,0,0,0,0,0,1,0,1,0
33.309852,-116.823091,1,30.5,30.5,1,5171,0,0,1,1,0,1,0,0,0,0,1,0,0,0,0,0,0,0,0,0,0,0,0,0,0,0,0
32.984395,-117.013454,70,98.3,6859.5,1,4794,1,0,1,0,1,0,1,1,0,0,0,0,1,0,0,0,0,0,1,0,1,0,1,0,0,0,0
33.001813,-117.263628,48,107.4,5121.3,1,4956,0,0,0,0,1,0,1,1,0,0,0,0,1,0,1,0,0,0,1,0,1,0,0,1,0,0,0
33.119028,-117.166036,13,82.0,1127.2,1,3363,0,1,0,0,1,0,1,1,0,0,0,0,0,0,0,0,0,0,0,0,1,0,0,1,0,1,0
32.747484,-117.166877,24,75.4,1747.85,1,2325,0,0,1,0,1,0,1,1,0,0,0,0,0,0,0,0,0,0,0,0,0,0,0,1,1,0,0
32.741499,-117.127409,27,101.25,2754.45,1,4853,0,1,1,0,1,0,0,1,0,0,1,0,0,0,1,0,0,0,1,0,1,0,0,1,0,1,0
32.787836,-117.232376,25,89.5,2196.15,1,4849,1,1,0,0,1,0,1,1,0,0,0,0,1,0,0,0,0,0,1,0,0,0,0,1,0,1,0
32.76501,-117.19938,22,74.4,1692.6,1,2407,0,1,0,0,1,0,1,1,0,0,0,0,0,0,0,0,0,0,0,0,0,0,0,1,0,0,0
32.805518,-117.169052,1,20.5,20.5,1,3731,1,0,0,0,1,0,0,0,1,1,0,1,0,1,0,1,0,1,0,1,0,0,0,0,0,0,1
32.697098,-117.116587,4,74.35,265.35,1,3622,1,0,0,0,1,0,1,1,0,0,0,0,0,0,0,0,0,0,0,0,0,0,0,1,0,1,0
32.707892,-117.05512,18,99.75,1836.25,1,5857,0,1,1,0,1,0,1,1,0,0,0,0,0,0,0,0,1,0,1,0,1,0,0,0,0,0,0
32.762506,-117.07245,56,111.95,6418.9,1,4060,0,1,0,0,1,0,1,1,0,0,0,0,1,0,1,0,1,0,1,0,1,1,0,1,0,1,0
32.808814,-117.134694,16,39.0,679.85,1,5692,1,1,0,0,0,1,0,0,0,0,0,0,1,0,0,0,0,0,1,0,0,0,0,1,0,0,1
32.957195,-117.202542,30,94.1,2804.45,1,5255,0,0,1,0,1,0,1,1,0,0,0,0,1,0,0,0,1,0,1,0,0,0,0,1,1,0,0
33.713891,-116.237257,8,95.65,778.1,1,5335,0,0,0,0,1,0,1,1,0,0,0,0,0,0,0,0,0,0,1,0,1,0,0,0,0,0,0
33.537646,-116.291089,50,88.05,4367.35,1,5813,0,1,1,0,1,0,1,1,0,0,0,0,1,0,0,0,0,0,1,0,0,0,0,1,0,1,0
33.946982,-116.977672,41,66.5,2728.6,1,2517,0,0,1,0,1,0,0,0,0,0,0,0,1,0,0,0,1,0,0,0,1,1,0,1,0,0,0
33.929812,-116.76058,3,35.45,106.85,1,2095,1,0,0,0,0,1,0,0,0,0,1,0,1,0,0,0,0,0,0,0,0,0,0,1,0,0,1
33.143826,-115.497485,3,49.9,130.1,1,5585,1,0,0,0,1,0,0,0,0,0,0,0,1,0,0,0,0,0,0,0,0,0,0,1,0,0,1
33.832799,-116.250973,40,104.5,4036.85,1,2832,1,0,0,0,1,0,1,1,0,0,0,0,1,0,1,0,0,0,1,0,1,0,0,1,1,0,0
32.770393,-115.60915,3,75.05,256.25,1,3553,0,1,0,0,1,0,1,1,0,0,0,0,0,0,0,0,0,0,0,0,0,0,0,1,1,0,0
32.730583,-115.501083,23,81.0,1917.1,1,5701,1,0,0,0,1,0,1,1,0,0,0,0,0,0,1,0,0,0,0,0,0,0,0,1,0,1,0
32.811001,-115.152865,1,74.45,74.45,1,2394,0,1,1,0,1,0,1,1,0,0,0,0,0,0,0,0,0,0,0,0,0,0,0,1,0,1,0
32.858595,-115.662709,4,60.4,272.15,1,5730,0,0,0,0,1,0,0,0,0,0,1,0,1,0,0,0,1,0,0,0,0,0,0,1,0,0,1
32.698964,-115.886656,1,70.65,70.65,1,3463,1,0,1,1,1,0,0,1,0,0,0,0,0,0,0,0,0,0,0,0,0,0,0,1,0,0,1
33.745746,-116.514215,12,59.8,727.8,1,4581,1,0,0,0,1,0,0,0,0,0,0,0,0,0,0,0,1,0,1,0,0,1,0,1,0,1,0
32.790282,-115.689559,9,44.2,403.35,1,2029,0,0,0,0,1,0,0,0,0,0,0,0,0,0,0,0,0,0,0,0,0,0,0,1,0,0,0
34.264124,-114.717964,1,75.75,75.75,1,5571,1,1,0,0,1,0,1,1,0,0,0,0,0,0,0,0,0,0,0,0,0,0,0,1,0,1,0
33.972293,-116.654195,67,102.95,6886.25,1,5620,0,0,0,0,1,0,1,1,0,0,1,0,1,0,1,0,0,0,1,0,0,0,0,1,1,0,0
34.55082,-117.122396,4,74.4,306.6,1,5839,1,1,1,0,1,0,1,1,0,0,0,0,0,0,0,0,0,0,0,0,0,0,0,1,0,0,1
33.973616,-118.24902,1,29.85,29.85,0,3964,0,0,1,0,0,1,0,0,0,0,0,0,1,0,0,0,0,0,0,0,0,0,0,1,0,1,0
33.949255,-118.246978,34,56.95,1889.5,0,3441,1,0,0,0,1,0,0,0,0,0,1,0,0,0,1,0,0,0,0,0,0,1,0,0,0,0,1
34.076259,-118.310715,45,42.3,1840.75,0,4307,1,0,0,0,0,1,0,0,0,0,1,0,0,0,1,0,1,0,0,0,0,1,0,0,0,0,0
34.027337,-118.28515,22,89.1,1949.4,0,4459,1,0,0,1,1,0,1,1,0,0,0,0,1,0,0,0,0,0,1,0,0,0,0,1,1,0,0
34.008293,-118.346766,10,29.75,301.9,0,2013,0,0,0,0,0,1,0,0,0,0,1,0,0,0,0,0,0,0,0,0,0,0,0,0,0,0,1
34.00709,-118.258681,62,56.15,3487.95,0,4529,1,0,0,0,1,0,0,0,0,0,1,0,1,0,0,0,0,0,0,0,0,1,0,0,0,0,0
34.065875,-118.238728,13,49.95,587.45,0,5764,1,0,1,1,1,0,0,0,0,0,1,0,0,0,0,0,0,0,0,0,0,0,0,1,0,0,1
34.044639,-118.240413,16,18.95,326.8,0,4726,1,0,0,0,1,0,0,0,1,1,0,1,0,1,0,1,0,1,0,1,0,0,1,0,1,0,0
34.043144,-118.251977,58,100.35,5681.1,0,6432,1,0,1,0,1,0,1,1,0,0,0,0,0,0,1,0,0,0,1,0,1,1,0,0,1,0,0
34.028331,-118.354338,25,105.5,2686.05,0,5822,1,0,0,0,1,0,0,1,0,0,1,0,0,0,1,0,1,0,1,0,1,0,0,1,0,1,0
34.052842,-118.264495,69,113.25,7895.15,0,5141,0,0,1,0,1,0,1,1,0,0,1,0,1,0,1,0,1,0,1,0,1,0,1,0,1,0,0
34.028735,-118.317236,52,20.65,1022.95,0,5186,0,0,0,0,1,0,0,0,1,1,0,1,0,1,0,1,0,1,0,1,0,1,0,0,0,0,1
34.049841,-118.33846,71,106.7,7382.25,0,4479,1,0,0,0,1,0,1,1,0,0,1,0,0,0,1,0,0,0,1,0,1,0,1,0,0,0,0
34.029043,-118.239504,21,90.05,1862.9,0,5982,0,0,0,0,1,0,0,1,0,0,0,0,1,0,1,0,0,0,0,0,1,0,0,1,0,1,0
34.017697,-118.200577,12,19.8,202.25,0,5279,1,0,1,0,1,0,0,0,1,1,0,1,0,1,0,1,0,1,0,1,0,1,0,0,0,0,0
34.046174,-118.446333,58,59.9,3505.1,0,6407,0,0,1,0,1,0,1,0,0,0,0,0,1,0,0,0,1,0,0,0,0,0,1,1,1,0,0
34.078991,-118.263804,49,59.6,2970.3,0,4986,1,0,1,1,1,0,0,0,0,0,1,0,1,0,0,0,1,0,0,0,0,0,0,0,1,0,0
34.127194,-118.295647,30,55.3,1530.6,0,2725,0,0,0,0,1,0,0,0,0,0,1,0,1,0,0,0,0,0,0,0,0,0,0,1,0,0,0
34.085807,-118.206617,72,90.25,6369.45,0,5974,1,0,1,0,1,0,1,0,0,0,1,0,1,0,1,0,1,0,1,0,1,0,1,1,1,0,0
34.050198,-118.210946,71,96.35,6766.95,0,5309,0,1,1,0,1,0,1,1,0,0,1,0,1,0,1,0,1,0,0,0,0,0,1,1,1,0,0
34.030578,-118.399613,2,95.5,181.65,0,4449,1,1,1,0,1,0,0,1,0,0,0,0,0,0,1,0,0,0,1,0,1,0,0,1,1,0,0
34.051809,-118.383843,27,66.15,1874.45,0,3213,0,0,1,0,1,0,0,0,0,0,1,0,1,0,1,0,1,0,0,0,0,1,0,0,0,0,1
34.070291,-118.349191,1,20.2,20.2,0,5526,1,0,0,0,1,0,0,0,1,1,0,1,0,1,0,1,0,1,0,1,0,0,0,0,0,0,0
34.002642,-118.287596,1,45.25,45.25,0,3144,1,1,0,0,1,0,0,0,0,0,0,0,0,0,0,0,0,0,0,0,0,0,0,0,0,0,0
34.088017,-118.327168,72,99.9,7251.7,0,5915,0,0,1,0,1,0,1,1,0,0,1,0,1,0,0,0,1,0,1,0,0,0,1,0,0,0,0
33.994524,-118.149953,46,74.8,3548.3,0,3395,0,0,0,0,1,0,0,1,0,0,0,0,0,0,1,0,0,0,0,0,0,0,0,1,1,0,0
33.988543,-118.334081,10,49.55,475.7,0,2392,1,0,1,0,1,0,0,0,0,0,0,0,1,0,0,0,0,0,0,0,0,1,0,0,0,0,1
33.952714,-118.292061,70,69.2,4872.35,0,4715,0,0,1,0,1,0,1,0,0,0,1,0,1,0,0,0,0,0,1,0,0,0,1,1,1,0,0
33.954017,-118.402447,17,20.75,418.25,0,3646,0,0,1,0,1,0,0,0,1,1,0,1,0,1,0,1,0,1,0,1,0,1,0,0,0,0,1
34.108455,-118.362081,63,79.85,4861.45,0,4595,0,0,0,0,1,0,1,0,0,0,1,0,1,0,1,0,1,0,1,0,0,0,1,1,1,0,0
33.958149,-118.308441,13,76.2,981.45,0,2569,0,0,1,0,1,0,1,0,0,0,1,0,1,0,0,0,1,0,1,0,0,0,0,1,0,1,0
34.072945,-118.37267,49,84.5,3906.7,0,6434,0,0,0,0,1,0,1,1,0,0,0,0,0,0,0,0,0,0,0,0,1,0,0,1,0,1,0
34.091829,-118.491244,2,49.25,97.0,0,3805,1,0,0,0,1,0,0,0,0,0,0,0,1,0,0,0,0,0,0,0,0,0,0,0,0,0,1
34.061918,-118.277939,52,79.75,4217.8,0,4142,1,0,0,0,1,0,1,0,0,0,1,0,0,0,0,0,1,0,1,0,1,0,1,1,1,0,0
34.001617,-118.222274,69,64.15,4254.1,0,5128,0,0,1,0,1,0,1,0,0,0,1,0,0,0,1,0,1,0,0,0,0,0,1,1,1,0,0
33.927254,-118.249826,43,90.25,3838.75,0,2223,0,1,0,0,1,0,1,1,0,0,0,0,1,0,0,0,0,0,1,0,0,0,0,1,0,1,0
34.003553,-118.308933,25,69.5,1752.65,0,3154,0,1,1,0,1,0,1,0,0,0,1,0,0,0,0,0,1,0,1,0,0,0,0,1,1,0,0
34.037251,-118.423573,60,74.85,4456.35,0,5153,0,1,1,0,1,0,0,0,0,0,1,0,1,0,1,0,1,0,0,0,1,1,0,1,1,0,0
34.002028,-118.430656,63,99.65,6311.2,0,4572,0,0,1,0,1,0,1,1,0,0,1,0,0,0,0,0,0,0,1,0,1,1,0,1,1,0,0
34.057496,-118.413959,66,108.45,7076.35,0,4582,1,1,1,0,1,0,1,1,0,0,0,0,1,0,1,0,1,0,1,0,1,1,0,1,0,1,0
34.137411,-118.328915,34,24.95,894.3,0,5408,0,0,1,0,1,0,1,0,1,1,0,1,0,1,0,1,0,1,0,1,0,0,1,0,1,0,0
34.093781,-118.381061,72,107.5,7853.7,0,4708,0,0,0,0,1,0,1,1,0,0,0,0,0,0,1,0,1,0,1,0,1,0,1,1,1,0,0
34.052917,-118.255178,47,100.5,4707.1,0,4488,0,0,1,0,1,0,1,1,0,0,0,0,0,0,1,0,0,0,1,0,1,0,0,1,0,1,0
34.102084,-118.451629,60,89.9,5450.7,0,6292,1,0,0,0,1,0,1,1,0,0,0,0,1,0,0,0,0,0,1,0,0,0,0,1,0,0,0
33.970343,-118.171368,72,42.1,2962.0,0,6091,1,0,1,0,0,1,0,0,0,0,1,0,1,0,1,0,0,0,0,0,0,0,1,0,0,0,0
34.099891,-118.414338,18,54.4,957.1,0,4948,0,0,1,0,1,0,0,0,0,0,0,0,0,0,1,0,1,0,0,0,0,1,0,1,1,0,0
34.062095,-118.401508,3,75.3,244.1,0,5387,0,0,0,0,1,0,0,0,0,0,0,0,1,0,0,0,1,0,1,0,1,0,0,1,0,1,0
33.88151,-118.234451,47,78.9,3650.35,0,3817,1,0,1,0,1,0,1,1,0,0,0,0,1,0,0,0,0,0,0,0,0,1,0,1,0,1,0
33.885811,-118.206459,31,79.2,2497.2,0,4984,0,0,0,0,1,0,0,0,0,0,0,0,1,0,1,0,1,0,1,0,1,0,1,0,0,0,1
33.912246,-118.236773,50,20.15,930.9,0,5849,0,0,1,0,1,0,0,0,1,1,0,1,0,1,0,1,0,1,0,1,0,0,1,0,0,0,0
33.993991,-118.39704,10,79.85,887.35,0,5983,1,0,0,0,1,0,0,1,0,0,1,0,0,0,1,0,0,0,0,0,0,0,0,1,0,0,1
34.019323,-118.391902,1,49.05,49.05,0,3178,1,0,0,0,1,0,0,0,0,0,0,0,0,0,0,0,1,0,0,0,0,0,0,0,0,0,1
33.956228,-118.120993,52,20.4,1090.65,0,5482,0,0,1,0,1,0,0,0,1,1,0,1,0,1,0,1,0,1,0,1,0,1,0,1,0,1,0
33.940884,-118.128628,64,111.6,7099.0,0,4881,1,1,1,0,1,0,1,1,0,0,1,0,0,0,1,0,1,0,1,0,1,0,1,1,0,0,0
33.921793,-118.140588,62,24.25,1424.6,0,4444,1,0,1,0,1,0,1,0,1,1,0,1,0,1,0,1,0,1,0,1,0,0,1,1,0,0,0
33.917145,-118.401554,3,64.5,177.4,0,5613,0,0,0,1,1,0,0,0,0,0,1,0,0,0,0,0,1,0,0,0,1,0,0,1,0,0,0
33.890853,-118.297967,56,110.5,6139.5,0,4463,0,1,0,0,1,0,1,1,0,0,1,0,1,0,1,0,0,0,1,0,1,1,0,0,0,1,0
33.876482,-118.284077,46,55.65,2688.85,0,2867,0,0,0,0,1,0,0,0,0,0,0,0,0,0,0,0,0,0,0,0,1,1,0,0,1,0,0
33.90139,-118.315697,8,54.65,482.25,0,5614,0,0,1,1,1,0,0,0,0,0,1,0,1,0,0,0,0,0,0,0,0,0,0,0,0,0,1
33.914775,-118.348083,30,74.75,2111.3,0,3033,1,1,0,0,1,0,0,0,0,0,1,0,1,0,0,0,0,0,1,0,1,0,0,1,0,1,0
33.86532,-118.396336,45,25.9,1216.6,0,5741,0,0,1,0,1,0,1,0,1,1,0,1,0,1,0,1,0,1,0,1,0,1,0,1,1,0,0
33.88856,-118.351813,11,50.55,565.35,0,3443,0,0,1,1,0,1,0,0,0,0,1,0,0,0,0,0,0,0,1,0,1,0,0,0,0,1,0
34.037037,-118.705803,42,103.8,4327.5,0,4005,0,0,0,0,1,0,0,1,0,0,0,0,1,0,1,0,1,0,1,0,1,0,0,1,0,0,0
34.074572,-118.831181,49,20.15,973.35,0,5422,0,0,1,0,1,0,0,0,1,1,0,1,0,1,0,1,0,1,0,1,0,0,1,1,0,0,0
33.889632,-118.39737,9,99.3,918.75,0,3540,1,0,0,0,1,0,1,1,0,0,0,0,1,0,0,0,0,0,1,0,1,0,0,1,1,0,0
33.988572,-118.186565,35,62.15,2215.45,0,5255,0,0,1,0,1,0,0,0,0,0,1,0,0,0,0,0,0,0,1,0,0,1,0,1,0,0,0
34.079449,-118.548306,48,20.65,1057.0,0,4124,0,0,1,0,1,0,0,0,1,1,0,1,0,1,0,1,0,1,0,1,0,0,1,0,0,0,0
33.788208,-118.404955,46,19.95,927.1,0,5480,0,0,1,0,1,0,0,0,1,1,0,1,0,1,0,1,0,1,0,1,0,0,1,1,0,0,1
33.753146,-118.367459,29,33.75,1009.25,0,3664,1,0,1,0,0,1,0,0,0,0,0,0,0,0,0,0,0,0,1,0,0,0,0,0,0,0,1
33.830453,-118.384565,30,82.05,2570.2,0,5036,1,0,1,1,1,0,0,1,0,0,0,0,1,0,1,0,0,0,0,0,0,0,0,0,0,0,0
33.873395,-118.37019,1,74.7,74.7,0,4182,1,1,0,0,1,0,0,1,0,0,0,0,0,0,0,0,1,0,0,0,0,0,0,0,0,1,0
33.944624,-118.192615,66,84.0,5714.25,0,5825,1,0,1,0,1,0,1,0,0,0,1,0,0,0,1,0,1,0,1,0,1,0,1,1,0,0,1
34.115192,-118.61017,65,111.05,7107.0,0,5261,0,0,0,0,1,0,1,1,0,0,1,0,1,0,1,0,0,0,1,0,1,0,0,1,1,0,0
33.991782,-118.479229,72,100.9,7459.05,0,5781,1,0,0,0,1,0,1,1,0,0,0,0,1,0,1,0,0,0,1,0,1,0,1,1,0,0,0
33.947305,-118.439841,71,66.85,4748.7,0,4117,1,0,1,0,1,0,1,0,0,0,1,0,1,0,0,0,1,0,0,0,0,1,0,1,1,0,0
33.975332,-118.355252,52,21.0,1107.2,0,4158,1,0,0,0,1,0,0,0,1,1,0,1,0,1,0,1,0,1,0,1,0,0,1,0,0,0,0
33.936827,-118.359824,1,20.2,20.2,0,2710,1,0,0,0,1,0,0,0,1,1,0,1,0,1,0,1,0,1,0,1,0,0,0,0,0,0,1
33.958134,-118.330905,1,19.45,19.45,0,5612,0,0,1,1,1,0,0,0,1,1,0,1,0,1,0,1,0,1,0,1,0,0,0,0,0,1,0
34.015481,-118.493231,38,95.0,3605.6,0,4741,1,0,0,0,1,0,1,1,0,0,0,0,0,0,1,0,1,0,1,0,0,1,0,0,0,0,0
34.035849,-118.503508,66,45.55,3027.25,0,6238,0,1,1,0,0,1,0,0,0,0,0,0,1,0,1,0,0,0,1,0,0,1,0,0,0,0,0
34.026334,-118.474222,5,24.3,100.2,0,4015,1,0,0,0,0,1,0,0,0,0,0,0,0,0,0,0,0,0,0,0,0,0,0,0,0,0,1
34.005439,-118.477507,72,104.15,7303.05,0,4594,0,0,1,0,1,0,1,1,0,0,1,0,1,0,0,0,0,0,1,0,1,1,0,1,0,1,0
33.833699,-118.314387,32,30.15,927.65,0,3585,0,0,0,0,0,1,0,0,0,0,1,0,0,0,0,0,0,0,0,0,0,1,0,0,0,0,1
33.833181,-118.292062,43,94.35,3921.3,0,5845,1,0,0,0,1,0,1,1,0,0,0,0,0,0,0,0,0,0,1,0,1,1,0,0,0,0,1
33.840399,-118.353714,72,19.4,1363.25,0,5234,1,0,1,0,1,0,0,0,1,1,0,1,0,1,0,1,0,1,0,1,0,0,1,0,1,0,0
33.807882,-118.347957,52,57.95,3042.25,0,6078,0,0,0,0,1,0,0,0,0,0,1,0,0,0,1,0,1,0,0,0,0,1,0,0,1,0,0
34.007353,-118.033683,43,91.65,3954.1,0,3826,0,0,0,0,1,0,0,1,0,0,0,0,1,0,1,0,0,0,1,0,0,0,0,1,0,1,0
33.945318,-117.992066,64,54.6,3423.5,0,4850,0,0,1,0,0,1,0,0,0,0,0,0,1,0,0,0,1,0,1,0,1,0,1,1,0,1,0
33.929704,-118.01208,3,89.85,248.4,0,4648,1,0,1,1,1,0,0,1,0,0,1,0,1,0,0,0,0,0,1,0,0,0,0,0,0,1,0
33.960891,-118.032222,36,31.05,1126.35,0,4871,0,0,0,0,0,1,0,0,0,0,1,0,0,0,0,0,0,0,0,0,0,0,1,0,0,0,0
33.845706,-118.012204,41,20.65,835.15,0,5918,0,0,0,0,1,0,0,0,1,1,0,1,0,1,0,1,0,1,0,1,0,0,1,0,0,0,1
33.874224,-117.993368,27,85.2,2151.6,0,3796,1,0,1,1,1,0,1,1,0,0,0,0,1,0,0,0,1,0,0,0,0,0,0,1,1,0,0
33.850504,-118.039892,56,99.8,5515.45,0,4606,0,0,1,0,1,0,1,1,0,0,0,0,0,0,1,0,0,0,1,0,1,1,0,1,1,0,0
33.818477,-118.038307,6,20.7,112.75,0,5346,0,0,0,0,1,0,0,0,1,1,0,1,0,1,0,1,0,1,0,1,0,0,0,0,0,0,1
33.902045,-118.008961,7,50.7,350.35,0,3097,0,0,1,1,1,0,0,0,0,0,1,0,0,0,0,0,0,0,0,0,0,0,0,0,0,0,1
34.015217,-118.109962,4,20.85,62.9,0,3172,0,0,1,1,1,0,0,0,1,1,0,1,0,1,0,1,0,1,0,1,0,0,0,0,0,0,1
33.905963,-118.08263,33,88.95,3027.65,0,5087,1,0,0,0,1,0,0,1,0,0,1,0,0,0,0,0,1,0,1,0,0,0,1,1,0,1,0
33.933565,-118.062611,72,23.55,1723.95,0,5901,1,0,1,0,1,0,1,0,1,1,0,1,0,1,0,1,0,1,0,1,0,0,1,1,0,0,0
33.801869,-117.995068,1,19.75,19.75,0,2484,1,0,0,0,1,0,0,0,1,1,0,1,0,1,0,1,0,1,0,1,0,0,0,0,0,0,1
33.867593,-118.080637,71,56.45,3985.35,0,5372,1,1,0,0,0,1,0,0,0,0,1,0,1,0,0,0,0,0,1,0,1,1,0,1,0,1,0
33.8681,-118.067402,13,85.95,1215.65,0,5886,0,0,0,0,1,0,1,1,0,0,0,0,0,0,0,0,0,0,0,0,1,0,0,1,0,1,0
33.887676,-118.127289,67,50.55,3260.1,0,6064,1,0,0,0,1,0,0,0,0,0,0,0,0,0,0,0,1,0,0,0,0,0,1,0,0,0,0
33.847755,-118.112532,43,25.7,1188.2,0,2017,0,0,0,0,1,0,1,0,1,1,0,1,0,1,0,1,0,1,0,1,0,0,1,1,1,0,0
33.841027,-118.078097,23,75.0,1778.5,0,2221,0,0,0,0,1,0,0,1,0,0,1,0,0,0,0,0,0,0,0,0,0,0,0,1,0,0,0
33.830431,-118.074071,64,20.2,1277.75,0,4557,0,0,1,0,1,0,0,0,1,1,0,1,0,1,0,1,0,1,0,1,0,0,1,0,0,0,1
33.794209,-118.317354,57,19.6,1170.55,0,4393,1,0,0,0,1,0,0,0,1,1,0,1,0,1,0,1,0,1,0,1,0,0,1,1,0,0,1
33.897122,-118.164432,72,88.05,6425.65,0,6102,0,1,1,0,1,0,1,0,0,0,1,0,1,0,1,0,1,0,1,0,1,0,1,1,1,0,0
33.744119,-118.31448,61,101.05,5971.25,0,6311,0,0,1,0,1,0,1,1,0,0,0,0,1,0,0,0,0,0,1,0,1,0,1,1,0,0,0
33.75462,-118.071128,64,84.3,5289.05,0,5044,1,0,0,0,1,0,1,1,0,0,1,0,1,0,0,0,0,0,0,0,0,1,0,1,1,0,0
33.719221,-118.073596,71,23.95,1756.2,0,4329,1,1,1,0,1,0,1,0,1,1,0,1,0,1,0,1,0,1,0,1,0,0,1,0,0,0,0
33.728273,-118.085304,65,99.05,6416.7,0,5878,0,0,1,0,1,0,1,1,0,0,1,0,1,0,0,0,1,0,1,0,0,0,1,1,1,0,0
33.782068,-118.262263,3,19.6,61.35,0,2543,1,0,0,0,1,0,0,0,1,1,0,1,0,1,0,1,0,1,0,1,0,1,0,0,0,0,1
33.859171,-118.252272,30,64.5,1929.95,0,4320,1,0,0,0,1,0,0,0,0,0,0,0,1,0,1,0,0,0,1,0,0,1,0,0,1,0,0
33.752524,-118.210737,15,69.5,1071.4,0,3128,1,0,1,1,1,0,0,0,0,0,0,0,1,0,1,0,1,0,0,0,1,0,0,1,0,0,1
33.760458,-118.129725,8,68.55,564.35,0,3123,0,0,1,1,1,0,0,0,0,0,0,0,0,0,0,0,1,0,1,0,1,0,0,1,0,1,0
33.864622,-118.179626,70,108.15,7930.55,0,5192,0,0,1,0,1,0,1,1,0,0,1,0,1,0,1,0,0,0,1,0,1,1,0,1,1,0,0
33.802664,-118.179971,62,86.1,5215.25,0,5769,1,0,1,0,1,0,0,0,0,0,1,0,1,0,1,0,1,0,1,0,1,0,1,0,0,1,0
33.830099,-118.182239,6,19.7,113.5,0,4293,0,0,1,1,1,0,0,0,1,1,0,1,0,1,0,1,0,1,0,1,0,0,0,0,0,0,1
33.823943,-118.111335,14,80.9,1152.8,0,2563,0,0,1,1,1,0,0,1,0,0,0,0,0,0,0,0,0,0,0,0,1,0,0,1,0,0,0
33.819814,-118.222416,22,84.15,1821.95,0,3549,0,0,0,0,1,0,1,1,0,0,0,0,0,0,0,0,0,0,1,0,0,0,0,1,0,0,0
33.781086,-118.199049,22,20.15,419.9,0,2173,1,0,1,0,1,0,0,0,1,1,0,1,0,1,0,1,0,1,0,1,0,1,0,0,0,0,1
33.771612,-118.143866,16,64.25,1024.0,0,5511,1,0,1,0,1,0,0,0,0,0,1,0,0,0,1,0,0,0,1,0,0,0,1,0,0,0,1
33.797638,-118.11662,10,25.7,251.6,0,3611,1,0,0,0,1,0,1,0,1,1,0,1,0,1,0,1,0,1,0,1,0,0,1,0,0,0,0
33.778436,-118.118648,13,56.0,764.55,0,5156,0,0,0,1,1,0,0,0,0,0,1,0,1,0,0,0,0,0,0,0,0,0,0,1,0,1,0
34.137319,-118.029837,2,69.7,135.2,0,3056,0,0,0,0,1,0,0,1,0,0,0,0,0,0,0,0,0,0,0,0,0,0,0,1,0,1,0
34.128284,-118.047732,53,73.9,3958.25,0,5644,1,0,0,0,1,0,1,0,0,0,0,0,1,0,1,0,1,0,0,0,1,0,1,1,0,0,0
34.145695,-117.95982,11,20.6,233.9,0,4047,0,0,1,0,1,0,0,0,1,1,0,1,0,1,0,1,0,1,0,1,0,1,0,0,0,0,1
34.234912,-118.153729,69,19.9,1363.45,0,5570,1,0,1,0,1,0,0,0,1,1,0,1,0,1,0,1,0,1,0,1,0,0,1,0,0,0,1
34.2112,-118.230625,72,89.05,6254.45,0,6212,1,0,1,0,1,0,1,0,0,0,1,0,1,0,1,0,1,0,1,0,1,0,1,1,0,0,0
34.110444,-118.156957,16,20.4,321.4,0,3990,0,0,1,1,1,0,0,0,1,1,0,1,0,1,0,1,0,1,0,1,0,0,0,0,0,1,0
34.282704,-118.312929,43,84.25,3539.25,0,4382,1,0,1,0,1,0,0,1,0,0,1,0,0,0,1,0,1,0,0,0,0,1,0,1,0,0,0
34.146635,-118.139225,14,81.95,1181.75,0,2564,1,0,1,0,1,0,0,0,0,0,0,0,1,0,1,0,1,0,1,0,1,0,1,0,0,0,1
34.165383,-118.123752,32,20.55,654.55,0,5358,0,0,0,0,1,0,0,0,1,1,0,1,0,1,0,1,0,1,0,1,0,1,0,0,0,0,0
34.13946,-118.166649,34,24.7,780.2,0,3421,0,0,1,0,1,0,1,0,1,1,0,1,0,1,0,1,0,1,0,1,0,0,0,0,0,1,0
34.122671,-118.112911,15,105.35,1559.25,0,2721,0,0,1,1,1,0,1,1,0,0,0,0,1,0,1,0,0,0,1,0,1,0,0,1,0,0,0
34.17051,-118.289463,61,20.55,1252.0,0,5110,1,0,1,0,1,0,0,0,1,1,0,1,0,1,0,1,0,1,0,1,0,1,0,1,1,0,0
34.153338,-118.262974,1,45.3,45.3,0,3575,0,0,0,0,1,0,0,0,0,0,0,0,0,0,0,0,0,0,0,0,0,0,0,0,0,0,1
34.13658,-118.245839,33,74.75,2453.3,0,5344,1,0,1,0,1,0,0,0,0,0,1,0,0,0,1,0,0,0,1,0,1,1,0,0,1,0,0
34.195386,-118.238508,20,51.8,1023.85,0,2764,1,0,0,0,1,0,0,0,0,0,0,0,1,0,0,0,0,0,0,0,0,0,0,1,0,0,1
34.239636,-118.245259,3,30.4,82.15,0,3108,1,0,0,0,0,1,0,0,0,0,0,0,0,0,0,0,1,0,0,0,0,0,0,0,0,1,0
34.129058,-118.759788,13,19.65,244.8,0,2024,0,0,0,0,1,0,0,0,1,1,0,1,0,1,0,1,0,1,0,1,0,1,0,0,0,1,0
34.130861,-118.68346,40,56.6,2379.1,0,3359,0,0,1,0,1,0,1,0,0,0,0,0,1,0,0,0,0,0,0,0,0,0,0,0,1,0,0
34.19829,-118.602203,43,71.9,3173.35,0,4106,1,0,1,0,1,0,1,0,0,0,1,0,0,0,0,0,1,0,0,0,1,1,0,1,1,0,0
34.209532,-118.577563,69,19.75,1375.4,0,5325,0,0,1,0,1,0,0,0,1,1,0,1,0,1,0,1,0,1,0,1,0,0,1,0,0,0,0
34.199787,-118.68493,72,109.7,8129.3,0,5945,0,0,1,0,1,0,1,1,0,0,1,0,1,0,1,0,0,0,1,0,1,0,1,0,1,0,0
34.294142,-118.603883,59,19.3,1192.7,0,4149,1,0,1,0,1,0,0,0,1,1,0,1,0,1,0,1,0,1,0,1,0,0,1,0,1,0,0
34.150354,-118.518292,20,96.55,1901.65,0,4382,0,0,1,0,1,0,0,1,0,0,1,0,1,0,0,0,1,0,1,0,0,0,0,1,0,1,0
34.172071,-118.946262,24,24.1,587.4,0,4634,1,0,1,1,1,0,1,0,1,1,0,1,0,1,0,1,0,1,0,1,0,0,1,1,0,0,0
34.370378,-118.504118,59,111.35,6519.75,0,6047,1,0,0,0,1,0,1,1,0,0,0,0,1,0,1,0,1,0,1,0,1,0,0,1,0,1,0
34.238208,-118.55029,72,112.25,8041.65,0,4099,1,0,1,1,1,0,1,1,0,0,0,0,1,0,1,0,1,0,1,0,1,0,1,1,0,0,0
34.236683,-118.517588,1,20.75,20.75,0,3358,1,0,0,1,1,0,0,0,1,1,0,1,0,1,0,1,0,1,0,1,0,0,0,0,0,0,1
34.281911,-118.556218,27,101.9,2681.15,0,3795,0,0,1,0,1,0,0,1,0,0,1,0,0,0,0,0,1,0,1,0,1,1,0,1,1,0,0
34.255442,-118.421314,14,80.05,1112.3,0,4400,0,0,0,0,1,0,0,1,0,0,0,0,1,0,0,0,1,0,0,0,0,0,0,1,1,0,0
34.200175,-118.540958,71,105.55,7405.5,0,5010,1,0,1,1,1,0,1,1,0,0,1,0,0,0,1,0,0,0,1,0,1,0,1,0,0,1,0
34.286131,-118.435969,13,78.3,1033.95,0,5566,1,0,0,1,1,0,0,1,0,0,0,0,0,0,0,0,0,0,1,0,0,0,0,1,1,0,0
34.321621,-118.399841,44,68.85,2958.95,0,2053,1,0,0,0,1,0,0,1,0,0,0,0,0,0,0,0,0,0,0,0,0,0,0,0,1,0,0
34.238802,-118.482296,33,79.95,2684.85,0,3118,0,0,0,0,1,0,0,1,0,0,0,0,1,0,0,0,1,0,0,0,0,1,0,1,0,0,0
34.291273,-118.505104,72,55.45,4179.2,0,4556,1,0,1,0,0,1,0,0,0,0,1,0,1,0,1,0,1,0,0,0,1,0,1,1,1,0,0
34.422519,-118.420717,64,102.45,6654.1,0,6398,1,0,1,0,1,0,0,1,0,0,0,0,1,0,1,0,1,0,1,0,1,1,0,1,1,0,0
34.457005,-118.573726,1,25.25,25.25,0,5858,0,0,0,0,0,1,0,0,0,0,0,0,0,0,0,0,0,0,0,0,0,0,0,0,0,1,0
34.43987,-118.644609,61,19.75,1124.2,0,5411,1,0,0,1,1,0,0,0,1,1,0,1,0,1,0,1,0,1,0,1,0,0,1,0,0,0,1
34.157137,-118.548511,29,20.0,540.05,0,3800,0,0,1,0,1,0,0,0,1,1,0,1,0,1,0,1,0,1,0,1,0,1,0,0,0,1,0
34.214054,-118.88109,23,86.8,1975.85,0,5788,1,1,1,0,1,0,1,1,0,0,0,0,0,0,0,0,0,0,0,0,1,0,0,0,0,1,0
34.130992,-118.894673,57,58.75,3437.45,0,4115,0,0,1,0,0,1,0,0,0,0,1,0,1,0,1,0,0,0,1,0,1,0,0,1,0,0,0
34.191842,-118.822796,72,45.25,3139.8,0,5041,1,0,1,0,0,1,0,0,0,0,1,0,1,0,1,0,1,0,0,0,0,0,1,0,1,0,0
34.153733,-118.593408,66,56.6,3789.2,0,5500,1,0,1,0,0,1,0,0,0,0,1,0,1,0,1,0,1,0,1,0,0,0,1,1,0,0,0
34.178068,-118.615714,65,84.2,5324.5,0,5256,1,0,1,0,1,0,1,0,0,0,0,0,1,0,1,0,1,0,1,0,1,0,1,1,0,0,0
34.19225,-118.776874,8,80.0,624.6,0,2165,0,0,0,0,1,0,0,1,0,0,0,0,0,0,0,0,0,0,1,0,0,0,0,1,0,0,0
34.506627,-118.699048,71,24.75,1836.9,0,4642,0,0,1,0,1,0,1,0,1,1,0,1,0,1,0,1,0,1,0,1,0,0,1,0,0,0,0
34.178483,-118.431791,1,20.2,20.2,0,4160,1,0,1,0,1,0,0,0,1,1,0,1,0,1,0,1,0,1,0,1,0,1,0,1,0,1,0
34.147149,-118.463365,12,19.35,219.35,0,4451,0,0,0,0,1,0,0,0,1,1,0,1,0,1,0,1,0,1,0,1,0,1,0,1,0,0,0
34.202494,-118.448048,24,50.6,1288.75,0,4806,1,0,0,0,0,1,0,0,0,0,1,0,0,0,0,0,0,0,1,0,1,1,0,1,0,0,1
34.195685,-118.490752,31,81.15,2545.75,0,5643,0,0,1,0,1,0,0,0,0,0,1,0,0,0,1,0,1,0,1,0,1,1,0,1,0,0,1
34.146957,-118.432138,30,89.9,2723.15,0,3233,1,0,0,0,1,0,1,1,0,0,0,0,0,0,0,0,1,0,0,0,1,0,0,1,1,0,0
34.152875,-118.486056,47,85.3,4107.25,0,5698,0,0,1,0,1,0,1,0,0,0,1,0,1,0,0,0,1,0,1,0,1,0,1,1,1,0,0
34.188339,-118.300942,54,108.0,5760.65,0,6370,1,0,0,0,1,0,1,1,0,0,1,0,1,0,0,0,1,0,1,0,1,0,1,1,1,0,0
34.177267,-118.31003,50,93.5,4747.5,0,6367,1,0,0,0,1,0,0,1,0,0,1,0,1,0,0,0,1,0,0,0,1,0,0,1,1,0,0
34.174215,-118.345928,72,20.25,1566.9,0,5733,0,0,0,0,1,0,0,0,1,1,0,1,0,1,0,1,0,1,0,1,0,0,1,0,1,0,0
34.169706,-118.323548,29,25.15,702.0,0,5491,0,0,0,0,1,0,1,0,1,1,0,1,0,1,0,1,0,1,0,1,0,0,0,0,0,1,0
34.15136,-118.364786,10,29.6,299.05,0,3180,0,0,0,0,0,1,0,0,0,0,0,0,0,0,0,0,1,0,0,0,0,0,1,1,0,0,1
34.139082,-118.39275,18,73.15,1305.95,0,4283,1,0,1,0,1,0,1,1,0,0,0,0,0,0,0,0,0,0,0,0,0,0,0,1,0,1,0
34.187599,-118.387125,16,19.75,284.35,0,4272,1,0,0,0,1,0,0,0,1,1,0,1,0,1,0,1,0,1,0,1,0,0,1,0,0,0,1
34.165783,-118.399795,72,86.6,6350.5,0,4530,0,0,0,0,1,0,1,0,0,0,0,0,1,0,1,0,1,0,1,0,1,0,1,0,0,0,0
34.132275,-117.611478,72,109.2,7878.3,0,4551,1,0,0,0,1,0,1,1,0,0,0,0,1,0,1,0,1,0,1,0,1,0,1,0,0,0,0
34.174493,-117.87068,41,74.7,3187.65,0,5246,0,0,1,0,1,0,0,0,0,0,1,0,0,0,0,0,1,0,1,0,1,1,0,1,1,0,0
34.098275,-117.967399,65,94.4,6126.15,0,5348,0,1,1,0,1,0,0,1,0,0,1,0,1,0,1,0,0,0,0,0,1,0,0,0,0,1,0
33.942895,-117.725644,13,54.8,731.3,0,5557,0,1,0,0,1,0,0,0,0,0,0,0,1,0,1,0,0,0,0,0,0,0,0,1,0,1,0
33.990646,-117.663025,4,75.35,273.4,0,4033,1,1,0,0,1,0,0,1,0,0,1,0,0,0,0,0,0,0,0,0,0,0,0,0,0,1,0
34.127621,-117.717863,41,65.0,2531.8,0,5043,1,0,0,0,1,0,1,0,0,0,0,0,0,0,1,0,0,0,0,0,1,1,0,0,0,0,1
34.08111,-117.853935,42,99.0,4298.45,0,2887,1,0,0,0,1,0,1,1,0,0,1,0,1,0,1,0,0,0,0,0,1,1,0,1,0,1,0
34.10097,-117.57882,51,93.5,4619.55,0,5561,0,0,1,0,1,0,0,1,0,0,1,0,1,0,1,0,0,0,1,0,0,1,0,1,0,1,0
34.04622,-118.053753,32,83.7,2633.3,0,3945,1,0,0,0,1,0,1,0,0,0,0,0,1,0,1,0,1,0,1,0,1,1,0,0,1,0,0
34.245289,-117.642503,10,19.85,193.05,0,3768,1,0,0,0,1,0,0,0,1,1,0,1,0,1,0,1,0,1,0,1,0,0,0,1,0,0,1
34.133809,-117.523724,67,59.55,4103.9,0,4478,0,0,1,0,0,1,0,0,0,0,0,0,1,0,1,0,1,0,1,0,1,0,1,1,0,1,0
34.119363,-117.855059,61,115.1,7008.15,0,6090,0,0,1,1,1,0,1,1,0,0,1,0,1,0,1,0,1,0,1,0,1,0,1,0,1,0,0
34.14649,-117.849815,50,114.35,5791.1,0,5068,1,0,0,0,1,0,1,1,0,0,1,0,1,0,1,0,1,0,1,0,1,1,0,0,1,0,0
33.998471,-117.973758,29,45.0,1228.65,0,3094,0,1,1,0,0,1,0,0,0,0,1,0,0,0,1,0,0,0,0,0,1,0,0,1,0,1,0
34.144703,-117.770299,57,89.85,4925.35,0,4429,1,1,1,0,1,0,1,1,0,0,0,0,1,0,0,0,0,0,0,0,1,0,0,1,0,1,0
33.999992,-117.535395,31,49.85,1520.1,0,2539,0,0,0,0,0,1,0,0,0,0,1,0,1,0,0,0,1,0,0,0,1,0,1,1,0,0,0
34.050322,-118.147037,45,113.3,5032.25,0,4885,0,0,1,0,1,0,1,1,0,0,1,0,1,0,1,0,1,0,1,0,1,1,0,0,0,0,1
34.049172,-118.115022,61,88.1,5526.75,0,5152,0,0,1,0,1,0,1,0,0,0,1,0,1,0,1,0,1,0,1,0,1,0,1,0,0,0,1
34.231318,-117.662032,50,24.9,1195.25,0,4297,1,0,0,0,1,0,1,0,1,1,0,1,0,1,0,1,0,1,0,1,0,0,1,0,0,0,0
34.035602,-117.591528,19,105.0,2007.25,0,3524,0,1,0,0,1,0,0,1,0,0,1,0,1,0,0,0,1,0,1,0,1,0,0,1,0,0,1
34.072121,-117.698319,71,24.25,1732.95,0,5409,0,0,1,0,1,0,1,0,1,1,0,1,0,1,0,1,0,1,0,1,0,0,1,1,1,0,0
33.992416,-117.807874,57,59.75,3450.15,0,4012,1,0,1,0,1,0,0,0,0,0,1,0,1,0,0,0,1,0,0,0,0,0,1,1,0,1,0
34.083086,-117.737997,20,107.05,2172.05,0,5328,1,1,1,0,1,0,1,1,0,0,0,0,1,0,0,0,1,0,1,0,1,0,0,0,0,1,0
34.114772,-118.089431,21,64.95,1339.8,0,4604,1,1,1,0,1,0,0,0,0,0,1,0,1,0,0,0,0,0,0,0,1,0,0,1,0,0,0
34.089927,-118.095645,14,55.0,771.95,0,4900,1,0,0,0,0,1,0,0,0,0,0,0,0,0,1,0,1,0,1,0,1,0,0,1,0,1,0
34.101608,-118.055848,5,50.55,244.75,0,2739,0,0,0,0,1,0,0,0,0,0,0,0,1,0,0,0,0,0,0,0,0,0,0,0,0,0,0
34.141146,-117.655583,6,55.15,322.9,0,5377,0,0,0,0,1,0,0,0,0,0,1,0,1,0,0,0,0,0,0,0,0,0,0,0,0,0,1
34.105493,-117.660934,10,51.2,498.25,0,5765,0,0,0,0,1,0,0,0,0,0,0,0,1,0,0,0,0,0,0,0,0,0,0,0,0,1,0
34.018354,-117.85492,1,25.4,25.4,0,4556,0,0,0,1,1,0,1,0,1,1,0,1,0,1,0,1,0,1,0,1,0,0,0,0,0,0,1
34.066964,-117.937007,68,54.45,3687.75,0,5310,0,0,0,0,1,0,1,0,0,0,1,0,0,0,0,0,0,0,0,0,0,0,0,0,0,0,1
34.024405,-117.898722,22,76.0,1783.6,0,2031,0,0,0,0,1,0,1,1,0,0,0,0,0,0,0,0,0,0,0,0,0,1,0,1,1,0,0
34.090925,-118.128164,20,44.35,927.15,0,3460,0,0,0,0,1,0,0,0,0,0,0,0,0,0,0,0,0,0,0,0,0,0,0,1,0,1,0
32.673483,-116.472863,35,61.2,2021.2,0,2075,1,0,0,0,1,0,0,0,0,0,1,0,1,0,1,0,0,0,0,0,0,1,0,0,0,0,1
32.636792,-117.054989,23,86.8,1940.8,0,3200,1,0,1,0,1,0,0,1,0,0,0,0,1,0,1,0,1,0,0,0,0,1,0,0,0,0,1
32.607964,-117.059459,6,89.35,567.8,0,2578,0,1,0,0,1,0,0,1,0,0,0,0,0,0,0,0,0,0,1,0,1,0,0,1,0,1,0
32.64164,-116.985026,12,19.7,220.35,0,5715,0,0,0,0,1,0,0,0,1,1,0,1,0,1,0,1,0,1,0,1,0,0,0,0,0,0,1
32.688506,-116.938632,1,20.25,20.25,0,5384,1,0,0,0,1,0,0,0,1,1,0,1,0,1,0,1,0,1,0,1,0,0,0,0,0,0,1
32.605012,-116.97595,71,76.05,5436.45,0,5841,0,0,1,1,1,0,0,1,0,0,0,0,0,0,1,0,0,0,0,0,0,0,1,0,0,1,0
32.912664,-116.635387,35,100.8,3437.5,0,3318,1,1,1,0,1,0,1,1,0,0,0,0,0,0,1,0,0,0,1,0,1,0,0,1,0,1,0
32.622999,-116.687855,40,74.55,3015.75,0,3718,1,0,1,1,1,0,1,0,0,0,0,0,0,0,1,0,0,0,1,0,1,0,0,1,0,1,0
32.579134,-117.119009,23,64.9,1509.8,0,3314,1,0,0,0,1,0,0,0,0,0,0,0,0,0,0,0,0,0,1,0,1,1,0,1,0,0,0
32.695681,-116.798386,4,90.4,356.65,0,3314,1,0,0,0,1,0,0,1,0,0,0,0,0,0,1,0,1,0,0,0,1,0,0,1,0,1,0
32.759327,-116.99726,68,60.3,4109.0,0,4864,0,0,1,0,0,1,0,0,0,0,0,0,1,0,1,0,1,0,1,0,1,0,1,0,1,0,0
32.782501,-117.01611,38,81.85,3141.7,0,3571,1,0,0,1,1,0,1,1,0,0,0,0,1,0,0,0,0,0,0,0,0,0,0,1,0,0,1
32.733564,-117.033713,52,24.8,1229.1,0,5320,1,0,1,1,1,0,1,0,1,1,0,1,0,1,0,1,0,1,0,1,0,0,1,0,0,0,1
32.67102,-117.095235,29,75.55,2054.4,0,5625,1,0,1,0,1,0,0,0,0,0,0,0,0,0,1,0,1,0,1,0,1,0,1,0,0,0,1
32.800671,-116.483363,38,101.15,3741.85,0,4036,1,1,1,1,1,0,1,1,0,0,0,0,1,0,0,0,0,0,1,0,1,0,0,0,0,1,0
32.619465,-116.593605,48,78.75,3682.45,0,2257,1,0,0,0,1,0,1,0,0,0,1,0,0,0,1,0,0,0,1,0,1,1,0,1,1,0,0
32.726627,-116.994608,1,19.25,19.25,0,4745,0,0,0,0,1,0,0,0,1,1,0,1,0,1,0,1,0,1,0,1,0,0,0,1,0,0,0
32.730264,-116.950963,22,89.05,1886.25,0,5479,0,0,0,0,1,0,0,1,0,0,1,0,0,0,0,0,1,0,0,0,1,0,0,1,0,1,0
32.587557,-116.636816,43,115.05,4895.1,0,4115,0,0,0,0,1,0,1,1,0,0,1,0,1,0,1,0,1,0,1,0,1,0,1,0,1,0,0
33.290907,-117.202895,5,69.35,341.6,0,5437,0,1,1,0,1,0,0,1,0,0,0,0,0,0,0,0,0,0,0,0,0,0,0,1,0,1,0
33.015866,-117.272254,51,110.05,5686.4,0,5604,1,0,1,0,1,0,1,1,0,0,1,0,1,0,0,0,1,0,1,0,1,1,0,0,1,0,0
33.148116,-117.306043,71,19.9,1355.1,0,5308,1,0,0,0,1,0,0,0,1,1,0,1,0,1,0,1,0,1,0,1,0,0,1,1,1,0,0
32.785165,-116.862648,35,91.5,3236.35,0,3617,1,0,1,0,1,0,1,1,0,0,0,0,0,0,0,0,1,0,1,0,0,0,0,1,1,0,0
32.832706,-116.873258,72,60.0,4264.0,0,5471,0,0,1,0,0,1,0,0,0,0,0,0,1,0,1,0,1,0,1,0,1,0,1,1,0,1,0
33.054579,-117.25665,1,44.8,44.8,0,2269,1,0,0,0,1,0,0,0,0,0,0,0,0,0,0,0,0,0,0,0,0,0,0,1,0,1,0
33.081478,-117.033814,9,48.6,422.3,0,4562,0,0,1,0,1,0,0,0,0,0,1,0,0,0,0,0,0,0,0,0,0,1,0,0,0,0,1
33.21846,-117.116916,69,60.05,4176.7,0,5388,1,0,0,0,0,1,0,0,0,0,1,0,1,0,0,0,1,0,1,0,1,0,1,1,0,0,0
33.141265,-116.967221,52,102.7,5138.1,0,4044,0,0,1,0,1,0,1,1,0,0,0,0,1,0,0,0,1,0,1,0,1,0,0,1,1,0,0
33.362575,-117.299644,11,82.9,880.05,0,4413,0,1,1,0,1,0,0,1,0,0,0,0,0,0,0,0,1,0,1,0,0,0,0,1,0,1,0
32.980678,-116.262854,28,35.9,973.65,0,5444,0,1,1,1,0,1,0,0,0,0,0,0,0,0,0,0,0,0,1,0,0,0,0,1,0,1,0
32.853743,-117.25034,17,82.65,1470.05,0,3754,0,1,0,0,1,0,1,1,0,0,0,0,0,0,1,0,0,0,0,0,0,0,0,1,1,0,0
32.909873,-116.906774,35,19.85,739.35,0,4177,0,0,1,1,1,0,0,0,1,1,0,1,0,1,0,1,0,1,0,1,0,0,1,1,0,0,1
33.351059,-117.420557,8,19.2,161.95,0,5272,0,0,0,0,1,0,0,0,1,1,0,1,0,1,0,1,0,1,0,1,0,1,0,1,0,0,1
33.194742,-117.29032,46,94.9,4422.95,0,5316,1,0,0,0,1,0,1,1,0,0,0,0,1,0,1,0,0,0,1,0,0,1,0,1,1,0,0
32.984395,-117.013454,68,88.15,6148.45,0,5531,0,0,0,0,1,0,1,0,0,0,1,0,1,0,1,0,1,0,1,0,1,0,1,1,0,1,0
33.044541,-116.833922,36,94.8,3565.65,0,2807,0,0,0,0,1,0,0,1,0,0,0,0,1,0,0,0,0,0,1,0,1,0,0,1,1,0,0
33.012751,-117.200617,32,54.65,1830.1,0,4045,0,1,0,0,1,0,0,0,0,0,0,0,1,0,0,0,1,0,0,0,0,0,0,0,0,0,0
33.162624,-117.170863,71,85.75,6223.8,0,4487,0,0,1,0,1,0,1,0,0,0,1,0,1,0,1,0,1,0,1,0,1,0,1,0,1,0,0
33.174725,-116.743329,66,67.45,4508.65,0,4172,0,0,1,1,1,0,1,0,0,0,1,0,1,0,1,0,0,0,0,0,0,0,0,1,0,0,0
32.847336,-116.997605,63,20.5,1328.15,0,5997,1,0,0,0,1,0,0,0,1,1,0,1,0,1,0,1,0,1,0,1,0,1,0,0,0,0,1
33.001813,-117.263628,41,20.25,865.0,0,3972,0,0,0,0,1,0,0,0,1,1,0,1,0,1,0,1,0,1,0,1,0,1,0,1,1,0,0
33.119028,-117.166036,1,72.1,72.1,0,4432,0,1,0,0,1,0,1,1,0,0,0,0,0,0,0,0,0,0,0,0,0,0,0,1,0,1,0
33.17494,-117.242761,70,19.45,1303.5,0,5540,0,0,1,0,1,0,0,0,1,1,0,1,0,1,0,1,0,1,0,1,0,0,1,0,0,0,0
33.22784,-117.200024,23,44.95,996.85,0,3248,0,0,0,0,0,1,0,0,0,0,0,0,0,0,0,0,0,0,1,0,1,0,0,1,0,1,0
33.323705,-116.626907,64,97.0,6430.9,0,4053,0,1,1,0,1,0,0,1,0,0,1,0,1,0,1,0,0,0,0,0,1,1,0,0,0,0,0
32.99356,-117.207121,37,62.8,2278.75,0,5229,1,0,1,0,1,0,1,0,0,0,1,0,0,0,1,0,1,0,0,0,0,0,1,1,1,0,0
32.72523,-117.171346,17,44.6,681.4,0,2130,1,0,0,0,1,0,0,0,0,0,0,0,0,0,0,0,0,0,0,0,0,1,0,0,0,0,1
32.716007,-117.117462,7,89.15,574.35,0,2415,0,1,0,0,1,0,0,1,0,0,0,0,0,0,0,0,0,0,1,0,1,0,0,1,0,1,0
32.71346,-117.236378,16,54.1,889.0,0,2276,0,1,0,0,1,0,1,0,0,0,1,0,0,0,0,0,0,0,0,0,0,0,0,1,0,1,0
32.741852,-117.243453,64,105.25,6823.4,0,5682,1,0,1,0,1,0,1,1,0,0,0,0,1,0,0,0,1,0,1,0,1,0,1,1,0,1,0
32.787836,-117.232376,42,97.1,4016.75,0,2170,1,0,1,0,1,0,1,1,0,0,1,0,0,0,0,0,0,0,1,0,1,1,0,0,0,1,0
32.76501,-117.19938,5,20.2,83.75,0,5169,1,0,0,1,1,0,0,0,1,1,0,1,0,1,0,1,0,1,0,1,0,0,0,0,0,0,1
32.805518,-117.169052,41,98.8,3959.15,0,5584,0,0,0,0,1,0,0,1,0,0,0,0,1,0,0,0,1,0,1,0,1,0,1,1,0,0,0
32.697098,-117.116587,58,50.3,2878.55,0,5232,1,0,1,0,1,0,0,0,0,0,0,0,0,0,1,0,0,0,0,0,0,1,0,0,1,0,0
32.707892,-117.05512,47,20.55,945.7,0,5404,0,0,0,0,1,0,0,0,1,1,0,1,0,1,0,1,0,1,0,1,0,0,1,1,0,0,1
32.762506,-117.07245,18,75.9,1373.05,0,4668,1,0,0,0,1,0,0,1,0,0,0,0,0,0,0,0,1,0,0,0,0,0,0,1,0,0,0
32.825086,-117.199424,23,59.95,1406.0,0,5379,1,0,1,0,1,0,0,0,0,0,1,0,0,0,0,0,0,0,0,0,1,0,0,1,0,0,0
32.68674,-117.186612,1,19.15,19.15,0,2577,0,0,0,0,1,0,0,0,1,1,0,1,0,1,0,1,0,1,0,1,0,0,0,0,0,0,1
32.802959,-117.027095,71,98.65,6962.85,0,5101,1,0,1,0,1,0,1,1,0,0,0,0,0,0,1,0,0,0,1,0,1,1,0,1,1,0,0
32.807867,-117.060993,72,112.6,8126.65,0,6486,1,0,1,1,1,0,1,1,0,0,1,0,1,0,1,0,1,0,1,0,1,0,1,1,1,0,0
32.898613,-117.202937,33,20.6,690.25,0,5212,1,0,1,0,1,0,0,0,1,1,0,1,0,1,0,1,0,1,0,1,0,1,0,0,0,0,1
32.808814,-117.134694,24,35.75,830.8,0,5531,1,0,0,0,0,1,0,0,0,0,1,0,0,0,0,0,1,0,0,0,0,0,1,0,0,0,1
32.827238,-117.089287,56,99.75,5608.4,0,5926,0,0,1,0,1,0,1,1,0,0,0,0,1,0,1,0,1,0,0,0,1,1,0,1,1,0,0
32.886925,-117.152162,37,96.1,3646.8,0,2640,1,0,0,0,1,0,0,1,0,0,0,0,1,0,0,0,0,0,1,0,1,0,0,1,1,0,0
33.017518,-117.118456,43,85.1,3662.25,0,2319,0,0,0,0,1,0,1,0,0,0,0,0,1,0,1,0,1,0,1,0,1,1,0,0,1,0,0
33.000269,-117.072093,1,25.35,25.35,0,4193,1,0,0,0,0,1,0,0,0,0,0,0,0,0,0,0,0,0,0,0,0,0,0,0,0,0,1
32.957195,-117.202542,61,89.65,5308.7,0,6149,0,0,0,0,1,0,1,0,0,0,1,0,1,0,1,0,1,0,1,0,1,0,1,0,0,1,0
32.89325,-117.087091,17,86.75,1410.25,0,5863,1,0,0,0,1,0,1,1,0,0,0,0,0,0,1,0,1,0,0,0,0,1,0,0,0,1,0
32.677716,-117.047666,41,86.2,3339.05,0,5325,0,0,1,0,1,0,0,1,0,0,0,0,1,0,1,0,1,0,0,0,0,1,0,1,0,0,0
32.555828,-117.040073,72,64.8,4732.35,0,4886,1,1,1,0,0,1,0,0,0,0,1,0,1,0,1,0,1,0,1,0,1,0,1,1,0,0,0
33.752938,-116.230055,48,108.1,5067.45,0,5994,1,0,0,0,1,0,1,1,0,0,0,0,1,0,1,0,0,0,1,0,1,0,1,1,0,0,0
33.936298,-116.849577,42,54.75,2348.45,0,3179,0,0,0,0,0,1,0,0,0,0,1,0,1,0,1,0,1,0,0,0,1,1,0,1,0,1,0
33.946982,-116.977672,44,90.4,4063.0,0,4751,1,0,0,0,1,0,1,1,0,0,0,0,0,0,1,0,0,0,0,0,1,0,0,1,0,0,1
33.674583,-114.71612,1,44.0,44.0,0,4020,1,0,0,1,1,0,0,0,0,0,0,0,0,0,0,0,0,0,0,0,0,0,0,0,0,1,0
33.03933,-115.191857,27,95.6,2595.25,0,2026,0,0,0,0,1,0,1,1,0,0,0,0,0,0,0,0,0,0,1,0,1,0,0,1,0,0,0
33.929812,-116.76058,27,84.8,2309.55,0,5352,1,1,1,0,1,0,1,0,0,0,0,0,1,0,1,0,1,0,1,0,1,0,0,1,0,0,0
32.690654,-115.431225,2,44.3,89.3,0,3805,0,1,0,0,1,0,0,0,0,0,0,0,0,0,0,0,0,0,0,0,0,0,0,1,0,1,0
33.143826,-115.497485,19,19.9,367.55,0,3245,0,0,0,0,1,0,0,0,1,1,0,1,0,1,0,1,0,1,0,1,0,0,0,0,0,0,1
33.829583,-116.474131,42,95.05,3944.5,0,2677,0,1,1,0,1,0,1,1,0,0,0,0,0,0,0,0,0,0,1,0,1,0,0,1,0,1,0
33.680031,-116.171678,66,90.05,5965.95,0,5813,0,0,0,0,1,0,1,0,0,0,1,0,1,0,1,0,1,0,1,0,1,0,1,1,1,0,0
33.889605,-115.257009,33,109.9,3694.7,0,5655,1,1,1,0,1,0,1,1,0,0,1,0,0,0,1,0,1,0,1,0,1,0,0,1,0,0,0
33.832799,-116.250973,33,54.6,1803.7,0,5322,1,1,0,0,0,1,0,0,0,0,0,0,0,0,1,0,1,0,1,0,1,0,0,1,0,1,0
34.137742,-114.36514,23,20.05,415.1,0,3742,0,0,1,0,1,0,0,0,1,1,0,1,0,1,0,1,0,1,0,1,0,1,0,0,0,0,1
32.770393,-115.60915,32,19.75,624.15,0,4691,0,0,0,0,1,0,0,0,1,1,0,1,0,1,0,1,0,1,0,1,0,1,0,0,0,0,0
32.730583,-115.501083,11,20.05,237.7,0,5355,0,0,0,0,1,0,0,0,1,1,0,1,0,1,0,1,0,1,0,1,0,1,0,0,1,0,0
32.858595,-115.662709,68,55.9,3848.8,0,5160,0,0,1,0,1,0,0,0,0,0,1,0,0,0,0,0,1,0,0,0,0,1,0,0,0,0,0
34.167236,-116.281511,20,19.7,419.4,0,2120,1,0,0,0,1,0,0,0,1,1,0,1,0,1,0,1,0,1,0,1,0,0,1,1,0,0,1
33.695532,-116.310571,72,19.8,1468.75,0,5368,1,0,0,0,1,0,0,0,1,1,0,1,0,1,0,1,0,1,0,1,0,0,1,1,1,0,0
33.543835,-115.993906,60,95.4,5812.0,0,4149,1,0,1,0,1,0,1,1,0,0,1,0,0,0,1,0,0,0,1,0,0,1,0,1,0,0,0
34.097863,-116.594561,32,93.95,2861.45,0,2844,1,1,1,1,1,0,0,1,0,0,0,0,1,0,0,0,0,0,1,0,1,0,0,1,0,0,1
33.694501,-116.412711,46,24.45,1066.15,0,2438,0,0,1,0,1,0,1,0,1,1,0,1,0,1,0,1,0,1,0,1,0,1,0,1,0,0,0
33.839989,-116.659215,29,74.95,2149.05,0,3483,0,0,1,0,1,0,1,1,0,0,0,0,0,0,0,0,0,0,0,0,0,0,0,1,0,1,0
33.745746,-116.514215,51,87.35,4473.0,0,4899,1,0,0,0,1,0,1,1,0,0,0,0,1,0,1,0,1,0,0,0,0,0,0,1,0,1,0
33.3249,-114.758334,48,70.65,3545.05,0,5523,0,1,1,0,1,0,0,1,0,0,0,0,0,0,0,0,0,0,0,0,0,0,0,1,0,0,0
34.273872,-114.192901,16,73.25,1195.75,0,3624,0,0,1,1,1,0,0,1,0,0,0,0,1,0,0,0,0,0,0,0,0,0,0,0,0,0,0
34.201108,-116.593456,70,98.7,6858.9,0,5582,1,0,1,0,1,0,1,1,0,0,0,0,1,0,1,0,1,0,0,0,1,0,1,1,0,0,0
33.763678,-116.429928,40,24.8,1024.7,0,3021,0,0,1,1,1,0,1,0,1,1,0,1,0,1,0,1,0,1,0,1,0,0,1,1,0,0,1
33.28156,-115.955541,5,24.3,132.25,0,3181,0,0,1,1,1,0,1,0,1,1,0,1,0,1,0,1,0,1,0,1,0,0,0,1,0,0,1
33.849263,-116.382778,7,69.85,515.45,0,5501,0,0,0,0,1,0,0,1,0,0,0,0,0,0,0,0,0,0,0,0,0,0,0,1,0,0,0
34.17211,-115.769773,29,100.55,2830.45,0,3055,1,0,0,0,1,0,1,1,0,0,0,0,1,0,1,0,1,0,0,0,1,1,0,0,1,0,0
34.457829,-116.139589,44,25.7,1110.5,0,3037,1,0,1,0,1,0,1,0,1,1,0,1,0,1,0,1,0,1,0,1,0,1,0,0,0,0,1
34.264124,-114.717964,10,40.7,449.3,0,2164,0,0,0,0,0,1,0,0,0,0,1,0,1,0,1,0,0,0,0,0,0,0,0,0,0,0,0
33.03679,-115.60503,55,51.65,2838.55,0,4763,0,1,1,0,1,0,1,0,0,0,0,0,0,0,0,0,0,0,0,0,0,0,0,0,0,0,0
33.972293,-116.654195,52,105.1,5376.4,0,4621,1,1,1,0,1,0,1,1,0,0,0,0,1,0,1,0,0,0,1,0,1,1,0,1,0,0,0
32.852947,-114.850784,10,85.95,858.6,0,4922,0,0,1,1,1,0,1,1,0,0,0,0,0,0,0,0,0,0,0,0,1,0,0,0,0,1,0
34.159534,-116.425984,18,75.6,1395.05,0,4030,1,0,0,0,1,0,1,1,0,0,0,0,0,0,0,0,0,0,0,0,0,0,0,1,0,0,0
34.341737,-116.539416,68,58.25,3975.7,0,4620,0,0,1,0,1,0,1,0,0,0,1,0,0,0,0,0,1,0,0,0,0,1,0,0,0,0,0
34.559882,-115.637164,72,65.2,4784.45,0,5092,0,0,1,0,0,1,0,0,0,0,1,0,1,0,1,0,1,0,1,0,1,0,1,1,1,0,0
34.1678,-116.86433,2,53.45,119.5,0,3477,1,0,0,0,1,0,0,0,0,0,1,0,0,0,1,0,0,0,0,0,0,0,0,0,0,1,0
34.424926,-117.184503,41,19.75,899.45,0,2011,1,0,1,0,1,0,0,0,1,1,0,1,0,1,0,1,0,1,0,1,0,0,1,1,0,1,0
35.28952,-116.092214,26,44.45,1183.8,0,3080,0,0,0,0,0,1,0,0,0,0,0,0,0,0,1,0,1,0,1,0,0,0,0,1,1,0,0
35.349241,-116.770281,36,20.85,720.05,0,5744,1,0,1,0,1,0,0,0,1,1,0,1,0,1,0,1,0,1,0,1,0,1,0,0,0,0,0
34.965648,-117.001509,72,114.05,8468.2,0,4842,1,0,1,0,1,0,1,1,0,0,1,0,1,0,1,0,1,0,1,0,1,0,1,1,1,0,0
34.029175,-117.307211,35,89.85,3161.2,0,4945,1,0,1,0,1,0,1,1,0,0,0,0,0,0,0,0,1,0,0,0,1,0,0,1,0,0,0
34.278967,-116.773825,1,55.05,55.05,0,2962,1,0,0,0,1,0,0,0,0,0,0,0,0,0,1,0,1,0,0,0,0,0,0,0,0,0,1
34.242058,-116.89802,16,112.95,1882.55,0,2683,0,0,1,1,1,0,1,1,0,0,1,0,0,0,1,0,1,0,1,0,1,0,0,1,0,1,0
34.059722,-117.39104,49,101.55,5070.4,0,5348,0,1,0,0,1,0,1,1,0,0,1,0,0,0,0,0,0,0,1,0,1,0,0,0,1,0,0
33.982787,-117.057627,54,114.65,6049.5,0,4488,0,0,1,0,1,0,1,1,0,0,1,0,1,0,1,0,1,0,1,0,1,1,0,1,0,0,1
34.255203,-117.175654,18,64.8,1166.7,0,2466,0,0,0,1,1,0,1,0,0,0,1,0,0,0,0,0,0,0,0,0,1,0,0,0,0,1,0
34.030915,-117.273201,36,80.4,2937.65,0,5544,0,0,1,0,1,0,0,1,0,0,0,0,0,0,0,0,0,0,0,0,1,0,0,0,0,1,0
36.27688,-117.033326,52,25.05,1270.25,0,5674,0,0,1,0,1,0,1,0,1,1,0,1,0,1,0,1,0,1,0,1,0,0,1,1,0,0,0
34.9436,-115.287901,8,94.75,759.55,0,5505,1,0,1,1,1,0,0,1,0,0,0,0,0,0,1,0,0,0,1,0,1,0,0,1,0,1,0
34.274846,-116.937581,72,105.5,7611.55,0,5534,1,0,1,0,1,0,0,1,0,0,1,0,1,0,0,0,1,0,1,0,1,0,1,0,0,0,0
34.087558,-117.464096,64,24.7,1642.75,0,5655,0,0,0,0,1,0,1,0,1,1,0,1,0,1,0,1,0,1,0,1,0,1,0,0,0,0,1
34.136367,-117.460803,22,69.75,1545.4,0,3509,0,1,0,0,1,0,0,0,0,0,1,0,0,0,1,0,1,0,0,0,1,0,0,1,0,0,1
34.049671,-117.468896,60,60.2,3582.4,0,5359,1,0,1,0,0,1,0,0,0,0,0,0,1,0,1,0,1,0,1,0,1,0,0,1,0,0,0
34.067699,-116.903891,61,24.4,1417.9,0,4900,0,0,1,0,1,0,1,0,1,1,0,1,0,1,0,1,0,1,0,1,0,0,1,0,0,0,1
34.244411,-117.072654,24,104.15,2494.65,0,5813,0,0,0,0,1,0,1,1,0,0,0,0,1,0,1,0,0,0,1,0,1,0,0,1,0,1,0
34.757783,-117.33997,28,92.9,2768.35,0,2037,1,0,1,0,1,0,0,1,0,0,0,0,1,0,1,0,1,0,1,0,0,1,0,0,0,0,0
34.361387,-117.337509,30,80.8,2369.3,0,4274,0,0,1,0,1,0,0,0,0,0,0,0,1,0,1,0,1,0,1,0,1,0,1,0,0,0,0
34.129677,-117.154277,2,20.0,38.0,0,4823,1,0,1,0,1,0,0,0,1,1,0,1,0,1,0,1,0,1,0,1,0,0,0,0,0,0,1
34.983808,-117.239306,1,75.1,75.1,0,4120,1,0,0,0,1,0,1,1,0,0,0,0,0,0,0,0,0,0,0,0,0,0,0,1,0,1,0
34.2565,-117.19335,6,19.65,100.9,0,2231,1,0,0,1,1,0,0,0,1,1,0,1,0,1,0,1,0,1,0,1,0,0,0,0,0,0,1
34.049315,-117.255974,24,69.45,1614.05,0,4208,0,0,1,0,1,0,0,0,0,0,0,0,1,0,0,0,0,0,1,0,1,0,0,1,0,0,0
34.103578,-117.04054,72,116.05,8404.9,0,4404,1,1,1,0,1,0,1,1,0,0,1,0,1,0,1,0,1,0,1,0,1,0,1,1,0,0,0
34.711224,-114.702256,70,40.05,2799.75,0,5055,1,0,0,0,0,1,0,0,0,0,0,0,0,0,0,0,1,0,0,0,1,0,1,1,0,0,1
35.478736,-115.516984,64,102.1,6538.45,0,6270,1,1,1,0,1,0,1,1,0,0,0,0,0,0,1,0,1,0,1,0,1,0,1,0,0,1,0
34.89326,-116.505958,72,89.7,6588.95,0,6016,1,0,1,0,1,0,1,1,0,0,0,0,1,0,0,0,0,0,1,0,0,1,0,1,0,1,0
34.647959,-117.296957,44,19.9,868.1,0,2809,0,0,0,0,1,0,0,0,1,1,0,1,0,1,0,1,0,1,0,1,0,0,1,0,0,0,1
34.459322,-117.629729,17,20.65,330.6,0,4086,0,1,0,0,1,0,0,0,1,1,0,1,0,1,0,1,0,1,0,1,0,1,0,0,0,0,1
34.064073,-117.166158,9,70.05,564.4,0,4900,1,0,1,0,1,0,0,0,0,0,0,0,0,0,1,0,0,0,1,0,1,0,0,1,0,0,1
34.109775,-117.378904,24,53.6,1315.35,0,2977,1,0,1,0,1,0,0,0,0,0,1,0,0,0,0,0,1,0,0,0,0,0,0,0,0,0,1
35.924252,-116.188668,35,76.05,2747.2,0,5479,1,1,1,1,1,0,0,0,0,0,0,0,1,0,0,0,1,0,1,0,1,0,0,1,0,1,0
34.243088,-116.830015,7,75.7,554.05,0,2950,0,0,1,1,1,0,0,0,0,0,1,0,1,0,1,0,1,0,1,0,0,0,0,1,0,1,0
34.567058,-117.362329,11,19.65,225.75,0,3372,1,0,1,1,1,0,0,0,1,1,0,1,0,1,0,1,0,1,0,1,0,0,1,0,0,0,1
35.013299,-116.834092,20,81.45,1671.6,0,2416,0,1,0,0,1,0,0,1,0,0,0,0,0,0,0,0,0,0,0,0,1,0,0,1,0,1,0
34.04597,-117.011825,72,108.5,8003.8,0,6288,0,0,1,0,1,0,1,1,0,0,0,0,1,0,1,0,1,0,1,0,1,1,0,1,0,0,0
34.183286,-117.221722,72,84.5,6130.85,0,6202,1,0,1,1,1,0,1,1,0,0,0,0,0,0,0,0,0,0,0,0,1,0,1,1,1,0,0
34.142747,-117.300864,15,100.15,1415.0,0,2565,0,0,0,0,1,0,1,1,0,0,0,0,1,0,0,0,0,0,1,0,1,0,0,1,0,1,0
34.250069,-117.393949,72,88.6,6201.95,0,5842,1,0,0,0,1,0,1,0,0,0,0,0,1,0,1,0,1,0,1,0,1,0,1,1,0,0,0
34.084909,-117.258107,0,52.55,1397.475,0,2578,0,0,1,0,0,1,0,0,0,0,1,0,0,0,1,0,1,0,1,0,0,0,1,1,0,0,0
34.122501,-117.320138,63,104.8,6597.25,0,4046,1,0,1,1,1,0,1,1,0,0,0,0,1,0,1,0,0,0,1,0,1,0,1,1,0,0,0
33.994676,-117.372498,2,59.0,114.15,0,5810,0,0,0,0,1,0,0,0,0,0,0,0,1,0,0,0,0,0,1,0,0,0,0,1,0,1,0
33.9108,-117.398153,61,64.05,3902.6,0,4001,1,1,1,0,1,0,1,0,0,0,0,0,1,0,0,0,0,0,0,0,1,1,0,0,0,0,0
33.920907,-117.489426,1,20.4,20.4,0,2968,1,0,0,0,1,0,0,0,1,1,0,1,0,1,0,1,0,1,0,1,0,0,0,0,0,0,1
33.976328,-117.319786,28,60.9,1785.65,0,3851,1,0,1,0,1,0,0,0,0,0,1,0,1,0,0,0,1,0,0,0,0,0,0,0,0,0,1
33.885499,-117.324959,70,19.8,1397.65,0,4500,0,0,1,0,1,0,0,0,1,1,0,1,0,1,0,1,0,1,0,1,0,0,1,0,0,0,0
33.655421,-117.391751,34,116.25,3899.05,0,4022,1,0,0,0,1,0,1,1,0,0,1,0,1,0,1,0,1,0,1,0,1,1,0,0,1,0,0
33.705836,-117.318204,71,80.7,5676.0,0,4583,0,1,1,0,1,0,1,1,0,0,1,0,0,0,0,0,0,0,0,0,0,0,1,1,1,0,0
33.482243,-116.827173,70,65.2,4543.15,0,6316,0,0,1,0,1,0,1,0,0,0,1,0,0,0,0,0,0,0,0,0,1,1,0,0,0,0,0
33.527605,-116.666551,52,84.05,4326.8,0,6099,0,0,1,1,1,0,0,1,0,0,1,0,0,0,1,0,1,0,0,0,0,0,0,1,0,0,0
33.739415,-116.968339,69,79.45,5502.55,0,5189,1,0,0,0,1,0,1,0,0,0,1,0,1,0,1,0,1,0,1,0,0,0,1,1,1,0,0
33.734933,-117.044145,11,78.0,851.8,0,4886,1,0,0,1,1,0,1,1,0,0,0,0,0,0,1,0,0,0,0,0,0,0,0,1,0,0,1
33.88274,-117.224878,1,19.85,19.85,0,4905,0,0,0,0,1,0,0,0,1,1,0,1,0,1,0,1,0,1,0,1,0,0,0,0,0,0,1
33.923149,-117.244933,20,94.3,1818.3,0,2574,1,1,1,0,1,0,0,1,0,0,1,0,0,0,1,0,1,0,0,0,1,1,0,0,1,0,0
33.907361,-117.109972,61,106.45,6300.15,0,4842,1,0,0,0,1,0,1,1,0,0,1,0,0,0,1,0,0,0,1,0,1,0,0,1,0,1,0
33.638645,-116.55783,56,105.45,5916.95,0,4212,0,0,0,0,1,0,1,1,0,0,0,0,1,0,0,0,1,0,1,0,1,0,0,1,0,0,0
33.548869,-117.334165,30,95.0,2852.4,0,3597,1,0,0,0,1,0,1,1,0,0,1,0,1,0,1,0,1,0,0,0,0,0,0,1,1,0,0
33.82769,-117.102244,28,54.3,1546.3,0,5271,0,0,0,0,1,0,0,0,0,0,1,0,0,0,0,0,1,0,0,0,0,1,0,0,0,0,1
33.787298,-117.320676,5,70.05,302.6,0,2064,0,1,1,0,1,0,0,1,0,0,0,0,0,0,0,0,0,0,0,0,0,0,0,0,0,1,0
33.806708,-117.02007,12,20.05,265.45,0,4996,1,0,0,0,1,0,0,0,1,1,0,1,0,1,0,1,0,1,0,1,0,0,0,0,1,0,0
33.796568,-116.924723,67,105.4,6989.45,0,5666,1,0,1,1,1,0,1,1,0,0,0,0,1,0,1,0,0,0,1,0,1,1,0,1,0,1,0
33.653338,-117.178271,29,51.6,1442.0,0,5495,1,1,1,0,1,0,1,0,0,0,0,0,0,0,0,0,0,0,0,0,0,0,0,1,0,1,0
33.739412,-117.173334,55,85.5,4713.4,0,6411,1,0,1,1,1,0,1,1,0,0,0,0,0,0,0,0,0,0,0,0,1,0,0,0,0,0,0
33.475493,-117.219551,52,91.25,4738.3,0,4770,1,0,0,0,1,0,0,1,0,0,1,0,0,0,1,0,0,0,1,0,0,1,0,0,0,1,0
33.540604,-117.10909,72,115.75,8399.15,0,5168,1,1,1,1,1,0,1,1,0,0,1,0,1,0,1,0,1,0,1,0,1,0,1,1,1,0,0
33.507255,-117.029473,58,94.7,5430.35,0,5653,1,0,1,1,1,0,1,1,0,0,0,0,1,0,0,0,1,0,1,0,0,1,0,1,1,0,0
33.617108,-117.253349,35,19.6,686.95,0,3764,1,0,1,1,1,0,0,0,1,1,0,1,0,1,0,1,0,1,0,1,0,0,1,0,0,0,1
33.657433,-117.04254,56,99.9,5706.3,0,5840,0,1,0,0,1,0,1,1,0,0,0,0,1,0,1,0,1,0,1,0,0,0,1,1,0,0,0
33.720359,-117.733655,24,21.1,490.65,0,4368,0,0,1,1,1,0,0,0,1,1,0,1,0,1,0,1,0,1,0,1,0,0,1,1,1,0,0
33.688546,-117.788091,70,20.05,1360.25,0,4485,1,0,1,1,1,0,0,0,1,1,0,1,0,1,0,1,0,1,0,1,0,0,1,0,1,0,0
33.703976,-117.824172,2,79.95,174.45,0,5213,1,0,0,0,1,0,0,1,0,0,0,0,0,0,0,0,0,0,1,0,0,0,0,1,0,1,0
33.698728,-117.67768,68,107.15,7379.8,0,4324,1,1,1,1,1,0,1,1,0,0,0,0,0,0,1,0,1,0,1,0,1,1,0,1,1,0,0
33.680302,-117.833296,12,89.55,1021.75,0,2325,1,0,0,0,1,0,1,1,0,0,0,0,0,0,1,0,0,0,1,0,0,0,0,1,0,1,0
33.667145,-117.732135,63,81.55,5029.05,0,4980,0,0,1,0,1,0,1,1,0,0,0,0,1,0,0,0,0,0,0,0,0,0,0,1,0,0,0
33.716136,-117.752574,33,58.45,1955.4,0,4276,0,0,1,0,1,0,0,0,0,0,1,0,1,0,1,0,0,0,0,0,0,1,0,1,0,0,1
33.458754,-117.665104,69,95.65,6744.2,0,5251,0,0,1,0,1,0,0,1,0,0,0,0,1,0,0,0,0,0,1,0,1,1,0,1,1,0,0
33.600987,-117.862734,60,80.6,4946.7,0,5667,0,0,1,0,1,0,0,0,0,0,0,0,1,0,1,0,1,0,1,0,1,0,1,1,0,0,0
33.678591,-117.905471,72,113.1,8248.5,0,5308,0,0,1,1,1,0,1,1,0,0,1,0,1,0,1,0,1,0,1,0,1,0,1,1,0,0,0
33.645672,-117.922613,11,58.95,601.6,0,3880,0,0,0,0,1,0,1,0,0,0,0,0,0,0,0,0,0,0,0,0,1,0,0,1,0,0,1
33.477923,-117.705314,1,19.55,19.55,0,3968,0,0,0,0,1,0,0,0,1,1,0,1,0,1,0,1,0,1,0,1,0,0,0,0,0,0,1
33.723579,-118.005441,34,78.95,2647.2,0,2074,1,0,1,1,1,0,0,1,0,0,0,0,0,0,0,0,0,0,0,0,1,1,0,1,0,0,0
33.721917,-118.043237,65,105.05,6744.25,0,5742,0,0,0,0,1,0,1,1,0,0,0,0,1,0,0,0,1,0,1,0,1,1,0,1,0,0,0
33.570023,-117.773669,50,101.9,5265.5,0,4184,1,1,1,0,1,0,1,1,0,0,1,0,1,0,1,0,0,0,1,0,0,1,0,1,0,0,0
33.606899,-117.717854,15,19.75,311.6,0,4123,1,0,0,0,1,0,0,0,1,1,0,1,0,1,0,1,0,1,0,1,0,0,0,0,0,0,1
33.744439,-117.98588,72,110.3,7966.9,0,5780,1,0,1,1,1,0,1,1,0,0,1,0,1,0,1,0,0,0,1,0,1,0,1,1,0,0,0
33.571259,-117.731917,72,115.6,8220.4,0,5633,0,0,1,1,1,0,1,1,0,0,1,0,1,0,1,0,1,0,1,0,1,0,1,1,0,0,0
33.603282,-117.821841,55,19.35,1153.25,0,5248,1,0,1,1,1,0,0,0,1,1,0,1,0,1,0,1,0,1,0,1,0,0,1,0,0,0,0
33.634626,-117.874882,23,25.6,514.75,0,5939,0,0,1,1,1,0,1,0,1,1,0,1,0,1,0,1,0,1,0,1,0,0,1,1,1,0,0
33.606336,-117.893042,56,68.75,3808.0,0,6198,0,0,1,0,1,0,1,0,0,0,1,0,0,0,1,0,0,0,0,0,1,1,0,1,0,0,0
33.62251,-117.927024,1,19.9,19.9,0,2010,0,0,0,0,1,0,0,0,1,1,0,1,0,1,0,1,0,1,0,1,0,0,0,0,0,0,0
33.429488,-117.609432,38,70.6,2708.2,0,4993,1,0,0,0,1,0,0,0,0,0,1,0,1,0,0,0,1,0,1,0,0,1,0,0,0,0,1
33.4725,-117.584273,11,70.2,760.05,0,2535,1,0,0,0,1,0,0,1,0,0,0,0,0,0,0,0,0,0,0,0,0,0,0,0,0,1,0
33.521447,-117.602555,1,49.3,49.3,0,4209,1,0,0,0,1,0,0,0,0,0,0,0,0,0,0,0,1,0,0,0,0,0,0,1,0,1,0
33.782346,-117.635263,56,107.25,6033.3,0,5800,1,0,1,0,1,0,1,1,0,0,0,0,1,0,0,0,1,0,1,0,1,1,0,1,0,1,0
33.529047,-117.701175,3,23.6,89.05,0,5587,1,0,1,0,1,0,1,0,1,1,0,1,0,1,0,1,0,1,0,1,0,0,0,1,0,0,1
33.631119,-117.567346,7,69.7,516.15,0,4326,1,0,1,1,1,0,0,0,0,0,1,0,0,0,0,0,0,0,1,0,1,0,0,0,1,0,0
33.752591,-117.993661,59,99.5,5861.75,0,4583,1,0,1,1,1,0,1,1,0,0,0,0,0,0,1,0,0,0,1,0,1,0,1,1,1,0,0
33.624654,-117.611733,7,64.3,445.95,0,4010,1,0,0,0,1,0,0,0,0,0,0,0,0,0,1,0,1,0,1,0,0,0,0,0,0,0,0
33.611945,-117.665867,71,70.85,4973.4,0,5328,1,0,1,0,1,0,0,0,0,0,1,0,0,0,1,0,1,0,0,0,1,0,1,1,1,0,0
33.60693,-117.644253,15,101.9,1667.25,0,3707,1,0,1,1,1,0,0,1,0,0,1,0,0,0,0,0,1,0,1,0,1,1,0,0,0,1,0
33.569186,-117.640055,71,73.5,5357.75,0,5431,1,0,1,0,1,0,1,0,0,0,1,0,1,0,0,0,1,0,1,0,0,0,1,0,1,0,0
33.748635,-117.906125,11,40.4,422.6,0,2133,0,0,0,0,0,1,0,0,0,0,0,0,1,0,1,0,1,0,0,0,0,1,0,1,1,0,0
33.719869,-117.907063,60,19.25,1103.25,0,6134,0,0,1,1,1,0,0,0,1,1,0,1,0,1,0,1,0,1,0,1,0,0,1,1,1,0,0
33.766004,-117.786763,47,59.6,2754.0,0,3155,1,1,0,0,1,0,1,0,0,0,0,0,1,0,0,0,1,0,0,0,0,0,1,0,0,0,0
33.765893,-117.881533,11,64.9,697.25,0,3206,0,0,0,0,1,0,0,0,0,0,0,0,0,0,1,0,1,0,0,0,1,1,0,0,1,0,0
33.712036,-117.950113,28,110.85,3204.4,0,3906,0,1,1,0,1,0,1,1,0,0,0,0,1,0,1,0,1,0,1,0,1,0,0,1,0,1,0
33.735802,-117.818805,61,81.05,4747.65,0,4072,1,0,1,0,1,0,0,0,0,0,1,0,1,0,0,0,1,0,1,0,1,0,1,1,0,0,1
33.738543,-117.785046,31,98.05,3082.1,0,4524,1,0,1,1,1,0,1,1,0,0,1,0,0,0,1,0,0,0,1,0,0,1,0,0,0,0,0
33.844983,-117.952151,9,70.5,597.9,0,3198,1,0,0,0,1,0,0,1,0,0,0,0,0,0,0,0,0,0,0,0,0,0,0,1,0,1,0
33.807864,-117.923782,35,94.55,3365.4,0,2631,1,1,1,0,1,0,1,1,0,0,1,0,1,0,0,0,0,0,0,0,1,0,0,1,0,1,0
33.818,-117.974404,2,19.65,38.8,0,3007,1,0,0,0,1,0,0,0,1,1,0,1,0,1,0,1,0,1,0,1,0,0,0,1,0,0,1
33.850452,-117.726668,1,19.0,19.0,0,2400,0,0,1,1,1,0,0,0,1,1,0,1,0,1,0,1,0,1,0,1,0,0,0,1,0,0,1
33.930199,-117.862898,3,20.0,61.7,0,5575,0,0,0,0,1,0,0,0,1,1,0,1,0,1,0,1,0,1,0,1,0,0,0,1,0,0,1
33.879983,-117.895482,52,63.25,3342.45,0,6471,1,0,0,0,1,0,0,0,0,0,1,0,1,0,0,0,0,0,1,0,0,0,1,1,1,0,0
33.868316,-117.929029,5,20.1,85.1,0,2894,1,0,1,0,1,0,0,0,1,1,0,1,0,1,0,1,0,1,0,1,0,1,0,0,0,0,1
33.877639,-117.961212,72,99.15,7422.1,0,5152,1,0,1,0,1,0,1,1,0,0,1,0,1,0,1,0,0,0,0,0,1,0,1,1,0,1,0
33.902211,-117.914922,71,90.4,6668.05,0,5633,1,0,1,0,1,0,1,0,0,0,1,0,1,0,1,0,1,0,1,0,1,0,1,0,0,1,0
33.787165,-117.931889,72,111.9,8071.05,0,6437,1,0,1,0,1,0,1,1,0,0,1,0,0,0,1,0,1,0,1,0,1,0,1,1,1,0,0
33.786738,-117.982564,46,24.9,1174.8,0,2026,1,0,1,0,1,0,1,0,1,1,0,1,0,1,0,1,0,1,0,1,0,1,0,0,0,1,0
33.764018,-117.931507,63,83.5,5435.0,0,4652,1,0,1,0,1,0,1,0,0,0,1,0,1,0,1,0,0,0,1,0,1,0,1,0,1,0,0
33.766476,-117.969795,30,84.3,2438.6,0,5393,1,0,0,0,1,0,0,1,0,0,1,0,1,0,1,0,0,0,0,0,0,0,0,1,1,0,0
33.782955,-118.026456,1,45.6,45.6,0,2352,1,0,0,0,1,0,0,0,0,0,0,0,0,0,0,0,0,0,0,0,0,0,0,0,0,0,1
33.817473,-117.810462,16,54.85,916.15,0,2136,1,0,0,0,0,1,0,0,0,0,1,0,1,0,1,0,1,0,1,0,0,0,1,0,0,0,1
33.828779,-117.848299,4,65.55,237.2,0,5707,1,0,0,0,1,0,1,0,0,0,0,0,0,0,0,0,1,0,0,0,1,0,0,0,0,0,1
33.784597,-117.844535,51,90.35,4614.55,0,4965,1,0,1,0,1,0,1,1,0,0,0,0,1,0,0,0,0,0,0,0,1,1,0,1,1,0,0
33.81859,-117.821288,65,20.4,1414.45,0,5368,1,0,1,0,1,0,0,0,1,1,0,1,0,1,0,1,0,1,0,1,0,0,1,1,1,0,0
33.787796,-117.875928,16,74.55,1170.5,0,2893,1,0,0,0,1,0,0,1,0,0,0,0,0,0,0,0,1,0,0,0,0,0,0,1,1,0,0
33.792791,-117.789749,2,19.95,47.7,0,3488,1,0,0,0,1,0,0,0,1,1,0,1,0,1,0,1,0,1,0,1,0,1,0,0,0,0,1
33.881158,-117.854783,66,74.25,4859.25,0,4395,0,0,1,1,1,0,1,1,0,0,0,0,0,0,0,0,0,0,0,0,0,1,0,1,0,0,0
33.893823,-117.531446,46,108.65,4903.2,0,4210,1,0,0,0,1,0,1,1,0,0,0,0,1,0,1,0,1,0,1,0,1,0,1,0,0,1,0
33.918043,-117.617809,32,109.55,3608.0,0,5076,0,0,0,0,1,0,1,1,0,0,1,0,0,0,1,0,1,0,1,0,1,1,0,1,0,0,0
33.833686,-117.513063,72,86.65,6094.25,0,5483,1,0,1,0,1,0,1,0,0,0,1,0,0,0,1,0,1,0,1,0,1,0,1,0,1,0,0
33.819385,-117.600213,38,81.0,3084.9,0,3067,1,0,1,0,1,0,0,0,0,0,1,0,0,0,1,0,1,0,1,0,1,0,1,0,1,0,0
33.762351,-117.488725,51,47.85,2356.75,0,4138,1,0,0,0,1,0,0,0,0,0,0,0,0,0,0,0,1,0,0,0,0,1,0,0,1,0,0
33.897253,-117.792202,72,114.55,8306.05,0,6158,1,0,1,1,1,0,1,1,0,0,1,0,1,0,1,0,1,0,1,0,1,0,1,0,0,0,0
34.278697,-119.167798,66,20.55,1357.1,0,4101,1,0,0,1,1,0,0,0,1,1,0,1,0,1,0,1,0,1,0,1,0,0,1,0,0,0,1
34.227846,-119.079903,44,109.8,4860.35,0,5720,0,1,0,0,1,0,1,1,0,0,1,0,1,0,1,0,0,0,1,0,1,1,0,1,1,0,0
34.205504,-118.993111,50,69.5,3418.2,0,4145,1,0,0,0,1,0,1,0,0,0,0,0,0,0,1,0,1,0,0,0,1,0,1,0,0,0,0
34.441398,-119.513163,15,48.85,631.4,0,3762,0,0,0,0,1,0,1,0,0,0,0,0,0,0,0,0,0,0,0,0,0,0,0,0,0,0,1
34.408161,-118.865111,8,25.25,186.3,0,2372,1,0,0,0,0,1,0,0,0,0,0,0,0,0,0,0,0,0,0,0,0,0,0,1,1,0,0
34.312945,-118.858169,66,102.85,6976.75,0,5569,0,1,0,0,1,0,1,1,0,0,0,0,0,0,1,0,1,0,1,0,1,1,0,1,1,0,0
34.404544,-119.302118,57,87.55,4884.85,0,4882,0,0,0,0,1,0,1,1,0,0,1,0,1,0,0,0,1,0,0,0,0,0,0,1,0,0,0
34.581308,-118.931948,7,78.55,522.95,0,4025,0,0,0,0,1,0,1,1,0,0,0,0,1,0,0,0,0,0,0,0,0,0,0,1,0,0,0
34.223244,-119.18012,10,34.55,362.6,0,5248,1,1,1,1,0,1,0,0,0,0,0,0,0,0,0,0,0,0,0,0,1,0,0,1,0,0,0
34.156629,-119.117218,62,92.05,5755.8,0,5801,0,0,0,0,1,0,1,1,0,0,1,0,1,0,1,0,0,0,0,0,0,1,0,1,0,1,0
34.18454,-119.224666,40,85.05,3355.65,0,5904,1,0,1,1,1,0,0,1,0,0,0,0,0,0,1,0,0,0,1,0,0,1,0,1,0,1,0
34.432843,-118.730106,20,19.7,406.95,0,4404,0,0,0,0,1,0,0,0,1,1,0,1,0,1,0,1,0,1,0,1,0,0,1,0,0,0,1
34.402343,-119.094824,25,95.15,2395.7,0,3273,0,0,1,0,1,0,0,1,0,0,0,0,0,0,0,0,1,0,1,0,1,0,0,1,0,1,0
34.296813,-118.685703,23,84.25,1968.1,0,2781,1,0,1,0,1,0,1,1,0,0,0,0,1,0,1,0,0,0,0,0,0,0,0,0,0,1,0
34.269449,-118.768471,66,104.6,6819.45,0,5722,0,1,1,0,1,0,1,1,0,0,0,0,1,0,1,0,0,0,1,0,1,1,0,0,1,0,0
34.297628,-119.014627,72,111.65,7943.45,0,5388,0,1,0,0,1,0,1,1,0,0,0,0,1,0,1,0,1,0,1,0,1,0,1,0,0,1,0
34.438581,-119.685368,46,55.0,2473.95,0,5928,0,0,1,0,1,0,1,0,0,0,1,0,0,0,0,0,0,0,0,0,0,0,0,0,0,0,0
34.037342,-119.80079,72,89.85,6562.9,0,6046,1,0,1,0,1,0,1,0,0,0,1,0,1,0,1,0,1,0,1,0,1,0,1,0,1,0,0
34.457541,-119.631072,10,20.35,176.3,0,4745,1,0,0,0,1,0,0,0,1,1,0,1,0,1,0,1,0,1,0,1,0,1,0,0,0,0,1
34.406256,-119.726936,40,54.55,2236.2,0,3533,0,0,0,0,0,1,0,0,0,0,1,0,0,0,0,0,1,0,1,0,1,1,0,1,0,0,0
34.460197,-119.802602,31,99.45,3109.9,0,2021,1,0,0,0,1,0,0,1,0,0,0,0,0,0,1,0,1,0,1,0,1,0,1,0,0,0,0
34.489983,-120.091246,68,70.9,4911.35,0,4114,0,0,1,0,1,0,1,0,0,0,1,0,1,0,1,0,1,0,0,0,0,0,1,0,1,0,0
35.116307,-118.817644,68,25.4,1620.2,0,5668,1,0,1,1,1,0,1,0,1,1,0,1,0,1,0,1,0,1,0,1,0,0,1,0,0,0,0
35.451402,-119.488413,49,89.85,4287.2,0,5982,0,1,0,0,1,0,0,1,0,0,0,0,1,0,1,0,0,0,0,0,1,1,0,1,0,0,0
35.865795,-118.69759,15,25.25,394.85,0,4667,0,0,1,1,1,0,1,0,1,1,0,1,0,1,0,1,0,1,0,1,0,0,0,1,0,1,0
36.04533,-119.532424,50,69.65,3442.15,0,4706,1,0,1,0,1,0,1,0,0,0,0,0,0,0,1,0,1,0,1,0,0,1,0,1,0,1,0
35.846067,-119.004073,24,70.0,1732.6,0,5242,1,1,0,0,1,0,0,1,0,0,0,0,0,0,0,0,0,0,0,0,0,0,0,0,1,0,0
34.907911,-119.234281,35,20.1,655.3,0,4517,1,0,1,1,1,0,0,0,1,1,0,1,0,1,0,1,0,1,0,1,0,0,1,0,0,0,1
36.29878,-119.201028,17,24.8,475.25,0,5208,0,0,0,0,1,0,1,0,1,1,0,1,0,1,0,1,0,1,0,1,0,0,0,0,0,0,1
34.827662,-118.999073,10,95.1,865.1,0,5787,1,0,0,0,1,0,0,1,0,0,0,0,0,0,0,0,1,0,1,0,1,0,0,1,1,0,0
35.735694,-118.738483,68,88.85,6132.7,0,5228,1,0,1,0,1,0,1,0,0,0,1,0,1,0,1,0,1,0,1,0,1,0,1,1,1,0,0
36.29223,-119.622676,45,78.8,3597.5,0,4192,1,0,1,0,1,0,0,0,0,0,1,0,1,0,1,0,0,0,1,0,1,1,0,0,0,0,0
36.385818,-119.224243,37,20.35,697.65,0,3078,1,0,1,0,1,0,0,0,1,1,0,1,0,1,0,1,0,1,0,1,0,0,0,0,0,0,0
35.996923,-120.000951,10,45.25,428.7,0,5369,0,0,0,0,1,0,0,0,0,0,0,0,0,0,0,0,0,0,0,0,0,0,0,0,0,0,1
35.607875,-118.466318,1,20.05,20.05,0,2798,1,0,0,0,1,0,0,0,1,1,0,1,0,1,0,1,0,1,0,1,0,0,0,0,0,0,1
35.245035,-118.905553,65,69.55,4459.15,0,5420,1,0,1,0,1,0,1,0,0,0,1,0,1,0,0,0,0,0,0,0,1,0,1,1,0,0,1
36.444232,-119.718285,57,19.5,1167.6,0,5864,0,0,1,1,1,0,0,0,1,1,0,1,0,1,0,1,0,1,0,1,0,0,1,0,0,0,0
34.845861,-118.885163,3,74.75,238.1,0,3319,0,0,0,0,1,0,0,1,0,0,0,0,0,0,1,0,0,0,0,0,0,0,0,1,0,0,1
36.303666,-119.825657,49,30.2,1453.1,0,5214,1,0,0,0,0,1,0,0,0,0,0,0,0,0,1,0,0,0,0,0,0,0,0,1,0,0,0
35.637715,-119.893068,70,57.8,4039.3,0,5640,0,0,1,0,0,1,0,0,0,0,0,0,1,0,1,0,1,0,1,0,1,0,1,0,0,0,0
35.666886,-119.186717,53,19.85,1039.45,0,4836,0,0,1,0,1,0,0,0,1,1,0,1,0,1,0,1,0,1,0,1,0,1,0,1,0,0,0
35.38381,-119.730885,53,25.55,1336.1,0,5794,1,0,1,1,1,0,1,0,1,1,0,1,0,1,0,1,0,1,0,1,0,0,1,0,1,0,0
34.956577,-119.750142,22,24.85,493.4,0,3534,1,0,0,0,1,0,1,0,1,1,0,1,0,1,0,1,0,1,0,1,0,0,0,1,1,0,0
35.957019,-119.330928,65,110.35,7246.15,0,4295,1,1,0,0,1,0,1,1,0,0,1,0,0,0,1,0,1,0,1,0,1,0,1,1,0,1,0
36.008958,-118.891593,48,24.55,1203.95,0,5517,0,0,0,0,1,0,1,0,1,1,0,1,0,1,0,1,0,1,0,1,0,1,0,0,0,0,0
35.809921,-119.127437,3,107.95,313.6,0,3449,1,0,0,0,1,0,1,1,0,0,0,0,1,0,1,0,0,0,1,0,1,0,0,0,0,0,1
36.527243,-118.594938,45,81.4,3775.85,0,5602,1,0,1,0,1,0,1,1,0,0,0,0,1,0,0,0,0,0,0,0,0,0,0,0,0,0,0
36.245926,-118.693138,61,73.8,4616.05,0,6301,0,0,1,0,1,0,0,0,0,0,0,0,0,0,1,0,1,0,1,0,1,0,1,1,0,0,0
36.175255,-119.813805,3,64.4,195.65,0,5645,1,0,0,0,1,0,0,0,0,0,1,0,0,0,0,0,1,0,1,0,0,0,0,1,1,0,0
36.141319,-119.129075,40,103.75,4188.4,0,3568,0,1,0,0,1,0,1,1,0,0,0,0,0,0,1,0,1,0,1,0,1,1,0,1,1,0,0
35.184837,-119.402525,1,71.1,71.1,0,3029,0,0,0,0,1,0,0,1,0,0,0,0,0,0,0,0,0,0,0,0,0,0,0,0,0,0,1
35.939068,-119.043666,1,49.9,49.9,0,4667,0,0,0,0,1,0,0,0,0,0,0,0,0,0,0,0,1,0,0,0,0,0,0,1,0,1,0
36.413433,-118.854708,51,24.6,1266.4,0,4886,1,0,0,0,1,0,1,0,1,1,0,1,0,1,0,1,0,1,0,1,0,1,0,1,0,0,0
36.185471,-119.375243,52,30.1,1623.4,0,6290,1,0,0,0,0,1,0,0,0,0,0,0,1,0,0,0,0,0,0,0,0,1,0,0,0,0,1
35.316263,-119.402559,51,83.4,4149.45,0,4191,1,0,0,0,1,0,1,1,0,0,0,0,0,0,0,0,0,0,0,0,1,0,0,0,0,0,0
36.303793,-119.375646,1,20.45,20.45,0,5384,1,0,0,0,1,0,0,0,1,1,0,1,0,1,0,1,0,1,0,1,0,0,0,1,0,0,1
35.652242,-119.4464,31,75.25,2344.5,0,4258,1,0,1,0,1,0,1,0,0,0,1,0,1,0,0,0,1,0,0,0,1,1,0,1,0,0,0
35.55647,-118.244914,47,20.55,1013.05,0,3313,1,0,0,0,1,0,0,0,1,1,0,1,0,1,0,1,0,1,0,1,0,1,0,0,1,0,0
36.464635,-119.094348,22,20.05,417.0,0,4327,0,1,0,0,1,0,0,0,1,1,0,1,0,1,0,1,0,1,0,1,0,1,0,1,0,0,1
35.710244,-118.881679,1,20.65,20.65,0,4517,0,0,1,0,1,0,0,0,1,1,0,1,0,1,0,1,0,1,0,1,0,0,0,1,0,0,1
36.391777,-119.372842,72,85.15,6316.2,0,6322,1,0,1,0,1,0,1,0,0,0,0,0,1,0,1,0,1,0,1,0,1,0,1,1,0,0,0
35.383937,-119.020428,47,84.95,4018.05,0,3384,1,1,1,1,1,0,0,1,0,0,0,0,1,0,0,0,0,0,1,0,0,1,0,1,0,0,0
35.339796,-119.023552,72,66.5,4811.6,0,4397,1,0,1,0,1,0,1,0,0,0,1,0,0,0,1,0,1,0,0,0,0,0,1,1,1,0,0
35.391733,-118.984109,66,63.3,4189.7,0,4186,1,0,1,0,1,0,1,0,0,0,0,0,0,0,1,0,0,0,1,0,0,0,1,1,0,0,0
35.449881,-118.841442,35,83.15,2848.45,0,2332,1,0,0,0,1,0,1,1,0,0,0,0,0,0,0,0,0,0,1,0,0,0,0,0,0,1,0
35.280113,-118.962329,29,84.9,2516.2,0,4388,1,0,0,0,1,0,1,1,0,0,0,0,0,0,0,0,0,0,0,0,1,0,0,1,0,1,0
35.559617,-118.925185,2,20.55,33.6,0,5629,0,0,0,0,1,0,0,0,1,1,0,1,0,1,0,1,0,1,0,1,0,0,0,1,0,0,1
35.342891,-119.064803,4,49.25,208.45,0,3272,1,0,0,0,1,0,0,0,0,0,0,0,1,0,0,0,0,0,0,0,0,0,0,0,0,0,1
35.392599,-119.245341,65,59.6,3739.8,0,4372,0,0,0,0,1,0,0,0,0,0,1,0,1,0,0,0,1,0,0,0,0,0,1,1,0,0,1
35.140938,-119.051348,27,104.65,2964.0,0,3104,1,1,0,0,1,0,1,1,0,0,0,0,1,0,0,0,1,0,1,0,1,1,0,1,0,0,0
35.233745,-120.626442,29,75.3,2263.4,0,4910,1,0,1,0,1,0,0,1,0,0,0,0,0,0,1,0,0,0,0,0,0,0,0,1,1,0,0
35.279984,-120.824288,29,80.1,2211.8,0,4558,1,0,1,1,1,0,1,0,0,0,0,0,1,0,1,0,0,0,1,0,1,0,0,0,1,0,0
35.176236,-120.483243,20,81.0,1683.7,0,4741,0,0,1,0,1,0,0,1,0,0,0,0,0,0,1,0,1,0,0,0,0,0,0,1,0,0,1
35.453912,-120.69461,58,24.7,1519.0,0,5138,0,0,0,0,1,0,1,0,1,1,0,1,0,1,0,1,0,1,0,1,0,0,1,1,1,0,0
35.186644,-120.728305,14,86.0,1164.05,0,5494,0,0,0,1,1,0,1,1,0,0,1,0,0,0,0,0,1,0,0,0,0,0,0,1,0,0,1
35.842889,-121.004862,72,25.4,1710.9,0,5512,1,0,1,0,1,0,1,0,1,1,0,1,0,1,0,1,0,1,0,1,0,0,1,0,0,0,1
34.631362,-120.238218,46,89.15,4245.55,0,5593,1,0,0,0,1,0,1,1,0,0,1,0,0,0,0,0,0,0,1,0,0,0,0,1,1,0,0
35.591387,-121.032256,71,58.25,4145.9,0,5224,0,0,1,0,0,1,0,0,0,0,0,0,1,0,1,0,1,0,1,0,1,0,1,0,0,0,0
34.866032,-120.536546,32,85.65,2664.3,0,2383,1,0,0,0,1,0,1,1,0,0,0,0,0,0,0,0,0,0,0,0,1,0,0,1,0,0,0
35.511833,-120.918713,26,50.35,1277.5,0,2510,0,0,0,0,0,1,0,0,0,0,0,0,0,0,1,0,0,0,1,0,1,0,0,1,1,0,0
35.480896,-120.469476,68,80.35,5589.3,0,5581,1,1,1,0,1,0,1,1,0,0,0,0,0,0,1,0,0,0,0,0,0,0,0,1,1,0,0
35.120833,-120.61843,2,20.2,34.75,0,3866,1,0,1,0,1,0,0,0,1,1,0,1,0,1,0,1,0,1,0,1,0,1,0,0,0,0,1
34.936,-120.594655,61,20.55,1305.95,0,4446,1,0,1,0,1,0,0,0,1,1,0,1,0,1,0,1,0,1,0,1,0,0,1,0,1,0,0
34.70434,-120.02609,9,21.25,204.55,0,2302,1,1,1,0,1,0,0,0,1,1,0,1,0,1,0,1,0,1,0,1,0,0,0,1,0,0,1
35.369553,-120.763864,22,26.25,605.9,0,5676,0,0,0,0,1,0,1,0,1,1,0,1,0,1,0,1,0,1,0,1,0,0,1,0,0,0,1
35.050345,-120.489599,5,80.85,356.1,0,5109,0,0,1,1,1,0,0,1,0,0,0,0,0,0,0,0,0,0,1,0,0,0,0,1,0,1,0
35.634222,-120.728341,65,74.2,4805.65,0,4774,1,0,0,0,1,0,1,0,0,0,0,0,1,0,1,0,1,0,0,0,1,0,1,1,1,0,0
35.996008,-120.85305,5,20.35,92.75,0,2303,1,0,0,0,1,0,0,0,1,1,0,1,0,1,0,1,0,1,0,1,0,0,0,0,0,0,1
35.886767,-120.608661,25,75.5,1901.05,0,5985,1,0,1,1,1,0,0,1,0,0,0,0,1,0,0,0,0,0,0,0,0,0,0,1,0,1,0
35.746484,-121.223355,72,79.05,5730.7,0,4689,0,0,1,0,1,0,1,1,0,0,1,0,0,0,0,0,0,0,0,0,0,0,1,0,0,0,0
35.303926,-120.256567,27,90.15,2423.4,0,5750,0,0,1,0,1,0,1,1,0,0,0,0,0,0,1,0,0,0,0,0,1,0,0,0,0,0,0
34.943523,-120.256729,32,50.6,1653.45,0,3087,1,0,1,1,0,1,0,0,0,0,0,0,0,0,1,0,0,0,1,0,1,0,0,0,1,0,0
34.818227,-120.418784,30,110.45,3327.05,0,4983,0,0,0,0,1,0,1,1,0,0,0,0,1,0,1,0,1,0,1,0,1,1,0,0,1,0,0
34.95934,-120.490081,70,101.0,7085.5,0,5025,1,0,1,0,1,0,0,1,0,0,1,0,1,0,1,0,1,0,0,0,1,0,1,0,1,0,0
34.630356,-120.032564,42,79.35,3344.1,0,2399,1,1,0,0,1,0,1,1,0,0,0,0,1,0,0,0,0,0,0,0,0,0,0,1,0,0,0
35.634488,-120.293534,72,89.85,6697.35,0,5881,0,1,1,0,1,0,1,0,0,0,1,0,1,0,1,0,1,0,1,0,1,0,1,1,0,0,0
34.624399,-120.137875,47,65.0,2879.9,0,3286,0,0,0,0,1,0,1,0,0,0,1,0,0,0,1,0,1,0,0,0,0,0,1,1,0,0,1
35.536115,-120.739231,2,80.45,137.1,0,5602,0,0,0,0,1,0,0,1,0,0,1,0,0,0,1,0,0,0,0,0,0,0,0,1,0,1,0
35.151491,-117.927597,61,24.1,1551.6,0,5970,0,0,1,0,1,0,1,0,1,1,0,1,0,1,0,1,0,1,0,1,0,0,1,1,0,0,1
34.501452,-118.207862,5,44.05,202.15,0,5846,0,0,0,0,1,0,0,0,0,0,0,0,0,0,0,0,0,0,0,0,0,0,0,1,1,0,0
37.653947,-118.231443,72,110.8,7882.25,0,5933,0,1,1,0,1,0,1,1,0,0,0,0,1,0,1,0,1,0,1,0,1,0,1,1,1,0,0
37.245505,-118.062943,72,114.95,8196.4,0,6268,1,1,1,0,1,0,1,1,0,0,1,0,1,0,1,0,1,0,1,0,1,0,1,1,0,0,0
37.04584,-118.397236,3,75.05,202.9,0,3545,0,1,0,0,1,0,0,1,0,0,0,0,0,0,1,0,0,0,0,0,0,0,0,0,0,0,1
34.95703,-117.73045,48,19.25,855.1,0,2282,1,0,1,0,1,0,0,0,1,1,0,1,0,1,0,1,0,1,0,1,0,0,1,0,0,0,1
38.184583,-119.286558,63,90.05,5817.0,0,4039,0,0,0,0,1,0,0,1,0,0,0,0,0,0,1,0,1,0,1,0,0,1,0,1,1,0,0
35.358953,-118.527064,27,56.7,1652.95,0,4472,0,0,0,0,1,0,0,0,0,0,1,0,1,0,0,0,0,0,0,0,0,0,0,1,0,0,1
36.319181,-117.593053,70,80.15,5600.15,0,5715,1,0,1,0,1,0,0,0,0,0,1,0,1,0,1,0,0,0,1,0,1,0,1,1,1,0,0
34.966777,-117.961179,7,71.35,515.75,0,3459,1,0,1,1,1,0,0,0,0,0,1,0,0,0,1,0,1,0,0,0,1,0,0,1,1,0,0
36.869584,-118.189241,0,20.25,1397.475,0,5504,1,0,0,0,1,0,0,0,1,1,0,1,0,1,0,1,0,1,0,1,0,0,1,0,0,0,1
36.041315,-118.188235,2,90.35,190.5,0,5361,0,0,1,0,1,0,0,1,0,0,1,0,1,0,0,0,0,0,1,0,0,0,0,0,0,1,0
37.730269,-119.055813,66,19.7,1253.8,0,4601,1,0,0,0,1,0,0,0,1,1,0,1,0,1,0,1,0,1,0,1,0,0,1,0,0,0,0
36.560498,-117.962461,3,19.85,57.2,0,5634,0,0,0,0,1,0,0,0,1,1,0,1,0,1,0,1,0,1,0,1,0,0,0,0,0,0,1
34.659579,-118.584212,72,90.35,6563.4,0,5794,0,0,1,0,1,0,1,1,0,0,1,0,1,0,0,0,1,0,0,0,0,0,1,1,0,0,0
34.727529,-118.153098,1,20.8,20.8,0,3678,1,0,0,0,1,0,0,0,1,1,0,1,0,1,0,1,0,1,0,1,0,0,0,0,0,0,1
37.890145,-119.184087,72,66.85,4758.8,0,6264,0,0,1,0,1,0,1,0,0,0,1,0,0,0,1,0,1,0,0,0,0,0,1,0,0,0,0
34.505273,-117.955054,65,19.9,1292.6,0,6312,1,0,1,0,1,0,0,0,1,1,0,1,0,1,0,1,0,1,0,1,0,0,1,0,0,0,1
34.500091,-117.765862,11,35.8,363.15,0,2534,0,0,0,0,0,1,0,0,0,0,0,0,0,0,0,0,0,0,1,0,0,0,0,1,0,0,1
36.590415,-118.073839,22,78.85,1600.25,0,2444,1,0,0,0,1,0,1,1,0,0,0,0,1,0,0,0,0,0,0,0,0,0,0,1,0,0,1
37.550074,-118.837167,14,20.4,275.7,0,5068,1,0,0,0,1,0,0,0,1,1,0,1,0,1,0,1,0,1,0,1,0,1,0,0,0,0,0
36.296851,-117.865469,41,74.25,3089.1,0,3277,1,0,0,0,1,0,0,1,0,0,0,0,0,0,0,0,1,0,0,0,0,0,0,1,0,1,0
34.536232,-118.082935,17,64.8,1175.6,0,3546,1,0,1,0,1,0,0,0,0,0,1,0,1,0,0,0,0,0,0,0,1,1,0,0,0,0,1
34.613476,-118.256358,11,20.45,237.3,0,2642,1,0,0,0,1,0,0,0,1,1,0,1,0,1,0,1,0,1,0,1,0,0,0,1,1,0,0
34.903052,-118.411251,72,110.65,8065.65,0,4259,0,0,1,0,1,0,1,1,0,0,1,0,1,0,1,0,0,0,1,0,1,0,1,1,1,0,0
35.073777,-118.652112,3,40.3,92.5,0,5651,0,0,1,1,0,1,0,0,0,0,0,0,1,0,0,0,0,0,0,0,1,0,0,0,0,0,1
34.39583,-117.734568,59,107.0,6152.3,0,4620,0,0,1,0,1,0,1,1,0,0,1,0,1,0,1,0,1,0,0,0,1,1,0,1,1,0,0
37.375816,-119.739935,71,73.35,5154.5,0,5124,1,0,1,0,1,0,0,0,0,0,0,0,1,0,0,0,1,0,1,0,1,0,1,1,1,0,0
36.991762,-119.242874,5,44.8,220.45,0,2492,0,0,1,1,1,0,0,0,0,0,0,0,0,0,0,0,0,0,0,0,0,0,0,0,0,0,1
36.64545,-118.924982,27,54.75,1510.3,0,3519,1,0,1,1,1,0,0,0,0,0,1,0,1,0,0,0,0,0,0,0,0,0,0,1,1,0,0
37.17277,-119.2997,63,40.6,2588.95,0,6406,1,0,0,0,0,1,0,0,0,0,1,0,1,0,0,0,1,0,0,0,0,1,0,1,0,0,0
36.488056,-120.407691,72,55.3,3983.6,0,6259,1,0,1,0,1,0,1,0,0,0,1,0,0,0,0,0,0,0,0,0,0,0,1,0,0,0,0
36.5276,-119.865999,34,60.85,2003.6,0,3012,0,0,1,0,1,0,1,0,0,0,1,0,0,0,0,0,1,0,0,0,0,0,0,1,0,0,0
37.100948,-120.270136,24,78.4,1832.4,0,2506,0,0,1,0,1,0,1,0,0,0,1,0,1,0,0,0,0,0,1,0,1,1,0,0,0,1,0
36.917652,-119.593757,72,69.65,4908.25,0,4262,1,0,0,0,1,0,1,0,0,0,1,0,1,0,1,0,1,0,0,0,0,0,1,0,0,0,0
36.814539,-119.711868,60,59.85,3590.2,0,5790,0,0,1,0,0,1,0,0,0,0,1,0,0,0,1,0,1,0,1,0,1,0,1,0,1,0,0
37.212191,-119.749323,68,76.9,5023.0,0,5355,1,0,0,0,1,0,1,0,0,0,1,0,1,0,1,0,0,0,0,0,1,1,0,1,1,0,0
36.497895,-119.285484,8,19.85,146.6,0,3260,0,0,1,0,1,0,0,0,1,1,0,1,0,1,0,1,0,1,0,1,0,0,1,1,0,0,1
36.657462,-119.595293,34,67.65,2339.3,0,4263,0,0,0,0,1,0,0,0,0,0,1,0,0,0,1,0,1,0,1,0,0,0,1,0,1,0,0
36.523619,-119.386868,6,45.0,298.7,0,2270,0,0,0,0,0,1,0,0,0,0,0,0,0,0,0,0,0,0,1,0,1,0,0,0,1,0,0
37.045728,-120.630682,2,64.2,143.65,0,4369,1,0,1,0,1,0,0,0,0,0,0,0,1,0,0,0,1,0,0,0,1,0,0,1,0,0,1
36.789213,-119.140338,31,81.7,2548.65,0,4850,1,0,0,0,1,0,1,1,0,0,0,0,0,0,0,0,1,0,0,0,0,1,0,0,1,0,0
36.785618,-120.625382,20,25.55,507.4,0,3235,0,0,1,1,1,0,1,0,1,1,0,1,0,1,0,1,0,1,0,1,0,0,0,1,0,0,0
37.483535,-119.679414,1,20.0,20.0,0,2358,0,0,1,1,1,0,0,0,1,1,0,1,0,1,0,1,0,1,0,1,0,0,0,0,0,1,0
36.625792,-119.672483,70,75.65,5411.4,0,4181,0,1,1,0,1,0,1,1,0,0,0,0,0,0,0,0,0,0,0,0,0,0,1,1,1,0,0
36.520537,-120.118055,39,23.8,903.8,0,3970,1,0,1,0,1,0,1,0,1,1,0,1,0,1,0,1,0,1,0,1,0,0,1,1,0,0,1
36.807595,-118.901544,46,64.2,3009.5,0,4699,0,0,1,0,1,0,0,0,0,0,0,0,1,0,0,0,1,0,1,0,0,0,1,1,1,0,0
36.478239,-119.52137,72,76.8,5468.45,0,5120,0,0,1,0,1,0,1,0,0,0,0,0,0,0,1,0,0,0,1,0,1,0,1,1,0,0,0
37.290606,-119.216328,18,55.2,1058.1,0,2110,1,0,0,0,1,0,0,0,0,0,0,0,0,0,1,0,1,0,0,0,0,0,0,0,1,0,0
36.995162,-120.955099,71,108.55,7616.0,0,4111,1,0,1,0,1,0,1,1,0,0,1,0,0,0,1,0,1,0,1,0,1,0,1,1,1,0,0
37.244307,-119.470256,42,25.25,1108.2,0,3052,0,0,1,0,1,0,1,0,1,1,0,1,0,1,0,1,0,1,0,1,0,0,1,0,0,1,0
37.648647,-119.231447,34,30.4,938.65,0,4697,1,0,1,0,0,1,0,0,0,0,1,0,0,0,0,0,0,0,0,0,0,1,0,0,0,0,0
37.140104,-119.657092,5,20.05,94.15,0,2154,1,1,0,0,1,0,0,0,1,1,0,1,0,1,0,1,0,1,0,1,0,0,0,0,0,0,0
36.633498,-119.298895,25,84.6,2088.05,0,4874,0,0,0,0,1,0,1,1,0,0,0,0,0,0,0,0,0,0,1,0,0,0,0,1,0,0,1
36.622237,-119.521126,55,103.7,5656.75,0,5892,0,0,1,1,1,0,0,1,0,0,0,0,1,0,1,0,1,0,1,0,1,1,0,1,0,0,0
37.007238,-119.505661,70,88.0,5986.45,0,4867,1,0,1,0,1,0,1,1,0,0,1,0,1,0,0,0,1,0,0,0,0,0,1,1,1,0,0
36.594542,-119.905245,61,106.35,6751.35,0,5632,0,0,1,0,1,0,1,1,0,0,0,0,0,0,1,0,1,0,1,0,1,0,0,1,0,1,0
37.252057,-119.95783,43,79.15,3566.6,0,3716,1,0,1,0,1,0,0,0,0,0,1,0,0,0,1,0,1,0,1,0,1,0,1,1,1,0,0
36.636638,-119.421842,47,103.1,4889.3,0,5029,1,0,0,0,1,0,1,1,0,0,0,0,1,0,1,0,0,0,1,0,1,1,0,1,0,1,0
36.452211,-119.94575,5,63.95,318.1,0,3099,1,0,0,0,1,0,0,0,0,0,0,0,0,0,1,0,1,0,1,0,0,0,0,1,1,0,0
36.819628,-119.440414,62,25.8,1563.95,0,6201,0,0,0,0,1,0,1,0,1,1,0,1,0,1,0,1,0,1,0,1,0,0,1,1,1,0,0
37.223,-119.001021,14,25.55,372.45,0,2080,0,0,1,1,1,0,1,0,1,1,0,1,0,1,0,1,0,1,0,1,0,0,0,0,0,0,1
36.545353,-119.338535,34,44.85,1442.6,0,5569,1,0,1,1,0,1,0,0,0,0,0,0,0,0,1,0,1,0,1,0,0,0,0,1,0,1,0
36.635661,-120.288644,38,25.05,963.95,0,3772,1,0,1,1,1,0,1,0,1,1,0,1,0,1,0,1,0,1,0,1,0,0,1,0,1,0,0
37.287758,-119.548156,70,74.1,5222.3,0,6325,0,0,1,0,1,0,0,0,0,0,1,0,1,0,1,0,1,0,0,0,1,1,0,0,1,0,0
36.456091,-119.486225,37,88.8,3340.55,0,3746,0,0,1,1,1,0,1,1,0,0,0,0,1,0,0,0,0,0,1,0,0,0,0,1,0,1,0
36.749403,-119.787574,60,93.25,5774.55,0,4353,1,1,1,1,1,0,1,1,0,0,1,0,1,0,0,0,0,0,0,0,1,0,0,1,0,1,0
36.739385,-119.753649,62,71.4,4487.3,0,5327,1,0,1,0,1,0,0,0,0,0,1,0,0,0,1,0,1,0,0,0,1,1,0,0,1,0,0
36.799648,-119.801247,36,79.2,2854.95,0,4830,1,0,0,0,1,0,0,0,0,0,1,0,0,0,1,0,1,0,1,0,1,0,0,1,1,0,0
36.78724,-119.827813,44,20.4,905.55,0,2404,1,0,0,0,1,0,0,0,1,1,0,1,0,1,0,1,0,1,0,1,0,0,1,0,1,0,0
36.822715,-119.761826,72,105.0,7589.8,0,5678,0,0,1,0,1,0,1,1,0,0,1,0,0,0,1,0,0,0,1,0,1,0,1,1,1,0,0
36.878709,-119.7645,13,30.85,394.1,0,2444,0,0,0,0,0,1,0,0,0,0,1,0,0,0,0,0,0,0,0,0,0,0,0,1,0,0,0
36.78979,-119.929894,15,20.55,295.95,0,3009,0,0,1,0,1,0,0,0,1,1,0,1,0,1,0,1,0,1,0,1,0,1,0,0,0,0,1
36.623632,-119.741322,65,84.85,5459.2,0,5434,0,0,0,0,1,0,0,0,0,0,1,0,1,0,1,0,1,0,1,0,1,0,1,1,0,0,0
36.793601,-119.761131,12,33.15,444.75,0,3882,0,0,1,0,0,1,0,0,0,0,1,0,0,0,0,0,1,0,0,0,0,1,0,0,1,0,0
36.751489,-119.68072,72,92.0,6782.15,0,5883,1,0,1,0,1,0,1,0,0,0,1,0,1,0,1,0,1,0,1,0,1,0,1,1,1,0,0
36.757345,-119.818274,72,89.8,6510.45,0,5762,0,0,1,0,1,0,1,0,0,0,1,0,1,0,1,0,1,0,1,0,1,0,1,0,1,0,0
36.64152,-121.622188,72,115.8,8476.5,0,5841,0,0,1,1,1,0,1,1,0,0,1,0,1,0,1,0,1,0,1,0,1,0,1,1,0,0,0
36.667794,-121.601306,52,85.15,4461.85,0,4322,1,0,0,0,1,0,1,0,0,0,1,0,1,0,0,0,1,0,1,0,1,0,1,1,0,0,1
36.722898,-121.633648,2,24.85,62.0,0,5983,1,0,0,0,1,0,1,0,1,1,0,1,0,1,0,1,0,1,0,1,0,0,0,0,0,0,1
36.77462,-121.664714,5,64.35,352.65,0,4771,0,0,0,0,1,0,0,0,0,0,1,0,0,0,0,0,1,0,1,0,0,0,0,1,0,1,0
36.624338,-121.615669,68,20.5,1424.9,0,4201,0,0,0,0,1,0,0,0,1,1,0,1,0,1,0,1,0,1,0,1,0,0,1,0,1,0,0
36.554618,-121.922239,72,86.05,6309.65,0,5965,1,0,0,0,1,0,1,0,0,0,1,0,1,0,0,0,1,0,1,0,1,0,1,0,1,0,0
36.414611,-121.6386,66,89.0,5898.6,0,4488,0,0,1,0,1,0,1,1,0,0,1,0,1,0,0,0,1,0,0,0,0,1,0,0,0,1,0
36.596271,-121.442274,72,64.8,4719.75,0,4036,1,0,1,0,0,1,0,0,0,0,1,0,1,0,1,0,1,0,1,0,1,0,1,1,1,0,0
36.52588,-121.396719,26,19.8,457.3,0,5823,1,0,0,0,1,0,0,0,1,1,0,1,0,1,0,1,0,1,0,1,0,1,0,0,1,0,0
36.248708,-121.386617,64,93.4,5822.3,0,6249,1,0,1,1,1,0,1,1,0,0,1,0,0,0,1,0,0,0,0,0,1,0,1,0,0,0,0
36.362741,-121.869685,62,39.0,2337.45,0,4987,1,0,1,0,0,1,0,0,0,0,0,0,0,0,0,0,1,0,1,0,0,0,1,1,0,0,0
36.618337,-121.926417,5,20.5,104.3,0,5263,0,0,0,0,1,0,0,0,1,1,0,1,0,1,0,1,0,1,0,1,0,0,0,1,0,0,1
36.125529,-120.864443,3,26.4,121.25,0,4315,1,0,0,1,1,0,1,0,1,1,0,1,0,1,0,1,0,1,0,1,0,0,1,1,0,0,1
36.625114,-121.823565,72,98.2,7015.9,0,4332,0,0,1,0,1,0,1,1,0,0,1,0,0,0,1,0,1,0,1,0,0,0,1,1,0,0,0
36.414216,-121.360597,57,97.55,5598.0,0,5833,1,0,1,1,1,0,0,1,0,0,0,0,1,0,1,0,0,0,1,0,1,1,0,1,1,0,0
36.624641,-121.647195,66,19.95,1269.1,0,6382,1,0,0,1,1,0,0,0,1,1,0,1,0,1,0,1,0,1,0,1,0,0,1,0,1,0,0
37.684694,-122.40712,45,99.7,4634.35,0,3333,1,0,0,1,1,0,1,1,0,0,0,0,0,0,1,0,0,0,1,0,1,0,1,0,0,0,0
37.57028,-122.365778,3,34.8,113.95,0,2496,0,0,0,0,0,1,0,0,0,0,0,0,0,0,0,0,0,0,1,0,0,0,0,1,1,0,0
37.680844,-122.48131,51,60.15,3077.0,0,5404,0,0,0,0,0,1,0,0,0,0,1,0,0,0,1,0,1,0,1,0,1,1,0,0,0,0,0
37.45567,-122.407992,60,64.75,4039.5,0,6408,0,0,0,0,1,0,1,0,0,0,1,0,0,0,1,0,1,0,0,0,0,1,0,0,0,1,0
37.285677,-122.224165,33,54.65,1665.2,0,5201,1,0,0,0,1,0,1,0,0,0,0,0,1,0,0,0,0,0,0,0,0,0,0,1,0,0,0
37.349546,-122.134356,26,19.3,504.2,0,2269,1,1,0,0,1,0,0,0,1,1,0,1,0,1,0,1,0,1,0,1,0,1,0,0,1,0,0
37.449551,-122.183762,67,111.25,7511.65,0,5649,0,0,1,0,1,0,1,1,0,0,1,0,0,0,1,0,1,0,1,0,1,1,0,1,0,1,0
37.454924,-122.203168,49,35.8,1782.0,0,4865,0,0,1,0,0,1,0,0,0,0,1,0,0,0,0,0,1,0,0,0,0,1,0,1,1,0,0
37.369709,-122.215844,1,20.05,20.05,0,5368,1,0,0,0,1,0,0,0,1,1,0,1,0,1,0,1,0,1,0,1,0,0,0,1,0,0,1
37.601248,-122.403099,7,84.35,609.65,0,2107,0,1,0,0,1,0,0,1,0,0,0,0,0,0,1,0,0,0,1,0,0,0,0,1,0,1,0
37.540582,-122.509594,27,110.5,2857.6,0,4997,0,1,0,0,1,0,1,1,0,0,1,0,1,0,1,0,0,0,1,0,1,1,0,1,0,0,0
37.515556,-122.502311,37,91.2,3247.55,0,5263,1,0,1,1,1,0,0,1,0,0,0,0,0,0,0,0,0,0,1,0,1,1,0,0,1,0,0
37.388349,-122.075299,31,89.3,2823.0,0,2132,1,0,1,1,1,0,1,1,0,0,1,0,0,0,1,0,1,0,0,0,0,0,0,0,0,1,0
37.573633,-122.455167,32,81.1,2619.25,0,2143,1,1,0,0,1,0,1,1,0,0,0,0,0,0,1,0,0,0,0,0,0,0,0,1,1,0,0
37.461251,-122.235414,63,81.2,4965.1,0,6063,0,0,1,0,1,0,1,1,0,0,0,0,0,0,0,0,1,0,0,0,0,1,0,1,1,0,0
37.410567,-122.297152,30,94.3,2679.7,0,4219,1,0,0,0,1,0,1,1,0,0,1,0,1,0,0,0,0,0,0,0,1,0,0,1,1,0,0
37.499411,-122.196318,71,116.1,8310.55,0,5027,1,0,1,0,1,0,1,1,0,0,1,0,1,0,1,0,1,0,1,0,1,0,1,1,0,0,0
37.527497,-122.230941,53,105.55,5682.25,0,5731,0,0,0,0,1,0,1,1,0,0,0,0,1,0,1,0,0,0,1,0,1,0,1,0,0,1,0
37.497915,-122.267361,50,94.4,4914.9,0,5548,1,0,1,0,1,0,1,1,0,0,1,0,1,0,0,0,0,0,0,0,1,0,0,1,1,0,0
37.331762,-122.341444,2,19.5,27.55,0,4836,0,0,0,0,1,0,0,0,1,1,0,1,0,1,0,1,0,1,0,1,0,0,0,0,0,0,1
37.3511,-122.037311,56,105.6,6068.65,0,4196,0,0,1,0,1,0,0,1,0,0,1,0,1,0,1,0,0,0,1,0,1,1,0,1,1,0,0
37.421633,-122.009613,67,81.35,5398.6,0,4219,1,0,1,0,1,0,0,0,0,0,1,0,1,0,1,0,0,0,1,0,1,0,1,0,1,0,0
37.773147,-122.411287,4,56.4,234.85,0,5344,1,0,0,0,1,0,0,0,0,0,0,0,0,0,0,0,0,0,1,0,0,0,0,1,0,1,0
37.791222,-122.402241,19,65.35,1231.85,0,2051,1,0,0,0,1,0,0,0,0,0,0,0,1,0,0,0,1,0,0,0,1,1,0,1,0,0,0
37.789168,-122.395009,8,19.95,170.9,0,5919,0,0,0,1,1,0,0,0,1,1,0,1,0,1,0,1,0,1,0,1,0,0,0,0,0,0,1
37.768881,-122.395521,71,111.25,7984.15,0,4361,0,0,0,0,1,0,1,1,0,0,0,0,1,0,1,0,1,0,1,0,1,0,1,1,0,1,0
37.794487,-122.42227,15,89.0,1288.3,0,4452,0,1,0,0,1,0,1,1,0,0,0,0,1,0,0,0,0,0,1,0,0,0,0,0,1,0,0
37.750021,-122.415201,72,106.1,7848.5,0,6283,1,0,1,1,1,0,1,1,0,0,1,0,0,0,1,0,0,0,1,0,1,1,0,1,0,0,0
37.801776,-122.402293,12,20.05,267.0,0,4018,1,0,0,0,1,0,0,0,1,1,0,1,0,1,0,1,0,1,0,1,0,1,0,0,1,0,0
37.720498,-122.443119,72,25.2,1798.9,0,6499,1,0,1,1,1,0,1,0,1,1,0,1,0,1,0,1,0,1,0,1,0,0,1,1,0,0,0
37.786031,-122.437301,23,75.4,1643.55,0,2491,0,1,0,0,1,0,0,1,0,0,1,0,0,0,0,0,0,0,0,0,0,0,0,1,0,0,0
37.74441,-122.486764,72,65.55,4807.45,0,4266,1,0,0,0,0,1,0,0,0,0,1,0,1,0,1,0,1,0,1,0,1,0,1,1,0,0,0
37.770533,-122.445121,26,80.7,2193.0,0,4501,0,0,0,0,1,0,1,1,0,0,0,0,0,0,1,0,0,0,0,0,0,0,0,1,0,1,0
37.781304,-122.461522,21,104.55,2239.4,0,3471,0,0,0,0,1,0,0,1,0,0,0,0,1,0,1,0,1,0,1,0,1,1,0,1,0,0,1
37.776718,-122.495781,60,24.15,1505.9,0,4501,1,0,1,0,1,0,1,0,1,1,0,1,0,1,0,1,0,1,0,1,0,1,0,0,0,0,0
37.760412,-122.484966,12,20.45,255.35,0,4883,1,0,0,0,1,0,0,0,1,1,0,1,0,1,0,1,0,1,0,1,0,0,0,0,0,0,1
37.800254,-122.436975,16,75.4,1189.4,0,5432,1,0,1,0,1,0,1,1,0,0,0,0,0,0,0,0,0,0,0,0,0,0,0,1,0,1,0
37.731505,-122.384532,63,79.7,4786.15,0,4010,0,0,1,0,1,0,1,0,0,0,1,0,1,0,0,0,0,0,1,0,1,1,0,1,1,0,0
37.736535,-122.45732,22,81.7,1820.9,0,5602,0,1,0,0,1,0,0,1,0,0,1,0,1,0,0,0,0,0,0,0,0,0,0,0,0,1,0
37.797526,-122.464531,32,76.3,2404.15,0,5324,0,0,1,1,1,0,0,0,0,0,1,0,1,0,1,0,1,0,0,0,1,0,0,0,0,0,0
37.722302,-122.491129,68,103.75,7039.45,0,4121,0,0,1,1,1,0,1,1,0,0,0,0,1,0,0,0,1,0,1,0,1,0,1,1,1,0,0
37.802071,-122.411004,30,86.45,2538.05,0,2923,0,0,1,1,1,0,0,1,0,0,0,0,0,0,1,0,0,0,0,0,1,1,0,0,0,1,0
37.721052,-122.413573,16,75.1,1212.85,0,5176,0,0,0,0,1,0,0,1,0,0,0,0,1,0,0,0,0,0,0,0,0,0,0,0,0,0,0
37.444314,-122.149996,33,80.6,2651.1,0,5542,1,0,0,0,1,0,0,1,0,0,0,0,1,0,0,0,1,0,0,0,0,0,1,0,0,0,0
37.45809,-122.115398,72,19.3,1304.8,0,4035,1,0,1,0,1,0,0,0,1,1,0,1,0,1,0,1,0,1,0,1,0,0,1,0,1,0,0
37.424342,-122.165641,12,33.6,435.45,0,2990,0,0,0,0,0,1,0,0,0,0,1,0,0,0,0,0,1,0,0,0,0,1,0,1,0,0,1
37.416159,-122.131337,4,83.25,308.05,0,5251,0,1,1,0,1,0,1,1,0,0,0,0,0,0,0,0,0,0,1,0,0,0,0,1,0,1,0
37.590421,-122.306467,0,80.85,1397.475,0,2048,0,0,1,0,1,0,0,0,0,0,1,0,1,0,1,0,0,0,1,0,1,0,1,0,0,0,1
37.538309,-122.305109,65,108.05,7118.9,0,6047,0,0,1,0,1,0,1,1,0,0,0,0,1,0,1,0,1,0,1,0,1,1,0,1,1,0,0
37.556094,-122.272437,15,19.9,320.45,0,3366,0,0,0,0,1,0,0,0,1,1,0,1,0,1,0,1,0,1,0,1,0,0,0,0,0,0,1
37.774633,-122.274434,24,21.05,531.55,0,2050,0,0,0,0,1,0,0,0,1,1,0,1,0,1,0,1,0,1,0,1,0,1,0,0,0,0,0
37.724817,-122.224363,13,30.15,382.2,0,3540,0,0,0,1,0,1,0,0,0,0,0,0,1,0,0,0,0,0,0,0,0,0,0,0,0,1,0
37.791481,-121.903253,24,79.85,2001.0,0,5128,1,0,0,0,1,0,0,1,0,0,0,0,0,0,0,0,0,0,0,0,1,0,0,1,1,0,0
37.855717,-121.994813,72,65.5,4919.7,0,4119,0,0,1,0,0,1,0,0,0,0,1,0,1,0,1,0,1,0,1,0,1,0,1,0,0,0,0
38.542448,-122.419923,54,104.1,5645.8,0,5795,0,0,1,1,1,0,1,1,0,0,1,0,1,0,0,0,0,0,1,0,1,0,0,1,0,0,0
38.113533,-122.11926,4,20.5,77.6,0,5053,1,0,1,1,1,0,0,0,1,1,0,1,0,1,0,1,0,1,0,1,0,0,0,1,0,0,1
38.050558,-121.646924,32,91.35,2896.55,0,2965,0,1,1,1,1,0,1,1,0,0,0,0,0,0,1,0,0,0,1,0,0,0,0,1,0,0,1
37.908242,-121.682472,35,20.5,759.35,0,2009,1,0,1,1,1,0,0,0,1,1,0,1,0,1,0,1,0,1,0,1,0,0,1,0,0,0,0
38.629618,-122.593216,8,75.6,535.55,0,2934,0,0,0,0,1,0,0,1,0,0,0,0,1,0,0,0,0,0,0,0,0,0,0,0,0,1,0
37.881842,-121.848111,22,55.1,1253.15,0,2729,1,0,0,0,1,0,0,0,0,0,1,0,0,0,0,0,1,0,0,0,0,0,0,0,0,0,1
37.950248,-122.022455,15,58.95,955.15,0,4497,0,0,0,0,1,0,0,0,0,0,1,0,0,0,1,0,1,0,0,0,0,0,0,0,0,1,0
37.990118,-122.012188,22,95.1,2162.6,0,3729,1,0,0,0,1,0,1,1,0,0,0,0,0,0,0,0,0,0,1,0,1,0,0,1,0,1,0
37.971421,-121.971504,71,25.45,1813.35,0,4993,0,0,1,1,1,0,1,0,1,1,0,1,0,1,0,1,0,1,0,1,0,0,1,0,0,0,0
37.95338,-122.076886,4,56.75,245.15,0,2401,1,0,0,0,1,0,0,0,0,0,1,0,0,0,1,0,0,0,0,0,0,0,0,0,0,1,0
38.049292,-122.228415,25,81.75,2028.8,0,5917,1,0,0,0,1,0,1,0,0,0,1,0,1,0,1,0,1,0,0,0,1,0,0,0,0,0,0
37.815459,-121.977203,32,86.1,2723.75,0,4970,0,0,1,1,1,0,0,1,0,0,0,0,1,0,0,0,0,0,1,0,0,0,0,1,0,1,0
37.924838,-122.289145,7,29.8,220.45,0,2587,1,1,1,0,0,1,0,0,0,0,1,0,0,0,0,0,0,0,0,0,0,0,0,0,0,0,0
38.287136,-122.02711,17,20.5,365.8,0,2259,1,0,0,0,1,0,0,0,1,1,0,1,0,1,0,1,0,1,0,1,0,1,0,1,0,0,1
38.265899,-121.939461,8,60.9,551.95,0,2136,1,1,1,0,1,0,0,0,0,0,1,0,0,0,0,0,0,0,1,0,0,0,0,0,0,0,0
37.572273,-121.964583,56,73.25,4054.2,0,4011,0,1,0,0,1,0,1,0,0,0,1,0,0,0,1,0,1,0,0,0,1,0,1,0,0,0,0
37.656695,-122.048361,3,20.85,60.65,0,5868,1,0,0,1,1,0,0,0,1,1,0,1,0,1,0,1,0,1,0,1,0,0,0,0,0,0,1
37.639215,-122.037554,71,77.35,5550.1,0,4846,0,0,0,0,1,0,0,0,0,0,1,0,1,0,1,0,1,0,1,0,0,0,1,0,1,0,0
37.991259,-122.214945,49,93.85,4733.1,0,5698,1,0,1,0,1,0,1,1,0,0,1,0,1,0,0,0,0,0,1,0,0,0,0,1,0,0,0
37.907777,-122.127161,58,70.1,4048.95,0,4474,1,0,0,0,1,0,0,0,0,0,0,0,1,0,1,0,1,0,1,0,0,0,1,0,0,0,0
37.722727,-122.02157,59,75.95,4542.35,0,5446,0,0,1,0,1,0,0,0,0,0,0,0,1,0,0,0,1,0,1,0,1,0,1,1,1,0,0
37.827946,-122.107185,11,75.25,888.65,0,5902,0,0,0,0,1,0,1,1,0,0,0,0,0,0,0,0,0,0,0,0,0,0,0,0,0,1,0
38.232389,-122.324944,35,54.95,1916.0,0,4858,0,0,1,0,1,0,0,0,0,0,1,0,0,0,0,0,1,0,0,0,0,1,0,1,0,0,0
37.504133,-122.032347,20,19.5,413.0,0,5409,0,0,0,0,1,0,0,0,1,1,0,1,0,1,0,1,0,1,0,1,0,0,0,1,0,0,0
37.999406,-121.686241,40,19.6,808.95,0,2630,1,0,1,1,1,0,0,0,1,1,0,1,0,1,0,1,0,1,0,1,0,0,1,0,0,0,1
37.873916,-122.20522,39,47.85,1886.4,0,5531,0,0,0,0,1,0,0,0,0,0,1,0,0,0,0,0,0,0,0,0,0,1,0,1,0,1,0
38.006047,-121.916834,72,23.75,1679.25,0,4923,0,0,1,1,1,0,1,0,1,1,0,1,0,1,0,1,0,1,0,1,0,0,1,0,0,0,0
38.672708,-122.403219,12,43.8,540.95,0,5706,0,0,0,0,1,0,0,0,0,0,0,0,0,0,0,0,0,0,0,0,0,0,0,0,0,0,0
37.713926,-121.928425,1,19.75,19.75,0,3595,1,0,0,0,1,0,0,0,1,1,0,1,0,1,0,1,0,1,0,1,0,0,0,0,0,0,0
38.035707,-122.196821,27,19.15,537.35,0,4004,1,0,0,1,1,0,0,0,1,1,0,1,0,1,0,1,0,1,0,1,0,0,0,0,0,0,1
38.148862,-121.737696,34,19.6,678.8,0,4669,1,0,1,0,1,0,0,0,1,1,0,1,0,1,0,1,0,1,0,1,0,1,0,0,1,0,0
38.027218,-122.23463,56,80.3,4513.65,0,6203,0,0,1,0,1,0,0,1,0,0,1,0,0,0,1,0,0,0,0,0,0,0,1,0,0,0,0
38.581354,-122.296283,58,24.35,1423.85,0,6190,0,0,0,0,1,0,1,0,1,1,0,1,0,1,0,1,0,1,0,1,0,0,1,0,1,0,0
38.554383,-122.474773,22,25.25,555.4,0,4386,0,0,1,1,1,0,1,0,1,1,0,1,0,1,0,1,0,1,0,1,0,0,1,0,1,0,0
37.717196,-122.159338,10,26.1,225.55,0,3179,0,0,1,1,1,0,1,0,1,1,0,1,0,1,0,1,0,1,0,1,0,0,1,0,1,0,0
37.704384,-122.126703,13,20.0,268.45,0,3037,1,0,0,0,1,0,0,0,1,1,0,1,0,1,0,1,0,1,0,1,0,0,1,0,1,0,0
38.197907,-122.017258,72,20.7,1492.1,0,6317,1,0,1,0,1,0,0,0,1,1,0,1,0,1,0,1,0,1,0,1,0,0,1,0,0,0,0
37.587494,-121.862856,2,70.3,132.4,0,4799,1,0,0,0,1,0,0,0,0,0,0,0,0,0,0,0,1,0,1,0,1,0,0,0,0,1,0
38.161321,-122.271588,4,69.55,284.9,0,3708,1,0,1,1,1,0,0,1,0,0,0,0,0,0,0,0,0,0,0,0,0,0,0,1,0,0,1
38.104705,-122.247387,37,19.85,784.25,0,3408,0,0,0,0,1,0,0,0,1,1,0,1,0,1,0,1,0,1,0,1,0,0,1,0,0,0,1
38.105733,-122.186338,21,20.0,417.7,0,2366,1,0,0,0,1,0,0,0,1,1,0,1,0,1,0,1,0,1,0,1,0,0,0,0,0,0,1
38.093701,-122.276589,53,95.85,5016.25,0,5325,0,1,1,0,1,0,1,1,0,0,0,0,0,0,0,0,0,0,1,0,1,1,0,1,1,0,0
38.421458,-122.365048,23,20.75,485.2,0,3418,1,1,1,0,1,0,0,0,1,1,0,1,0,1,0,1,0,1,0,1,0,1,0,1,0,1,0
37.776523,-122.219268,3,50.15,160.85,0,2085,1,0,0,0,1,0,0,0,0,0,1,0,0,0,0,0,0,0,0,0,0,0,0,1,0,0,1
37.803883,-122.208417,71,58.65,4145.25,0,4151,0,0,1,0,0,1,0,0,0,0,1,0,1,0,0,0,1,0,1,0,1,0,1,0,0,0,1
37.739113,-122.175602,9,95.9,827.45,0,5017,1,0,0,0,1,0,0,1,0,0,0,0,0,0,0,0,1,0,1,0,1,0,0,1,0,0,0
37.758019,-122.138678,1,49.5,49.5,0,5262,0,0,0,0,1,0,0,0,0,0,0,0,1,0,0,0,0,0,0,0,0,0,0,0,0,1,0
37.83726,-122.287648,71,80.1,5585.4,0,6045,1,0,1,0,1,0,1,0,0,0,1,0,1,0,1,0,1,0,0,0,1,0,1,1,0,0,1
37.834341,-122.26437,64,24.4,1601.2,0,5887,0,0,0,0,1,0,1,0,1,1,0,1,0,1,0,1,0,1,0,1,0,1,0,1,0,0,0
37.808731,-122.238708,4,40.05,162.45,0,2664,1,0,0,0,0,1,0,0,0,0,0,0,0,0,0,0,1,0,0,0,1,0,0,1,0,1,0
37.828416,-122.216005,23,19.5,470.2,0,5652,0,0,0,0,1,0,0,0,1,1,0,1,0,1,0,1,0,1,0,1,0,0,0,1,0,0,1
37.809014,-122.269739,39,51.05,2066.0,0,3154,0,0,1,1,1,0,0,0,0,0,1,0,0,0,0,0,0,0,0,0,0,0,0,0,1,0,0
37.84551,-122.235181,28,54.35,1426.45,0,5105,1,0,1,0,1,0,0,0,0,0,1,0,0,0,0,0,1,0,0,0,0,1,0,0,0,0,1
37.787186,-122.14633,5,84.7,392.5,0,2660,0,1,0,0,1,0,0,1,0,0,0,0,1,0,0,0,0,0,1,0,0,0,0,1,0,1,0
37.750553,-122.197175,45,86.1,3861.45,0,2701,0,1,1,0,1,0,0,1,0,0,0,0,0,0,1,0,0,0,0,0,1,0,0,1,0,1,0
37.866009,-122.286228,37,70.35,2552.9,0,5402,1,0,0,0,1,0,0,1,0,0,0,0,0,0,0,0,0,0,0,0,0,0,0,1,0,0,1
37.863843,-122.275684,60,110.0,6668.35,0,4953,0,1,1,0,1,0,0,1,0,0,1,0,1,0,1,0,1,0,1,0,1,0,1,1,0,0,0
37.858898,-122.240512,47,94.9,4615.25,0,4510,0,0,0,0,1,0,1,1,0,0,1,0,0,0,1,0,0,0,1,0,0,1,0,0,1,0,0
37.897743,-122.263124,50,69.75,3557.7,0,4539,0,0,1,1,1,0,0,1,0,0,0,0,0,0,0,0,0,0,0,0,0,0,0,1,0,0,0
37.878554,-122.26609,27,71.6,1957.1,0,3773,1,0,1,1,1,0,1,0,0,0,0,0,0,0,0,0,1,0,1,0,1,0,0,0,0,0,0
37.945288,-122.383941,62,23.65,1416.75,0,4671,0,0,1,0,1,0,1,0,1,1,0,1,0,1,0,1,0,1,0,1,0,0,1,0,0,0,0
37.963995,-122.288296,71,81.85,5924.4,0,4090,0,0,1,0,1,0,0,0,0,0,1,0,0,0,1,0,1,0,1,0,1,0,1,0,0,0,0
37.921034,-122.341798,66,25.1,1697.7,0,6025,1,0,0,0,1,0,1,0,1,1,0,1,0,1,0,1,0,1,0,1,0,0,1,0,0,0,1
37.941456,-122.320968,68,114.7,7849.85,0,5671,1,0,1,1,1,0,1,1,0,0,1,0,1,0,1,0,1,0,1,0,1,0,1,1,0,0,0
37.980269,-122.342635,13,49.15,649.4,0,3000,0,0,0,0,0,1,0,0,0,0,0,0,0,0,1,0,0,0,1,0,1,0,0,0,0,1,0
37.972662,-122.491452,56,80.9,4557.5,0,5344,1,0,1,0,1,0,0,1,0,0,0,0,0,0,0,0,0,0,0,0,1,1,0,1,0,1,0
37.885629,-122.46858,16,19.3,360.35,0,2870,0,0,0,0,1,0,0,0,1,1,0,1,0,1,0,1,0,1,0,1,0,1,0,1,0,0,0
38.343282,-122.9755,14,70.2,1046.5,0,5819,0,0,1,1,1,0,0,1,0,0,0,0,0,0,0,0,0,0,0,0,0,0,0,0,0,1,0
37.943087,-122.72379,8,54.25,447.75,0,2237,0,0,0,0,1,0,0,0,0,0,1,0,0,0,0,0,1,0,0,0,0,1,0,0,0,0,0
37.924014,-122.511694,43,99.3,4209.95,0,3280,0,0,1,1,1,0,1,1,0,0,0,0,0,0,1,0,0,0,1,0,1,0,0,1,0,0,0
38.34719,-122.697822,52,74.0,3877.65,0,5806,0,0,0,0,1,0,1,0,0,0,1,0,0,0,1,0,1,0,1,0,0,1,0,0,1,0,0
38.24458,-122.956268,3,50.25,152.3,0,2166,1,0,0,0,1,0,0,0,0,0,0,0,0,0,0,0,1,0,0,0,0,0,0,1,0,0,1
37.971751,-122.611873,29,19.8,572.2,0,5696,1,0,0,0,1,0,0,0,1,1,0,1,0,1,0,1,0,1,0,1,0,1,0,1,0,0,1
38.099323,-122.945723,16,35.5,552.7,0,2069,0,0,1,1,0,1,0,0,0,0,0,0,0,0,0,0,0,0,0,0,1,0,0,1,1,0,0
38.021772,-122.691744,40,80.75,3208.65,0,2047,0,0,0,0,1,0,1,0,0,0,0,0,0,0,1,0,1,0,1,0,1,1,0,1,0,0,1
37.901371,-122.572024,36,19.55,620.75,0,2691,0,0,0,0,1,0,0,0,1,1,0,1,0,1,0,1,0,1,0,1,0,1,0,0,0,0,1
38.052209,-122.775567,26,20.05,505.9,0,2403,1,0,1,0,1,0,0,0,1,1,0,1,0,1,0,1,0,1,0,1,0,1,0,1,0,0,0
38.325599,-122.642352,72,112.4,8046.85,0,6144,0,1,1,0,1,0,1,1,0,0,1,0,1,0,1,0,0,0,1,0,1,0,1,1,0,1,0
38.237018,-122.77872,34,50.2,1815.3,0,4352,0,0,1,0,1,0,0,0,0,0,0,0,0,0,0,0,1,0,0,0,0,0,0,0,0,0,0
38.235021,-122.557332,10,62.25,612.95,0,3415,1,0,0,0,1,0,0,0,0,0,1,0,0,0,0,0,1,0,1,0,0,0,0,0,0,0,0
38.060264,-122.830646,14,55.7,795.15,0,4978,0,0,0,0,1,0,0,0,0,0,1,0,0,0,0,0,1,0,0,0,0,1,0,0,0,0,1
38.00474,-122.663717,47,19.65,973.1,0,2021,1,0,1,0,1,0,0,0,1,1,0,1,0,1,0,1,0,1,0,1,0,0,1,0,0,0,1
37.942551,-122.491642,24,89.25,2210.2,0,5436,1,0,1,0,1,0,0,1,0,0,1,0,0,0,0,0,1,0,0,0,1,0,0,1,0,1,0
37.921137,-122.657562,20,54.0,1055.9,0,5090,1,1,0,0,1,0,0,0,0,0,1,0,0,0,0,0,1,0,0,0,0,1,0,0,0,0,1
38.005839,-122.638155,22,56.75,1304.85,0,4574,1,0,0,0,0,1,0,0,0,0,0,0,0,0,1,0,1,0,1,0,1,0,1,0,0,0,0
37.013471,-121.877877,1,21.1,21.1,0,2810,1,0,0,0,1,0,0,0,1,1,0,1,0,1,0,1,0,1,0,1,0,0,0,0,0,0,1
36.878364,-121.629781,59,96.65,5580.8,0,5266,0,0,1,1,1,0,1,1,0,0,0,0,1,0,0,0,1,0,0,0,1,0,0,1,0,0,0
37.078873,-122.090386,58,24.5,1497.9,0,4455,0,0,1,0,1,0,1,0,1,1,0,1,0,1,0,1,0,1,0,1,0,1,0,1,1,0,0
37.106902,-122.100006,59,79.2,4590.35,0,5400,0,1,0,0,1,0,1,1,0,0,0,0,1,0,0,0,0,0,0,0,0,0,1,1,1,0,0
37.279689,-121.954567,3,69.55,200.2,0,5998,0,0,1,1,1,0,0,1,0,0,0,0,0,0,0,0,0,0,0,0,0,0,0,1,0,1,0
36.977025,-121.952864,32,20.05,614.45,0,3398,1,0,0,0,1,0,0,0,1,1,0,1,0,1,0,1,0,1,0,1,0,0,1,1,0,0,0
36.784481,-121.759054,46,98.85,4564.9,0,2641,1,1,1,0,1,0,1,1,0,0,0,0,0,0,1,0,0,0,1,0,1,0,0,1,0,1,0
37.306612,-122.080621,0,25.75,1397.475,0,4950,1,0,1,1,1,0,1,0,1,1,0,1,0,1,0,1,0,1,0,1,0,0,1,0,0,0,1
37.089111,-122.062213,52,19.6,1012.4,0,4848,0,0,1,0,1,0,0,0,1,1,0,1,0,1,0,1,0,1,0,1,0,1,0,0,1,0,0
36.875409,-121.279679,32,87.65,2766.4,0,2426,1,0,0,0,1,0,1,1,0,0,1,0,0,0,0,0,1,0,0,0,0,0,0,0,0,0,0
37.233034,-121.947427,16,74.75,1129.35,0,3574,0,0,0,0,1,0,1,1,0,0,0,0,0,0,0,0,0,0,0,0,0,0,0,1,1,0,0
37.160194,-121.945611,51,107.45,5680.9,0,5446,0,0,0,0,1,0,1,1,0,0,1,0,1,0,1,0,0,0,1,0,1,1,0,0,0,0,0
37.441931,-121.878502,29,75.35,2243.9,0,4422,1,0,0,0,1,0,0,0,0,0,0,0,0,0,1,0,1,0,1,0,1,1,0,1,0,0,0
37.161544,-121.649371,70,64.95,4523.25,0,5669,1,0,1,0,1,0,0,0,0,0,1,0,1,0,1,0,1,0,0,0,0,0,1,0,1,0,0
36.863303,-121.781632,71,100.45,7159.7,0,6171,0,0,1,1,1,0,1,1,0,0,1,0,0,0,1,0,1,0,0,0,1,0,1,0,0,1,0
37.051166,-122.056194,41,68.5,2839.95,0,3877,1,0,1,0,1,0,1,0,0,0,0,0,1,0,1,0,0,0,1,0,0,1,0,0,0,0,0
36.525703,-120.952122,1,80.55,80.55,0,3154,1,0,0,0,1,0,0,1,0,0,0,0,0,0,0,0,0,0,1,0,0,0,0,1,0,1,0
36.810568,-121.503022,7,81.25,580.1,0,5928,0,0,1,0,1,0,0,0,0,0,1,0,0,0,1,0,1,0,1,0,1,0,0,0,0,0,0
37.351214,-121.952417,67,89.55,6038.55,0,6194,1,0,1,1,1,0,1,1,0,0,1,0,1,0,0,0,1,0,0,0,0,1,0,0,0,1,0
37.348129,-121.98469,5,55.7,259.4,0,3598,1,0,1,1,1,0,1,0,0,0,0,0,0,0,0,0,1,0,0,0,0,0,0,1,0,0,1
37.393554,-121.965114,15,24.8,324.15,0,3965,1,0,0,1,1,0,1,0,1,1,0,1,0,1,0,1,0,1,0,1,0,0,0,1,0,1,0
36.993451,-122.098858,20,20.0,417.65,0,3402,0,0,1,1,1,0,0,0,1,1,0,1,0,1,0,1,0,1,0,1,0,0,0,0,0,1,0
37.007882,-122.065975,54,105.2,5637.85,0,5546,1,0,1,1,1,0,1,1,0,0,0,0,1,0,0,0,1,0,1,0,1,1,0,1,0,1,0
37.031404,-121.981865,42,19.55,839.4,0,5293,1,0,0,0,1,0,0,0,1,1,0,1,0,1,0,1,0,1,0,1,0,1,0,1,0,0,1
37.070177,-122.010077,9,79.75,769.1,0,4654,0,0,1,0,1,0,0,1,0,0,0,0,0,0,0,0,0,0,0,0,1,0,0,1,0,1,0
37.257772,-122.051824,63,97.45,6253.0,0,4769,0,0,0,0,1,0,1,1,0,0,0,0,1,0,0,0,0,0,1,0,1,0,1,0,0,0,0
37.023669,-121.946461,69,24.25,1641.8,0,4884,0,0,1,0,1,0,1,0,1,1,0,1,0,1,0,1,0,1,0,1,0,0,1,0,0,0,0
36.931654,-121.752383,69,24.6,1678.05,0,5294,0,0,0,0,1,0,1,0,1,1,0,1,0,1,0,1,0,1,0,1,0,0,1,0,1,0,0
37.34667,-121.910019,40,50.15,2058.5,0,2454,1,0,1,0,1,0,0,0,0,0,0,0,1,0,0,0,0,0,0,0,0,0,0,1,0,0,1
37.284265,-121.827673,60,39.6,2424.5,0,5544,1,0,0,0,0,1,0,0,0,0,1,0,1,0,1,0,0,0,0,0,0,0,1,0,0,0,0
37.333851,-121.891147,71,89.85,6293.45,0,4994,0,1,0,0,1,0,1,0,0,0,1,0,1,0,1,0,1,0,1,0,1,0,1,0,0,0,1
37.311088,-121.961786,32,98.85,3145.9,0,3981,1,0,1,0,1,0,1,1,0,0,0,0,1,0,0,0,0,0,1,0,1,0,0,1,1,0,0
37.255479,-121.889838,39,53.85,2200.7,0,2380,1,0,0,0,1,0,1,0,0,0,0,0,0,0,0,0,1,0,0,0,0,0,1,1,1,0,0
37.233226,-121.78809,38,24.25,914.4,0,2997,0,0,0,0,1,0,1,0,1,1,0,1,0,1,0,1,0,1,0,1,0,1,0,1,0,1,0
37.186141,-121.843554,52,89.45,4577.75,0,5386,1,0,0,0,1,0,1,1,0,0,0,0,0,0,1,0,0,0,0,0,1,0,1,1,1,0,0
37.304681,-121.809955,48,105.25,4997.5,0,4275,0,0,1,1,1,0,1,1,0,0,1,0,1,0,0,0,0,0,1,0,1,0,0,1,1,0,0
37.32886,-121.834567,70,59.5,4144.8,0,4031,1,0,1,0,0,1,0,0,0,0,1,0,0,0,1,0,1,0,1,0,1,0,1,0,0,0,0
37.238758,-121.828375,20,70.55,1493.55,0,5790,1,0,0,0,1,0,0,1,0,0,0,0,0,0,0,0,0,0,0,0,0,0,0,0,1,0,0
37.257063,-121.923037,50,82.5,4179.1,0,5258,0,0,0,0,1,0,1,0,0,0,1,0,0,0,1,0,1,0,1,0,1,1,0,1,1,0,0
37.327069,-121.916819,25,61.6,1611.0,0,3807,1,0,1,0,1,0,0,0,0,0,1,0,1,0,1,0,0,0,0,0,0,1,0,1,0,0,0
37.375156,-121.795867,12,49.05,593.05,0,4244,1,0,0,0,1,0,0,0,0,0,0,0,1,0,0,0,0,0,0,0,0,0,0,1,0,0,0
37.277592,-121.986477,23,66.25,1533.8,0,2072,0,0,1,0,1,0,0,0,0,0,1,0,1,0,1,0,1,0,0,0,0,1,0,1,0,0,1
37.387027,-121.897775,27,19.4,529.8,0,3792,1,0,0,0,1,0,0,0,1,1,0,1,0,1,0,1,0,1,0,1,0,0,0,1,0,1,0
37.424655,-121.74841,47,86.05,3865.6,0,5527,1,1,0,0,1,0,1,1,0,0,0,0,0,0,0,0,0,0,1,0,0,0,0,1,1,0,0
37.371862,-121.860349,26,19.15,515.75,0,4347,1,0,1,1,1,0,0,0,1,1,0,1,0,1,0,1,0,1,0,1,0,0,1,1,1,0,0
37.270938,-121.851046,2,19.25,48.35,0,4725,1,0,0,1,1,0,0,0,1,1,0,1,0,1,0,1,0,1,0,1,0,0,0,0,0,0,1
37.246064,-121.749494,26,81.95,2070.05,0,2817,0,0,1,1,1,0,0,1,0,0,1,0,1,0,0,0,0,0,0,0,0,0,0,0,0,1,0
37.218705,-121.762429,72,114.65,8333.95,0,5408,0,1,1,0,1,0,1,1,0,0,1,0,1,0,1,0,1,0,1,0,1,0,1,1,0,0,0
37.382909,-121.634151,63,20.0,1209.25,0,5975,0,0,1,1,1,0,0,0,1,1,0,1,0,1,0,1,0,1,0,1,0,0,1,0,1,0,0
37.339533,-121.777179,71,19.8,1396.25,0,5406,1,0,1,1,1,0,0,0,1,1,0,1,0,1,0,1,0,1,0,1,0,0,1,0,0,0,1
37.959706,-121.287669,11,65.15,723.35,0,5942,1,0,1,1,1,0,1,0,0,0,1,0,0,0,0,0,0,0,1,0,0,0,0,1,0,0,0
37.954089,-121.329761,14,19.65,228.65,0,2962,1,1,1,0,1,0,0,0,1,1,0,1,0,1,0,1,0,1,0,1,0,1,0,0,0,0,1
37.974498,-121.319568,13,88.95,1161.75,0,5407,0,0,0,0,1,0,1,0,0,0,1,0,1,0,1,0,1,0,1,0,1,0,1,0,1,0,0
37.965695,-121.260051,6,20.2,98.35,0,3478,1,0,0,1,1,0,0,0,1,1,0,1,0,1,0,1,0,1,0,1,0,0,0,1,0,0,1
37.902422,-121.440029,11,75.2,775.3,0,5193,1,1,1,1,1,0,1,1,0,0,0,0,0,0,0,0,0,0,0,0,0,0,0,1,1,0,0
38.002125,-121.324979,18,56.8,1074.65,0,5558,1,0,1,0,1,0,1,0,0,0,0,0,1,0,0,0,0,0,0,0,0,0,0,0,1,0,0
38.033219,-121.297433,32,75.5,2324.7,0,3131,0,0,1,0,1,0,0,1,0,0,1,0,0,0,0,0,0,0,0,0,0,0,0,1,0,0,0
38.049457,-121.21653,29,35.6,1072.6,0,3898,1,0,0,0,0,1,0,0,0,0,1,0,0,0,0,0,1,0,0,0,0,1,0,0,0,0,1
37.946282,-121.139499,3,60.25,170.5,0,4830,0,0,0,0,1,0,1,0,0,0,0,0,0,0,0,0,0,0,1,0,0,0,0,1,0,1,0
38.071327,-120.632221,41,40.35,1677.85,0,2454,0,0,0,0,0,1,0,0,0,0,0,0,1,0,0,0,0,0,0,0,1,0,0,1,0,1,0
38.32153,-120.236358,1,18.85,18.85,0,5084,0,0,0,0,1,0,0,0,1,1,0,1,0,1,0,1,0,1,0,1,0,0,0,0,0,1,0
38.208336,-120.339938,7,54.85,370.4,0,3481,1,0,0,0,1,0,0,0,0,0,0,0,0,0,0,0,0,0,1,0,0,0,0,0,0,0,1
38.183918,-120.898817,52,64.3,3410.6,0,4405,0,0,1,0,1,0,0,0,0,0,1,0,0,0,1,0,0,0,1,0,0,1,0,1,0,0,1
38.233879,-120.861666,45,24.65,1138.8,0,3043,0,0,1,1,1,0,1,0,1,1,0,1,0,1,0,1,0,1,0,1,0,0,1,1,0,0,0
38.227285,-121.02789,70,76.1,5264.25,0,5115,1,0,1,0,1,0,1,0,0,0,0,0,1,0,1,0,1,0,1,0,0,0,1,0,1,0,0
37.943954,-120.67108,53,18.7,1005.7,0,4116,0,0,0,0,1,0,0,0,1,1,0,1,0,1,0,1,0,1,0,1,0,0,1,0,0,0,1
37.956963,-120.863055,62,97.95,5936.55,0,5428,0,1,1,0,1,0,1,1,0,0,0,0,1,0,1,0,0,0,1,0,0,1,0,1,1,0,0
37.873283,-121.292034,60,94.1,5475.9,0,5267,0,0,1,0,1,0,1,1,0,0,1,0,1,0,0,0,0,0,0,0,1,0,0,1,1,0,0
38.184914,-120.364085,23,95.1,2326.05,0,4025,0,1,1,0,1,0,0,1,0,0,1,0,0,0,0,0,0,0,1,0,1,0,0,1,0,1,0
38.166791,-121.14207,67,72.35,4991.5,0,4910,0,0,0,0,1,0,0,0,0,0,1,0,0,0,1,0,1,0,0,0,1,1,0,1,0,0,0
38.128087,-121.4078,71,82.7,5831.2,0,5089,0,1,1,0,1,0,1,0,0,0,1,0,1,0,1,0,1,0,0,0,1,0,1,1,0,0,0
38.304194,-120.592431,25,19.9,510.8,0,2130,1,0,0,0,1,0,0,0,1,1,0,1,0,1,0,1,0,1,0,1,0,1,0,0,1,0,0
38.264262,-120.515133,5,53.8,283.95,0,2182,0,0,0,0,1,0,1,0,0,0,1,0,0,0,0,0,0,0,0,0,0,0,0,1,0,1,0
38.147852,-120.440124,26,51.55,1295.4,0,3130,1,0,0,0,1,0,1,0,0,0,0,0,0,0,0,0,0,0,0,0,0,1,0,1,1,0,0
38.196497,-120.61689,1,19.65,19.65,0,2539,1,0,1,0,1,0,0,0,1,1,0,1,0,1,0,1,0,1,0,1,0,1,0,0,0,0,1
38.244806,-120.417301,70,44.05,3011.65,0,4022,1,1,0,0,0,1,0,0,0,0,0,0,1,0,1,0,0,0,1,0,0,1,0,1,1,0,0
38.055562,-120.456298,72,114.0,8093.15,0,4558,1,0,1,1,1,0,1,1,0,0,1,0,1,0,1,0,1,0,1,0,1,0,1,1,0,1,0
38.192608,-120.957842,32,100.4,3217.65,0,4848,0,1,1,1,1,0,1,1,0,0,0,0,1,0,0,0,0,0,1,0,1,0,0,1,0,1,0
38.392686,-120.415951,14,54.25,773.2,0,4423,0,0,0,0,1,0,1,0,0,0,0,0,1,0,0,0,0,0,0,0,0,1,0,1,0,0,1
38.169605,-121.310964,13,80.0,1029.35,0,5577,0,0,0,0,1,0,1,1,0,0,1,0,0,0,0,0,0,0,0,0,0,0,0,1,1,0,0
37.4695,-120.672724,46,79.2,3593.8,0,2007,0,0,0,0,1,0,1,0,0,0,1,0,0,0,1,0,0,0,1,0,1,0,1,0,0,0,1
37.394411,-120.127262,43,94.3,3953.15,0,2040,1,1,1,0,1,0,1,1,0,0,0,0,1,0,0,0,1,0,1,0,0,0,0,1,0,1,0
37.553469,-120.952825,39,49.8,1971.15,0,2202,1,0,0,0,1,0,0,0,0,0,0,0,0,0,0,0,1,0,0,0,0,0,1,1,0,0,0
37.722127,-120.110174,57,53.75,3196.0,0,5594,1,0,0,0,0,1,0,0,0,0,1,0,0,0,1,0,0,0,1,0,1,0,0,1,0,1,0
37.420273,-120.66527,53,93.45,4872.2,0,4700,0,0,1,0,1,0,0,1,0,0,0,0,0,0,0,0,1,0,1,0,1,1,0,1,0,1,0
37.435664,-121.049056,18,87.9,1500.5,0,5192,1,0,1,1,1,0,0,1,0,0,1,0,0,0,1,0,0,0,1,0,0,0,0,1,0,0,1
37.524721,-120.757977,58,61.05,3478.75,0,4411,0,0,1,0,1,0,1,0,0,0,1,0,0,0,0,0,1,0,0,0,0,1,0,1,0,0,0
37.127386,-120.506422,71,104.05,7413.55,0,4113,0,1,0,0,1,0,1,1,0,0,0,0,0,0,1,0,0,0,1,0,1,0,1,0,0,0,0
37.654551,-119.822984,35,99.25,3532.0,0,3244,0,0,0,0,1,0,0,1,0,0,0,0,0,0,1,0,1,0,1,0,1,1,0,1,0,1,0
37.818543,-121.006907,3,85.7,256.75,0,5806,1,0,0,0,1,0,0,1,0,0,0,0,0,0,1,0,0,0,0,0,1,0,0,0,1,0,0
37.902968,-119.667544,38,104.85,3887.25,0,2709,1,0,0,0,1,0,1,1,0,0,1,0,1,0,0,0,0,0,1,0,1,1,0,1,0,1,0
37.147198,-121.120161,35,69.15,2490.15,0,3945,1,0,1,0,1,0,1,0,0,0,1,0,1,0,1,0,1,0,0,0,0,0,1,1,1,0,0
37.394536,-120.890747,47,74.45,3510.3,0,3459,0,0,0,0,1,0,0,0,0,0,0,0,0,0,1,0,1,0,1,0,1,0,1,0,0,0,1
37.479926,-120.230424,14,50.45,765.45,0,3185,0,0,0,0,1,0,0,0,0,0,0,0,1,0,0,0,0,0,0,0,0,0,0,0,0,1,0
37.5923,-120.853288,20,60.0,1259.35,0,2399,0,1,1,0,1,0,0,0,0,0,0,0,1,0,0,0,0,0,0,0,1,0,0,1,0,1,0
37.84771,-120.486589,66,85.25,5538.35,0,5012,1,0,1,0,1,0,1,0,0,0,1,0,1,0,0,0,1,0,1,0,1,0,1,0,0,1,0
37.555631,-120.911653,15,19.45,340.85,0,2483,1,0,1,0,1,0,0,0,1,1,0,1,0,1,0,1,0,1,0,1,0,0,0,1,1,0,0
37.666587,-120.411517,42,20.75,844.45,0,2574,0,0,0,0,1,0,0,0,1,1,0,1,0,1,0,1,0,1,0,1,0,0,1,1,0,0,0
37.80821,-121.308401,17,78.9,1348.95,0,2362,0,0,1,0,1,0,1,1,0,0,1,0,0,0,0,0,0,0,0,0,0,0,0,0,0,1,0
37.249377,-120.249581,37,104.5,3778.0,0,4812,1,0,0,0,1,0,1,1,0,0,0,0,1,0,0,0,1,0,1,0,1,1,0,1,1,0,0
37.361987,-120.748394,12,49.4,611.65,0,5007,0,0,0,0,1,0,0,0,0,0,0,0,1,0,0,0,0,0,0,0,0,0,0,1,0,1,0
37.830267,-121.201018,60,25.0,1505.05,0,6355,0,0,0,0,1,0,1,0,1,1,0,1,0,1,0,1,0,1,0,1,0,0,1,0,0,0,1
37.750822,-121.238423,18,25.55,467.85,0,4134,1,0,1,1,0,1,0,0,0,0,0,0,0,0,0,0,0,0,0,0,0,0,0,0,1,0,0
37.255637,-120.493537,3,70.15,194.2,0,2228,0,0,0,0,1,0,0,1,0,0,0,0,0,0,0,0,0,0,0,0,0,0,0,1,0,1,0
37.581496,-119.972762,9,69.4,571.45,0,5108,0,0,0,1,1,0,0,0,0,0,0,0,0,0,0,0,1,0,1,0,1,0,0,1,1,0,0
37.40122,-120.514191,56,93.15,5253.95,0,4778,1,0,1,0,1,0,1,1,0,0,1,0,1,0,1,0,0,0,0,0,0,1,0,1,0,1,0
37.639029,-120.964772,7,69.55,521.35,0,4704,1,0,0,0,1,0,0,1,0,0,0,0,0,0,0,0,0,0,0,0,0,0,0,1,0,1,0
37.672906,-120.946594,69,20.2,1412.65,0,5267,0,0,1,1,1,0,0,0,1,1,0,1,0,1,0,1,0,1,0,1,0,0,1,0,0,0,0
37.612612,-121.108568,54,20.4,1090.6,0,6393,1,0,1,1,1,0,0,0,1,1,0,1,0,1,0,1,0,1,0,1,0,0,1,0,1,0,0
37.343846,-121.039391,62,23.75,1446.8,0,4811,1,0,1,0,1,0,1,0,1,1,0,1,0,1,0,1,0,1,0,1,0,1,0,1,1,0,0
37.410236,-121.320337,62,70.45,4300.45,0,5057,0,0,1,1,1,0,1,0,0,0,0,0,0,0,0,0,0,0,1,0,1,0,0,1,1,0,0
38.224869,-119.755729,17,65.75,1111.2,0,3921,1,0,0,0,1,0,1,0,0,0,1,0,0,0,0,0,0,0,0,0,1,0,0,0,0,0,0
37.329725,-120.306399,9,24.6,190.1,0,2323,1,0,0,0,0,1,0,0,0,0,0,0,0,0,0,0,0,0,0,0,0,0,0,1,0,0,1
37.750778,-121.13238,64,69.25,4447.75,0,4226,1,0,1,0,1,0,0,0,0,0,1,0,0,0,1,0,1,0,1,0,0,0,1,0,0,0,1
37.982716,-120.343732,72,24.65,1830.05,0,5065,0,0,1,0,1,0,1,0,1,1,0,1,0,1,0,1,0,1,0,1,0,0,1,0,0,0,0
37.990574,-120.261821,30,90.4,2820.65,0,3171,1,0,0,0,1,0,1,1,0,0,1,0,1,0,1,0,0,0,0,0,0,1,0,0,0,0,0
37.316807,-120.855753,49,100.85,4847.35,0,5417,0,0,1,0,1,0,1,1,0,0,1,0,0,0,0,0,0,0,1,0,1,0,0,1,0,0,1
37.680968,-121.446049,61,75.35,4729.3,0,6466,1,0,1,0,1,0,1,0,0,0,1,0,0,0,1,0,1,0,0,0,1,0,1,0,1,0,0
37.939768,-120.188002,47,87.2,4017.45,0,3760,1,0,1,1,1,0,1,1,0,0,0,0,1,0,0,0,0,0,1,0,0,0,0,0,0,1,0
37.474396,-120.875917,20,64.4,1398.6,0,2120,1,0,0,0,1,0,0,0,0,0,1,0,0,0,1,0,0,0,0,0,1,0,0,0,1,0,0
38.107441,-120.230625,70,24.7,1685.9,0,5907,0,0,1,1,1,0,1,0,1,1,0,1,0,1,0,1,0,1,0,1,0,0,1,0,0,0,0
37.609095,-121.263381,54,105.85,5826.65,0,5915,1,0,0,1,1,0,0,1,0,0,1,0,1,0,0,0,1,0,1,0,1,1,0,1,0,1,0
37.669516,-120.626964,61,98.3,6066.55,0,5413,1,1,1,0,1,0,1,1,0,0,0,0,1,0,1,0,1,0,1,0,0,1,0,1,0,0,1
37.421299,-120.599587,13,19.45,270.2,0,3799,1,0,0,0,1,0,0,0,1,1,0,1,0,1,0,1,0,1,0,1,0,1,0,0,0,0,1
38.460517,-122.790335,3,58.7,168.6,0,3654,0,0,1,1,1,0,0,0,0,0,0,0,1,0,0,0,0,0,1,0,0,0,0,1,1,0,0
38.488431,-122.752839,25,20.15,536.35,0,3848,1,0,0,0,1,0,0,0,1,1,0,1,0,1,0,1,0,1,0,1,0,0,0,1,0,0,1
38.526941,-122.709096,30,64.5,1888.45,0,5039,1,0,0,0,1,0,1,0,0,0,1,0,0,0,0,0,0,0,0,0,1,0,0,1,0,0,1
38.439696,-122.668817,21,28.5,629.35,0,3766,0,0,1,0,0,1,0,0,0,0,1,0,0,0,0,0,0,0,0,0,0,0,0,0,0,1,0
39.225694,-123.717354,23,90.45,2117.25,0,5272,1,1,1,0,1,0,0,1,0,0,0,0,0,0,0,0,0,0,1,0,1,0,0,1,0,1,0
38.731055,-123.316553,45,105.15,4730.9,0,5915,0,0,1,1,1,0,1,1,0,0,1,0,1,0,0,0,0,0,1,0,1,0,0,1,0,1,0
39.025867,-123.381544,24,83.15,2033.05,0,2404,0,0,1,1,1,0,1,1,0,0,0,0,1,0,1,0,0,0,0,0,0,1,0,0,0,0,0
38.578807,-123.19338,56,103.2,5744.35,0,4534,0,0,1,0,1,0,1,1,0,0,0,0,0,0,1,0,1,0,1,0,1,0,1,0,0,0,0
39.07116,-122.598542,1,19.45,19.45,0,5820,1,0,0,0,1,0,0,0,1,1,0,1,0,1,0,1,0,1,0,1,0,0,0,0,0,1,0
38.838088,-122.73203,55,88.8,4805.3,0,4291,0,1,1,0,1,0,0,1,0,0,0,0,0,0,1,0,1,0,1,0,0,0,1,0,1,0,0
39.83307,-123.178765,72,85.9,6110.75,0,6361,0,0,1,0,1,0,1,0,0,0,1,0,0,0,1,0,1,0,1,0,1,0,1,1,1,0,0
39.756049,-123.358701,45,34.2,1596.6,0,5715,0,1,0,0,0,1,0,0,0,0,0,0,0,0,0,0,0,0,0,0,1,1,0,0,0,1,0
38.445603,-123.063756,47,20.15,1046.2,0,2618,0,0,0,0,1,0,0,0,1,1,0,1,0,1,0,1,0,1,0,1,0,0,1,0,0,0,1
39.108252,-123.645121,2,50.3,92.75,0,5870,1,0,0,0,1,0,0,0,0,0,0,0,1,0,0,0,0,0,0,0,0,0,0,1,0,0,1
38.499302,-122.92444,2,80.15,194.55,0,5251,0,0,1,0,1,0,0,1,0,0,1,0,0,0,0,0,1,0,0,0,0,0,0,1,0,1,0
39.455555,-123.683979,12,51.25,612.1,0,3097,0,0,1,0,1,0,0,0,0,0,0,0,1,0,0,0,0,0,0,0,0,0,0,1,0,1,0
38.731771,-123.064272,69,95.2,6671.7,0,6166,1,0,1,1,1,0,0,1,0,0,0,0,0,0,0,0,1,0,1,0,1,0,1,1,1,0,0
38.368744,-122.522642,56,94.8,5264.3,0,5693,1,1,0,1,1,0,0,1,0,0,1,0,0,0,0,0,0,0,1,0,1,1,0,0,1,0,0
39.045246,-122.743181,4,80.25,303.7,0,3828,0,1,0,0,1,0,1,1,0,0,1,0,0,0,0,0,0,0,0,0,0,0,0,1,0,1,0
38.434362,-122.86891,64,76.1,4818.8,0,4222,1,0,1,0,1,0,1,0,0,0,0,0,1,0,1,0,1,0,1,0,0,0,1,1,0,0,0
38.52576,-123.013347,62,115.55,7159.05,0,6349,1,0,1,1,1,0,1,1,0,0,1,0,1,0,1,0,1,0,1,0,1,0,1,0,0,0,0
38.618347,-122.908422,63,24.65,1574.5,0,4392,1,0,1,1,1,0,1,0,1,1,0,1,0,1,0,1,0,1,0,1,0,0,1,0,1,0,0
38.93706,-123.118111,53,53.6,2879.2,0,5183,0,0,0,0,0,1,0,0,0,0,1,0,1,0,1,0,1,0,1,0,0,1,0,1,0,1,0
38.505995,-123.187019,5,19.45,86.05,0,4573,1,0,1,1,1,0,0,0,1,1,0,1,0,1,0,1,0,1,0,1,0,0,0,0,0,0,1
38.93496,-122.792243,49,88.2,4159.45,0,5987,1,1,1,0,1,0,1,1,0,0,1,0,1,0,1,0,0,0,0,0,0,0,0,1,0,1,0
38.419525,-122.521585,62,101.15,6638.35,0,5735,0,0,1,1,1,0,1,1,0,0,1,0,0,0,0,0,0,0,1,0,1,0,1,1,0,0,0
39.080469,-122.955176,55,56.8,3112.05,0,4702,0,0,1,0,1,0,0,0,0,0,1,0,1,0,0,0,1,0,0,0,0,0,1,0,0,0,1
39.806141,-123.531098,71,99.4,7168.25,0,4964,0,1,1,0,1,0,0,1,0,0,1,0,1,0,1,0,1,0,1,0,0,0,1,1,0,1,0
39.245911,-123.77214,72,20.1,1326.25,0,4603,0,0,1,1,1,0,0,0,1,1,0,1,0,1,0,1,0,1,0,1,0,0,1,1,1,0,0
38.925545,-122.549083,36,60.7,2234.55,0,3671,1,0,1,0,0,1,0,0,0,0,1,0,0,0,1,0,1,0,1,0,1,1,0,0,1,0,0
39.141934,-122.770679,25,20.95,495.15,0,5682,1,0,1,0,1,0,0,0,1,1,0,1,0,1,0,1,0,1,0,1,0,1,0,1,0,0,0
38.966713,-123.586412,72,114.85,8317.95,0,4796,0,1,1,0,1,0,1,1,0,0,1,0,1,0,1,0,1,0,1,0,1,0,1,1,0,0,0
39.305545,-123.743697,36,19.25,679.8,0,4904,0,0,0,0,1,0,0,0,1,1,0,1,0,1,0,1,0,1,0,1,0,1,0,1,0,0,0
38.787446,-122.58675,1,62.8,62.8,0,2438,1,0,0,0,1,0,0,0,0,0,0,0,0,0,0,0,0,0,1,0,1,0,0,1,0,0,1
38.471049,-123.015549,72,105.5,7544.0,0,5551,0,0,1,0,1,0,1,1,0,0,1,0,0,0,1,0,0,0,1,0,1,0,1,1,0,1,0
39.182916,-123.552571,59,19.85,1188.25,0,6144,1,0,1,1,1,0,0,0,1,1,0,1,0,1,0,1,0,1,0,1,0,0,1,0,0,0,1
38.415003,-122.998726,1,74.1,74.1,0,2900,0,0,0,0,1,0,0,0,0,0,0,0,0,0,1,0,1,0,1,0,1,1,0,0,1,0,0
39.094102,-123.500853,30,107.5,3242.5,0,3094,0,0,1,1,1,0,1,1,0,0,0,0,1,0,1,0,1,0,1,0,1,0,0,1,0,1,0
38.911299,-123.609588,64,19.55,1240.15,0,6036,1,0,0,0,1,0,0,0,1,1,0,1,0,1,0,1,0,1,0,1,0,0,1,0,0,0,1
39.408634,-123.045516,63,68.8,4111.35,0,5082,1,0,0,0,1,0,1,0,0,0,1,0,1,0,1,0,1,0,0,0,0,1,0,0,0,0,0
39.298065,-123.25211,72,84.45,5899.85,0,5856,1,1,1,0,1,0,1,0,0,0,1,0,1,0,1,0,0,0,1,0,1,0,1,0,1,0,0
38.398815,-122.861923,62,84.5,5193.2,0,5466,0,0,0,0,1,0,1,0,0,0,0,0,1,0,1,0,1,0,1,0,1,0,1,0,0,0,0
38.25485,-122.461799,67,111.2,7530.8,0,6060,1,0,1,1,1,0,1,1,0,0,0,0,1,0,1,0,1,0,1,0,1,0,1,1,0,0,0
39.220368,-122.907693,70,80.6,5460.2,0,5880,0,0,1,0,1,0,1,0,0,0,1,0,0,0,0,0,1,0,1,0,1,0,1,1,0,0,0
39.724433,-123.767578,20,80.7,1614.2,0,3111,0,1,0,0,1,0,0,1,0,0,0,0,0,0,0,0,0,0,1,0,0,0,0,0,0,0,0
39.492046,-123.375818,5,75.6,402.5,0,3469,0,0,0,0,1,0,1,1,0,0,0,0,0,0,0,0,0,0,0,0,0,0,0,0,0,1,0
38.527297,-122.810044,24,57.6,1367.75,0,5623,0,0,1,0,0,1,0,0,0,0,1,0,1,0,1,0,0,0,1,0,1,1,0,0,0,1,0
38.888351,-123.239647,72,110.6,7962.2,0,5444,1,0,1,0,1,0,1,1,0,0,0,0,1,0,1,0,1,0,1,0,1,0,1,1,1,0,0
38.696659,-123.436861,66,58.2,3810.8,0,5313,0,0,1,0,1,0,0,0,0,0,1,0,1,0,0,0,1,0,0,0,0,0,1,1,1,0,0
40.796621,-124.15428,45,81.0,3533.6,0,2934,0,0,1,0,1,0,0,0,0,0,1,0,0,0,1,0,1,0,1,0,1,0,1,1,0,0,1
40.737431,-124.108897,69,19.7,1396.9,0,4131,0,0,1,1,1,0,0,0,1,1,0,1,0,1,0,1,0,1,0,1,0,0,1,0,0,0,0
40.309088,-123.668201,28,59.55,1646.45,0,3354,0,0,0,0,1,0,0,0,0,0,0,0,0,0,1,0,0,0,1,0,0,0,0,1,0,0,0
40.839958,-124.003757,36,75.55,2680.15,0,3235,0,0,0,0,1,0,0,0,0,0,1,0,1,0,1,0,1,0,0,0,1,1,0,1,0,0,1
40.854512,-123.450097,42,45.1,2049.05,0,3844,1,0,1,0,0,1,0,0,0,0,0,0,1,0,1,0,0,0,0,0,1,1,0,1,1,0,0
40.497283,-123.93037,48,70.95,3629.2,0,2667,1,0,0,0,1,0,1,0,0,0,1,0,0,0,0,0,1,0,0,0,1,1,0,1,0,0,0
40.726949,-124.217378,11,20.9,202.3,0,5359,0,0,1,1,1,0,0,0,1,1,0,1,0,1,0,1,0,1,0,1,0,0,1,0,1,0,0
40.584991,-124.121504,7,19.95,147.5,0,3331,1,0,0,0,1,0,0,0,1,1,0,1,0,1,0,1,0,1,0,1,0,0,0,1,0,0,1
40.057784,-123.679461,3,24.6,86.35,0,5756,0,0,0,0,1,0,1,0,1,1,0,1,0,1,0,1,0,1,0,1,0,0,0,0,0,0,1
41.867908,-123.794144,8,66.7,579.0,0,4490,1,0,0,0,1,0,0,0,0,0,1,0,0,0,1,0,0,0,0,0,1,0,0,1,0,1,0
41.163637,-123.704841,32,94.8,3131.55,0,5288,1,0,1,1,1,0,0,1,0,0,1,0,1,0,1,0,0,0,0,0,1,1,0,0,0,0,1
40.557314,-124.081662,60,65.85,3928.3,0,4053,1,0,1,0,1,0,0,0,0,0,1,0,1,0,1,0,1,0,0,0,0,1,0,1,0,0,0
41.572813,-124.035011,10,19.95,187.75,0,3831,0,0,1,0,1,0,0,0,1,1,0,1,0,1,0,1,0,1,0,1,0,0,0,1,0,0,0
40.664483,-123.865325,71,24.65,1710.15,0,4015,0,0,1,0,1,0,1,0,1,1,0,1,0,1,0,1,0,1,0,1,0,0,1,1,0,0,0
40.390301,-123.412327,43,51.25,2151.6,0,5656,0,0,1,0,0,1,0,0,0,0,1,0,1,0,0,0,1,0,1,0,0,1,0,1,0,0,0
40.267158,-123.805913,23,54.25,1221.55,0,5140,0,0,1,0,1,0,0,0,0,0,0,0,0,0,1,0,1,0,0,0,0,0,0,0,0,1,0
41.336354,-124.044354,72,19.4,1496.45,0,5398,0,0,1,0,1,0,0,0,1,1,0,1,0,1,0,1,0,1,0,1,0,0,1,0,0,0,0
41.269521,-123.546958,22,56.25,1292.2,0,3733,1,0,1,0,1,0,0,0,0,0,1,0,0,0,0,0,1,0,0,0,0,1,0,1,1,0,0
40.274302,-124.210902,1,25.15,25.15,0,3513,0,0,0,0,0,1,0,0,0,0,0,0,0,0,0,0,0,0,0,0,0,0,0,1,0,0,1
40.184094,-123.745487,69,23.95,1713.1,0,6059,1,0,0,0,1,0,1,0,1,1,0,1,0,1,0,1,0,1,0,1,0,0,1,0,0,0,0
40.142256,-123.852927,50,35.4,1748.9,0,5052,1,0,0,0,0,1,0,0,0,0,1,0,0,0,0,0,1,0,0,0,0,1,0,1,0,0,1
40.809636,-124.189977,15,75.35,1114.55,0,4891,0,0,1,0,1,0,0,1,0,0,0,0,1,0,0,0,0,0,0,0,0,0,0,0,0,0,0
40.440636,-124.098739,31,20.4,609.1,0,5363,1,0,0,0,1,0,0,0,1,1,0,1,0,1,0,1,0,1,0,1,0,0,1,0,0,0,0
40.363446,-123.835041,0,56.05,1397.475,0,4740,0,0,1,0,0,1,0,0,0,0,1,0,1,0,1,0,1,0,1,0,0,0,1,0,1,0,0
40.310119,-123.909449,8,20.0,141.6,0,3087,0,0,0,0,1,0,0,0,1,1,0,1,0,1,0,1,0,1,0,1,0,0,1,0,0,0,1
40.949012,-123.655847,64,73.05,4688.65,0,4515,1,0,1,0,1,0,0,0,0,0,1,0,0,0,1,0,0,0,1,0,1,1,0,1,1,0,0
39.873371,-123.741474,28,20.5,563.05,0,5145,0,0,1,0,1,0,0,0,1,1,0,1,0,1,0,1,0,1,0,1,0,0,0,0,0,0,1
39.955587,-123.681175,57,100.75,5985.0,0,6354,0,0,1,0,1,0,1,1,0,0,0,0,0,0,1,0,0,0,1,0,1,1,0,1,1,0,0
40.170357,-123.417298,19,19.95,373.5,0,2831,1,0,0,0,1,0,0,0,1,1,0,1,0,1,0,1,0,1,0,1,0,0,1,1,0,0,1
38.99003,-121.114408,51,49.65,2553.35,0,5528,0,0,1,0,0,1,0,0,0,0,0,0,1,0,0,0,0,0,1,0,1,0,0,1,0,1,0
38.912881,-121.082766,67,65.65,4322.85,0,5441,0,0,1,0,1,0,1,0,0,0,1,0,1,0,1,0,0,0,0,0,0,0,1,0,0,0,1
38.592745,-121.540036,11,20.45,250.8,0,2606,1,0,1,1,1,0,0,0,1,1,0,1,0,1,0,1,0,1,0,1,0,0,0,1,0,1,0
38.809804,-122.241383,72,60.95,4549.05,0,4147,1,0,1,0,0,1,0,0,0,0,1,0,0,0,1,0,1,0,1,0,1,0,1,0,0,0,0
38.681651,-122.130569,66,20.35,1359.5,0,4845,1,0,1,0,1,0,0,0,1,1,0,1,0,1,0,1,0,1,0,1,0,1,0,1,0,1,0
38.69508,-121.271616,9,19.5,178.85,0,4283,0,0,0,0,1,0,0,0,1,1,0,1,0,1,0,1,0,1,0,1,0,0,0,1,0,1,0
38.384648,-121.578701,9,75.2,633.85,0,5841,0,0,0,0,1,0,1,1,0,0,0,0,0,0,0,0,0,0,0,0,0,0,0,1,1,0,0
38.880622,-120.973865,48,111.45,5315.1,0,2319,1,0,1,0,1,0,1,1,0,0,1,0,1,0,1,0,0,0,1,0,1,0,0,1,0,0,0
38.311609,-121.554034,10,70.15,735.5,0,3963,1,0,0,0,1,0,0,1,0,0,0,0,0,0,0,0,0,0,0,0,0,0,0,0,0,0,1
38.69549,-121.307864,72,92.0,6474.4,0,6434,0,0,1,0,1,0,1,0,0,0,1,0,1,0,1,0,1,0,1,0,1,0,1,0,0,0,0
38.63153,-120.842609,51,85.5,4421.95,0,6261,0,0,1,0,1,0,0,0,0,0,1,0,1,0,1,0,1,0,1,0,1,0,1,0,1,0,0
38.734997,-121.463719,61,82.15,4904.85,0,4250,1,1,1,0,1,0,1,1,0,0,0,0,1,0,0,0,0,0,0,0,0,0,0,1,0,1,0
38.834469,-122.127193,54,84.4,4484.05,0,4154,1,0,0,0,1,0,0,1,0,0,1,0,0,0,1,0,1,0,0,0,0,1,0,0,0,1,0
38.652065,-121.25441,33,60.9,2033.85,0,3009,0,0,0,0,1,0,1,0,0,0,1,0,1,0,0,0,0,0,0,0,0,0,0,1,0,0,1
38.513484,-120.704613,27,20.25,538.2,0,5250,0,0,0,0,1,0,0,0,1,1,0,1,0,1,0,1,0,1,0,1,0,0,1,1,0,0,0
39.031876,-120.811141,23,95.3,2192.9,0,5029,1,0,0,0,1,0,0,1,0,0,0,0,1,0,0,0,0,0,1,0,1,0,0,0,0,0,1
38.274451,-121.259201,1,19.85,19.85,0,4840,1,0,0,1,1,0,0,0,1,1,0,1,0,1,0,1,0,1,0,1,0,0,0,0,0,0,1
38.852544,-120.837669,45,84.35,3858.05,0,3403,1,0,1,0,1,0,0,0,0,0,1,0,1,0,1,0,1,0,1,0,1,0,1,1,0,0,1
38.9386,-120.785514,39,19.85,854.8,0,3032,0,0,1,1,1,0,0,0,1,1,0,1,0,1,0,1,0,1,0,1,0,0,1,1,0,0,0
38.636102,-120.522149,72,82.3,5815.15,0,4162,1,0,1,0,1,0,1,0,0,0,1,0,1,0,1,0,1,0,1,0,0,0,1,0,0,0,0
38.830739,-122.196202,58,66.8,3970.4,0,6433,0,0,1,1,1,0,1,0,0,0,0,0,1,0,0,0,0,0,1,0,0,0,0,1,0,0,0
38.313447,-121.123886,70,44.6,3058.15,0,4442,0,0,0,0,0,1,0,0,0,0,1,0,1,0,1,0,1,0,0,0,0,0,1,1,0,0,0
38.375325,-121.507935,61,98.45,6145.2,0,4000,1,0,1,1,1,0,0,1,0,0,0,0,1,0,0,0,1,0,1,0,1,1,0,1,0,0,0
38.33788,-120.954202,2,70.7,129.2,0,2388,1,0,0,0,1,0,0,1,0,0,0,0,0,0,0,0,0,0,0,0,0,0,0,0,0,0,1
38.154823,-121.601358,46,24.95,1165.9,0,3979,0,0,1,0,1,0,1,0,1,1,0,1,0,1,0,1,0,1,0,1,0,1,0,0,0,0,1
38.631489,-120.015167,48,102.5,4904.25,0,3262,0,0,0,0,1,0,0,1,0,0,1,0,0,0,1,0,1,0,1,0,1,0,1,1,1,0,0
38.922812,-121.312005,64,86.55,5632.55,0,4934,1,0,0,0,1,0,1,0,0,0,0,0,1,0,1,0,1,0,1,0,1,0,1,0,1,0,0
38.809175,-121.171375,72,24.3,1643.25,0,5160,1,0,1,1,1,0,1,0,1,1,0,1,0,1,0,1,0,1,0,1,0,0,1,0,0,0,0
38.815515,-120.916997,12,58.35,740.55,0,5068,0,0,1,1,1,0,0,0,0,0,0,0,0,0,1,0,0,0,1,0,0,0,0,1,1,0,0
38.549822,-121.266725,72,68.75,4888.2,0,4505,0,0,1,0,1,0,0,0,0,0,1,0,1,0,1,0,0,0,0,0,1,0,1,0,1,0,0
38.883224,-121.15918,29,85.8,2440.25,0,2568,1,0,1,0,1,0,1,1,0,0,0,0,1,0,1,0,0,0,0,0,0,0,0,1,0,1,0
38.788898,-121.608624,33,20.1,620.55,0,3636,1,0,1,0,1,0,0,0,1,1,0,1,0,1,0,1,0,1,0,1,0,1,0,0,1,0,0
38.671295,-121.388251,1,20.35,20.35,0,5774,0,0,0,0,1,0,0,0,1,1,0,1,0,1,0,1,0,1,0,1,0,0,0,0,0,0,1
38.736685,-121.251984,62,110.8,6840.95,0,4306,0,0,1,1,1,0,1,1,0,0,0,0,1,0,1,0,1,0,1,0,1,1,0,1,0,1,0
38.803731,-121.043799,4,82.85,319.6,0,3154,0,0,0,0,1,0,0,1,0,0,0,0,0,0,1,0,0,0,0,0,1,0,0,1,1,0,0
38.400264,-120.641274,24,84.35,1938.05,0,2198,0,0,0,0,1,0,1,1,0,0,1,0,0,0,0,0,1,0,0,0,0,0,0,1,0,1,0
38.546999,-120.271114,14,19.55,294.5,0,5620,0,0,1,0,1,0,0,0,1,1,0,1,0,1,0,1,0,1,0,1,0,1,0,0,0,0,1
38.733714,-120.795213,3,19.95,58.3,0,4430,1,0,0,1,1,0,0,0,1,1,0,1,0,1,0,1,0,1,0,1,0,0,0,0,0,0,1
38.602723,-121.279913,8,66.25,546.45,0,3026,1,0,0,0,1,0,0,0,0,0,0,0,0,0,0,0,0,0,1,0,1,0,0,1,0,1,0
38.724322,-120.991237,35,23.3,797.1,0,2416,0,0,0,0,1,0,1,0,1,1,0,1,0,1,0,1,0,1,0,1,0,0,1,0,0,0,0
38.954144,-121.482536,66,25.3,1673.8,0,6019,1,0,0,1,1,0,1,0,1,1,0,1,0,1,0,1,0,1,0,1,0,0,1,1,1,0,0
38.545775,-120.743325,8,44.55,343.45,0,5489,1,0,0,0,0,1,0,0,0,0,1,0,0,0,0,0,1,0,0,0,1,0,1,1,0,0,1
38.7904,-121.236973,71,104.1,7412.25,0,4695,0,0,1,0,1,0,1,1,0,0,1,0,0,0,1,0,0,0,1,0,1,1,0,1,1,0,0
38.759751,-121.288545,43,92.55,4039.0,0,3853,0,0,1,1,1,0,1,1,0,0,0,0,0,0,1,0,0,0,0,0,1,0,0,1,0,0,0
38.598936,-120.963092,29,101.45,2948.6,0,5285,1,1,0,0,1,0,0,1,0,0,0,0,1,0,1,0,0,0,1,0,1,0,0,1,0,0,0
38.606703,-120.586659,65,94.55,6078.75,0,4603,1,0,1,1,1,0,1,1,0,0,1,0,1,0,1,0,1,0,0,0,0,0,1,0,1,0,0
38.432145,-120.77069,35,95.5,3418.2,0,3715,1,0,0,0,1,0,1,1,0,0,0,0,0,0,1,0,1,0,1,0,0,0,0,0,0,1,0
38.157794,-121.520223,64,100.3,6603.8,0,4986,1,0,0,0,1,0,0,1,0,0,1,0,1,0,0,0,0,0,1,0,1,1,0,1,1,0,0
38.333133,-121.920151,58,55.5,3166.9,0,4080,0,0,1,0,0,1,0,0,0,0,0,0,0,0,1,0,1,0,1,0,1,0,1,1,1,0,0
38.419088,-122.024568,18,49.85,865.75,0,3283,0,1,0,0,1,0,0,0,0,0,0,0,1,0,0,0,0,0,0,0,0,0,0,1,1,0,0
38.481902,-120.603668,67,89.55,6373.1,0,6111,1,0,1,1,1,0,1,1,0,0,0,0,1,0,0,0,0,0,0,0,1,0,0,1,0,0,0
38.240419,-121.587535,63,19.15,1177.05,0,6373,1,0,1,1,1,0,0,0,1,1,0,1,0,1,0,1,0,1,0,1,0,0,1,1,0,0,1
38.627951,-121.593287,60,99.8,5985.75,0,6213,0,0,1,0,1,0,1,1,0,0,0,0,1,0,0,0,0,0,1,0,1,0,0,1,0,1,0
38.392559,-121.225093,70,113.05,7869.05,0,4203,0,0,1,1,1,0,1,1,0,0,1,0,1,0,1,0,1,0,1,0,1,0,1,1,1,0,0
38.71967,-121.862416,48,19.95,936.7,0,3396,0,0,0,0,1,0,0,0,1,1,0,1,0,1,0,1,0,1,0,1,0,1,0,0,0,0,1
39.218096,-120.79153,12,74.15,741.4,0,5426,1,0,1,0,1,0,0,0,0,0,0,0,0,0,1,0,1,0,1,0,1,0,0,1,0,1,0
38.983388,-120.988814,71,92.0,6585.2,0,4322,1,1,1,0,1,0,1,1,0,0,1,0,1,0,1,0,1,0,0,0,0,1,0,1,0,1,0
38.748316,-120.675512,44,73.85,3122.4,0,4374,1,1,0,0,1,0,0,1,0,0,0,0,0,0,1,0,0,0,0,0,0,0,0,0,0,1,0
39.197215,-120.83679,45,24.45,1088.25,0,3586,1,0,1,1,1,0,1,0,1,1,0,1,0,1,0,1,0,1,0,1,0,0,1,0,0,0,1
39.23754,-120.720196,23,24.8,615.35,0,4402,0,0,0,0,1,0,1,0,1,1,0,1,0,1,0,1,0,1,0,1,0,1,0,0,1,0,0
39.170376,-120.838404,43,64.85,2908.2,0,4000,0,0,1,0,1,0,1,0,0,0,0,0,0,0,0,0,1,0,1,0,0,1,0,1,0,0,0
38.766036,-120.209673,35,20.75,739.9,0,5876,1,0,0,0,1,0,0,0,1,1,0,1,0,1,0,1,0,1,0,1,0,0,0,0,0,0,0
38.851842,-120.076204,9,68.95,593.85,0,2452,1,0,1,0,1,0,0,0,0,0,1,0,1,0,0,0,1,0,1,0,0,0,0,1,0,0,1
38.733908,-120.453416,65,109.4,7227.45,0,4452,0,1,1,0,1,0,1,1,0,0,1,0,1,0,1,0,0,0,1,0,1,0,0,1,1,0,0
38.805481,-120.13287,27,49.0,1291.35,0,5428,1,0,0,0,1,0,1,0,0,0,0,0,0,0,0,0,0,0,0,0,0,0,0,0,0,0,1
39.00978,-120.978273,40,50.25,2023.55,0,2449,0,0,0,0,1,0,0,0,0,0,0,0,0,0,1,0,0,0,0,0,0,1,0,1,0,0,1
38.749466,-121.184196,8,19.9,153.95,0,3152,1,0,1,0,1,0,0,0,1,1,0,1,0,1,0,1,0,1,0,1,0,1,0,0,1,0,0
38.784329,-121.373245,58,97.8,5458.8,0,6019,0,1,1,0,1,0,1,1,0,0,0,0,1,0,0,0,0,0,1,0,1,1,0,1,0,0,0
38.35363,-121.44195,52,100.3,5244.45,0,4811,0,0,1,1,1,0,0,1,0,0,1,0,0,0,1,0,0,0,1,0,1,1,0,0,0,1,0
38.684437,-121.055634,3,55.8,154.55,0,2662,1,0,1,0,1,0,0,0,0,0,0,0,0,0,1,0,1,0,0,0,0,0,0,1,0,0,1
38.823278,-121.281856,41,111.15,4507.15,0,5038,1,0,0,1,1,0,0,1,0,0,1,0,1,0,1,0,1,0,1,0,1,0,1,1,0,1,0
38.694081,-121.694431,20,98.55,2031.95,0,3300,1,0,0,0,1,0,1,1,0,0,0,0,0,0,0,0,1,0,1,0,1,0,0,1,0,0,1
38.584505,-121.491956,1,50.05,50.05,0,5523,1,0,0,1,1,0,1,0,0,0,0,0,0,0,0,0,0,0,0,0,0,0,0,1,0,1,0
38.574856,-121.46504,23,20.85,473.9,0,4263,1,0,0,0,1,0,0,0,1,1,0,1,0,1,0,1,0,1,0,1,0,0,0,0,0,1,0
38.550722,-121.457314,6,19.5,106.8,0,3288,0,1,0,0,1,0,0,0,1,1,0,1,0,1,0,1,0,1,0,1,0,0,0,0,0,0,0
38.556306,-121.495817,8,19.35,152.6,0,5416,1,0,1,1,1,0,0,0,1,1,0,1,0,1,0,1,0,1,0,1,0,0,0,1,0,0,1
38.567594,-121.437507,18,69.5,1199.4,0,4466,1,0,0,0,1,0,1,0,0,0,1,0,0,0,1,0,0,0,1,0,0,0,0,0,0,0,1
38.53508,-121.444144,52,48.8,2555.05,0,4865,1,1,0,0,0,1,0,0,0,0,1,0,0,0,0,0,0,0,1,0,1,0,0,1,1,0,0
38.625096,-121.383658,31,94.5,2979.2,0,3949,1,0,0,0,1,0,0,1,0,0,0,0,1,0,0,0,0,0,1,0,1,0,0,1,0,1,0
38.512569,-121.495184,29,20.65,654.85,0,4667,1,0,1,1,1,0,0,0,1,1,0,1,0,1,0,1,0,1,0,1,0,0,0,1,0,0,1
38.475465,-121.443625,36,106.05,3834.4,0,4505,0,0,1,0,1,0,1,1,0,0,1,0,1,0,1,0,1,0,0,0,1,0,1,1,1,0,0
38.590035,-121.412455,42,108.3,4586.15,0,5106,1,0,1,0,1,0,1,1,0,0,0,0,0,0,1,0,1,0,1,0,1,1,0,1,0,1,0
38.549185,-121.328386,60,99.65,5941.05,0,4616,0,0,0,0,1,0,0,1,0,0,0,0,1,0,1,0,0,0,1,0,1,0,1,1,0,1,0
38.486502,-121.334051,22,95.9,2234.95,0,3207,1,0,1,0,1,0,1,1,0,0,1,0,0,0,0,0,1,0,1,0,0,0,0,0,1,0,0
38.490508,-121.284171,36,20.0,666.75,0,4175,1,0,1,0,1,0,0,0,1,1,0,1,0,1,0,1,0,1,0,1,0,1,0,0,0,0,1
38.445939,-121.496855,9,64.95,547.8,0,3013,1,0,0,0,1,0,0,0,0,0,1,0,0,0,0,0,1,0,0,0,1,0,0,0,0,0,1
38.619049,-121.517552,1,74.6,74.6,0,5494,1,0,1,1,1,0,0,1,0,0,0,0,1,0,0,0,0,0,0,0,0,0,0,0,1,0,0
38.646209,-121.52446,12,49.2,571.15,0,3582,1,0,1,1,1,0,0,0,0,0,1,0,0,0,0,0,0,0,0,0,0,0,0,1,0,1,0
38.685069,-121.543709,23,73.75,1756.6,0,3483,0,0,0,0,1,0,1,0,0,0,0,0,0,0,0,0,1,0,1,0,1,1,0,1,0,0,1
38.691607,-121.602284,62,92.3,5731.45,0,6468,1,0,0,0,1,0,1,1,0,0,1,0,1,0,0,0,0,0,0,0,1,1,0,1,0,0,0
38.660442,-121.346321,8,19.2,156.85,0,2879,0,0,0,0,1,0,0,0,1,1,0,1,0,1,0,1,0,1,0,1,0,0,0,0,0,0,1
38.687367,-121.34848,31,88.65,2683.2,0,4821,1,0,1,0,1,0,1,1,0,0,0,0,0,0,1,0,0,0,1,0,0,0,0,0,1,0,0
39.19514,-121.503883,45,95.95,4456.65,0,5322,1,0,1,1,1,0,1,1,0,0,0,0,1,0,1,0,0,0,0,0,1,0,0,1,0,0,0
39.125311,-121.392283,69,105.4,6998.95,0,5467,0,1,1,0,1,0,1,1,0,0,0,0,1,0,0,0,1,0,1,0,1,0,1,0,1,0,0
39.467828,-120.841386,2,20.25,36.8,0,5736,1,0,0,0,1,0,0,0,1,1,0,1,0,1,0,1,0,1,0,1,0,0,0,0,0,0,1
39.657228,-121.37778,44,49.05,2265.0,0,3910,0,0,0,0,0,1,0,0,0,0,0,0,0,0,1,0,0,0,1,0,1,1,0,1,0,1,0
39.457388,-121.818201,39,35.55,1309.15,0,3752,1,0,0,0,0,1,0,0,0,0,0,0,0,0,1,0,1,0,0,0,0,1,0,0,0,0,1
39.292334,-121.320597,72,65.1,4754.3,0,4969,1,0,1,0,0,1,0,0,0,0,1,0,1,0,1,0,1,0,1,0,1,0,1,1,1,0,0
39.440687,-121.263583,13,96.85,1235.55,0,3098,0,1,0,0,1,0,0,1,0,0,0,0,0,0,1,0,0,0,1,0,1,0,0,1,0,1,0
39.449794,-121.936372,51,69.75,3562.5,0,5628,0,0,1,0,1,0,0,0,0,0,1,0,1,0,0,0,1,0,0,0,1,1,0,1,1,0,0
39.432127,-121.099287,71,99.2,7213.75,0,4951,0,1,1,0,1,0,0,1,0,0,0,0,1,0,1,0,0,0,1,0,1,0,1,1,0,1,0
39.745712,-121.84333,56,106.8,5914.4,0,6161,0,0,0,0,1,0,1,1,0,0,0,0,1,0,1,0,0,0,1,0,1,1,0,1,0,1,0
39.681488,-121.83721,1,51.25,51.25,0,4483,1,0,0,0,1,0,0,0,0,0,1,0,0,0,0,0,0,0,0,0,0,0,0,0,0,0,1
39.562239,-121.14836,23,57.75,1282.85,0,3794,0,0,1,0,1,0,0,0,0,0,1,0,1,0,0,0,1,0,0,0,0,1,0,1,0,0,1
39.273096,-122.050763,66,70.85,4738.85,0,5572,0,1,1,0,1,0,1,0,0,0,0,0,1,0,1,0,0,0,1,0,0,1,0,1,0,0,0
40.080342,-120.957805,1,19.55,19.55,0,5750,0,0,0,0,1,0,0,0,1,1,0,1,0,1,0,1,0,1,0,1,0,0,0,0,0,0,1
39.578792,-120.780786,11,79.5,795.65,0,2278,1,0,0,0,1,0,0,1,0,0,1,0,0,0,1,0,0,0,0,0,0,0,0,1,0,0,0
39.607831,-121.777959,52,98.15,4993.4,0,5123,0,0,1,1,1,0,1,1,0,0,1,0,1,0,1,0,0,0,0,0,1,0,0,0,0,0,0
39.53222,-122.594879,3,20.25,61.45,0,4050,1,0,0,0,1,0,0,0,1,1,0,1,0,1,0,1,0,1,0,1,0,0,0,1,0,1,0
39.531028,-121.24807,51,79.15,4018.55,0,6321,0,0,1,1,1,0,0,1,0,0,1,0,1,0,0,0,0,0,0,0,0,0,0,1,0,0,0
39.597975,-122.032248,64,94.25,6081.4,0,6020,1,1,1,0,1,0,1,1,0,0,0,0,1,0,1,0,0,0,0,0,1,0,0,1,0,1,0
39.564113,-120.868836,37,40.2,1478.85,0,5924,0,0,0,0,0,1,0,0,0,0,0,0,0,0,1,0,0,0,0,0,1,0,0,1,1,0,0
39.194539,-120.988066,13,19.95,243.65,0,2884,1,0,0,0,1,0,0,0,1,1,0,1,0,1,0,1,0,1,0,1,0,0,1,0,0,0,1
39.203817,-121.19584,49,55.35,2633.95,0,5601,1,0,1,0,1,0,1,0,0,0,1,0,0,0,0,0,0,0,0,0,0,1,0,1,0,1,0
40.160386,-120.835428,45,102.15,4735.35,0,5391,0,1,0,0,1,0,1,1,0,0,0,0,0,0,1,0,0,0,1,0,1,1,0,1,0,0,0
39.346898,-121.759537,18,71.1,1247.75,0,4911,0,0,0,0,1,0,0,1,0,0,0,0,0,0,0,0,0,0,0,0,0,0,0,1,0,1,0
39.033058,-121.895718,68,54.1,3794.5,0,4601,1,0,1,0,0,1,0,0,0,0,1,0,0,0,1,0,0,0,1,0,1,0,1,1,0,0,0
39.732767,-122.042298,54,19.65,1008.7,0,5708,1,0,0,0,1,0,0,0,1,1,0,1,0,1,0,1,0,1,0,1,0,0,1,0,1,0,0
39.258746,-121.77697,23,88.45,2130.55,0,3937,0,1,1,1,1,0,0,1,0,0,0,0,1,0,1,0,0,0,0,0,1,0,0,1,0,0,0
39.281194,-122.226568,71,80.4,5727.15,0,5228,1,0,1,0,1,0,1,0,0,0,1,0,1,0,1,0,1,0,0,0,1,0,1,0,1,0,0
39.937017,-121.058043,67,19.25,1372.9,0,5154,0,0,1,1,1,0,0,0,1,1,0,1,0,1,0,1,0,1,0,1,0,0,1,1,0,0,0
39.068071,-121.832638,14,84.8,1203.9,0,2452,0,0,1,1,1,0,1,1,0,0,0,0,0,0,0,0,0,0,1,0,0,0,0,1,0,1,0
39.423046,-120.984472,63,19.5,1215.1,0,4370,0,0,0,1,1,0,0,0,1,1,0,1,0,1,0,1,0,1,0,1,0,0,1,0,1,0,0
39.082568,-121.55325,41,68.6,2877.05,0,4572,0,0,0,0,1,0,1,0,0,0,0,0,0,0,1,0,1,0,0,0,1,1,0,1,0,1,0
39.342587,-121.249833,17,92.6,1579.7,0,4756,0,0,1,0,1,0,1,1,0,0,0,0,0,0,0,0,0,0,1,0,1,0,0,0,0,1,0
39.748037,-122.302169,56,100.55,5514.95,0,4847,1,0,1,0,1,0,1,1,0,0,1,0,0,0,0,0,0,0,1,0,1,1,0,1,0,1,0
39.624561,-121.552866,5,20.55,96.1,0,5967,0,0,0,0,1,0,0,0,1,1,0,1,0,1,0,1,0,1,0,1,0,0,0,0,1,0,0
39.435756,-121.552071,3,19.6,55.25,0,2941,0,0,1,0,1,0,0,0,1,1,0,1,0,1,0,1,0,1,0,1,0,0,0,1,0,0,1
39.69676,-121.644379,37,67.45,2443.3,0,5042,1,0,0,0,1,0,1,0,0,0,1,0,1,0,1,0,1,0,0,0,0,1,0,0,0,1,0
39.971228,-121.041166,8,43.55,335.4,0,3266,1,0,0,0,1,0,0,0,0,0,0,0,0,0,0,0,0,0,0,0,0,0,0,0,0,0,1
39.903272,-121.843567,63,109.85,7002.95,0,5775,0,0,0,0,1,0,1,1,0,0,0,0,1,0,1,0,1,0,1,0,1,0,0,1,1,0,0
39.495768,-121.747472,7,20.65,158.95,0,4058,0,0,1,1,1,0,0,0,1,1,0,1,0,1,0,1,0,1,0,1,0,0,0,0,0,0,1
39.225634,-121.156163,3,95.4,293.15,0,2813,0,0,0,0,1,0,0,1,0,0,0,0,1,0,0,0,0,0,1,0,1,0,0,0,0,1,0
39.176595,-121.291692,72,21.0,1493.75,0,4974,1,0,1,1,1,0,0,0,1,1,0,1,0,1,0,1,0,1,0,1,0,0,1,0,0,0,0
39.904002,-121.527823,19,56.2,1093.4,0,3384,0,0,0,0,1,0,0,0,0,0,0,0,0,0,0,0,0,0,0,0,1,0,0,1,0,1,0
39.288127,-122.415841,59,18.4,1057.85,0,4375,0,0,1,0,1,0,0,0,1,1,0,1,0,1,0,1,0,1,0,1,0,0,1,0,0,0,0
39.172777,-121.805845,35,25.75,882.55,0,4194,0,0,1,1,1,0,1,0,1,1,0,1,0,1,0,1,0,1,0,1,0,0,0,1,0,1,0
40.053684,-120.743116,14,19.6,300.4,0,2847,1,0,0,0,1,0,0,0,1,1,0,1,0,1,0,1,0,1,0,1,0,0,0,0,1,0,0
39.34128,-120.786867,69,19.8,1436.95,0,5423,0,0,1,1,1,0,0,0,1,1,0,1,0,1,0,1,0,1,0,1,0,0,1,0,1,0,0
39.117537,-122.284654,7,64.2,475.0,0,5116,1,1,1,0,1,0,1,0,0,0,1,0,1,0,0,0,1,0,0,0,0,0,0,0,0,1,0
39.493991,-122.286363,69,75.75,5388.15,0,5839,1,0,1,0,1,0,0,0,0,0,1,0,1,0,1,0,1,0,1,0,0,0,1,1,0,0,0
39.02741,-121.614982,72,78.95,5730.15,0,5050,0,0,1,0,1,0,1,0,0,0,0,0,1,0,0,0,1,0,1,0,1,0,1,1,0,1,0
40.587919,-122.464732,4,50.3,217.1,0,3147,0,0,1,1,1,0,0,0,0,0,1,0,0,0,0,0,0,0,0,0,0,0,0,0,0,1,0
40.527834,-122.318749,63,80.3,4896.35,0,5157,1,0,1,1,1,0,0,1,0,0,0,0,1,0,1,0,0,0,0,0,0,0,0,1,1,0,0
40.677649,-122.29467,72,19.85,1434.1,0,4790,1,0,0,0,1,0,0,0,1,1,0,1,0,1,0,1,0,1,0,1,0,0,1,0,0,0,0
41.171578,-120.913161,46,21.1,937.1,0,4791,0,0,0,0,1,0,0,0,1,1,0,1,0,1,0,1,0,1,0,1,0,0,1,1,0,1,0
40.722733,-122.109666,30,50.0,1474.9,0,4715,1,0,1,0,1,0,0,0,0,0,0,0,0,0,1,0,0,0,0,0,0,0,0,1,0,0,1
41.083464,-121.107929,63,104.75,6536.5,0,5882,1,0,0,0,1,0,1,1,0,0,0,0,1,0,1,0,0,0,1,0,1,0,1,1,0,0,0
40.775272,-123.287414,60,19.85,1128.1,0,6213,0,0,0,0,1,0,0,0,1,1,0,1,0,1,0,1,0,1,0,1,0,0,1,0,0,0,0
40.946785,-121.719489,25,85.9,2199.05,0,3153,1,0,1,1,1,0,0,1,0,0,0,0,0,0,0,0,1,0,1,0,0,0,0,0,0,1,0
41.486953,-120.913975,6,80.8,457.1,0,5611,1,1,1,0,1,0,1,1,0,0,0,0,0,0,1,0,0,0,0,0,0,0,0,1,0,1,0
40.936285,-121.572692,22,25.25,566.5,0,3403,1,0,0,0,1,0,1,0,1,1,0,1,0,1,0,1,0,1,0,1,0,0,1,0,0,0,1
41.121108,-122.336613,31,80.55,2471.6,0,3491,0,0,1,0,1,0,1,0,0,0,0,0,1,0,0,0,1,0,1,0,1,0,1,0,0,0,0
40.692523,-122.369876,39,81.5,3107.3,0,2042,0,0,1,1,1,0,0,1,0,0,0,0,0,0,1,0,1,0,0,0,0,0,0,1,0,0,0
40.243494,-121.154733,26,20.9,518.3,0,5895,1,0,0,0,1,0,0,0,1,1,0,1,0,1,0,1,0,1,0,1,0,0,0,0,0,0,1
41.949216,-122.050062,12,67.25,832.3,0,4334,1,0,0,0,1,0,1,0,0,0,1,0,1,0,0,0,1,0,0,0,0,0,0,1,0,1,0
41.212695,-122.392067,2,20.35,45.3,0,5994,0,0,0,0,1,0,0,0,1,1,0,1,0,1,0,1,0,1,0,1,0,0,0,0,0,0,1
41.405193,-123.008567,39,45.05,1790.6,0,4003,1,0,0,0,0,1,0,0,0,0,1,0,0,0,0,0,1,0,1,0,0,1,0,0,0,0,0
39.84784,-122.544556,7,34.65,246.6,0,5996,0,0,1,1,0,1,0,0,0,0,1,0,0,0,0,0,1,0,0,0,0,0,0,0,0,0,1
41.232128,-123.194748,4,69.35,261.65,0,4140,1,1,0,0,1,0,0,1,0,0,0,0,0,0,0,0,0,0,0,0,0,0,0,0,0,1,0
40.740138,-122.587476,55,81.55,4509.5,0,5167,0,0,0,0,1,0,0,1,0,0,0,0,1,0,1,0,0,0,0,0,0,0,0,1,0,1,0
41.411315,-122.697236,72,75.4,5480.25,0,4171,1,0,1,0,1,0,0,0,0,0,0,0,1,0,1,0,0,0,1,0,1,0,1,1,0,0,0
40.03194,-122.176023,10,67.8,653.15,0,2709,0,0,1,0,1,0,0,0,0,0,0,0,0,0,1,0,0,0,1,0,1,0,0,1,1,0,0
41.528541,-122.955018,11,111.4,1183.05,0,3175,1,1,0,0,1,0,1,1,0,0,0,0,1,0,1,0,1,0,1,0,1,0,0,1,0,1,0
41.599978,-122.539381,15,46.3,639.45,0,3103,0,0,1,1,1,0,0,0,0,0,0,0,0,0,0,0,0,0,0,0,0,0,0,0,0,1,0
41.831901,-123.487478,23,20.4,478.75,0,4698,0,0,1,1,1,0,0,0,1,1,0,1,0,1,0,1,0,1,0,1,0,0,1,0,0,0,0
40.789799,-121.474529,1,20.05,20.05,0,4221,1,0,0,1,1,0,0,0,1,1,0,1,0,1,0,1,0,1,0,1,0,0,0,0,0,0,1
41.962127,-122.527696,47,96.1,4391.45,0,5793,1,0,1,1,1,0,0,1,0,0,1,0,1,0,1,0,0,0,0,0,1,1,0,1,0,1,0
40.648024,-123.465088,15,19.65,270.6,0,4818,0,0,0,0,1,0,0,0,1,1,0,1,0,1,0,1,0,1,0,1,0,1,0,0,0,0,1
40.913192,-123.06597,68,60.65,3975.9,0,6418,0,1,1,0,1,0,0,0,0,0,0,0,1,0,1,0,1,0,0,0,0,1,0,1,0,0,0
41.280478,-121.160249,21,71.7,1497.05,0,2784,0,1,1,0,1,0,1,0,0,0,0,0,1,0,1,0,0,0,0,0,1,1,0,0,0,0,0
40.059385,-122.091481,21,36.0,780.15,0,3378,1,0,0,0,0,1,0,0,0,0,0,0,1,0,0,0,1,0,0,0,0,0,0,1,0,0,1
41.10831,-121.360362,56,65.2,3512.15,0,4775,0,0,1,0,1,0,1,0,0,0,1,0,0,0,0,0,0,0,1,0,0,1,0,0,0,0,0
41.251322,-122.105209,6,48.95,273.25,0,3061,0,0,1,1,1,0,1,0,0,0,0,0,0,0,0,0,0,0,0,0,0,0,0,1,1,0,0
41.769709,-121.92063,65,53.5,3517.9,0,5693,0,1,0,0,0,1,0,0,0,0,0,0,1,0,1,0,0,0,1,0,1,0,1,1,0,0,0
40.426679,-121.850421,42,80.45,3375.9,0,4397,1,0,1,0,1,0,1,0,0,0,1,0,0,0,0,0,1,0,1,0,1,1,0,0,1,0,0
40.331975,-121.460674,68,109.05,7508.55,0,6391,0,0,1,1,1,0,1,1,0,0,1,0,0,0,1,0,1,0,1,0,1,0,1,1,0,0,0
40.531257,-122.148139,48,26.3,1245.05,0,2111,1,0,1,1,1,0,1,0,1,1,0,1,0,1,0,1,0,1,0,1,0,0,1,0,0,0,0
40.408796,-121.579609,50,106.8,5347.95,0,5746,0,1,0,0,1,0,1,1,0,0,0,0,1,0,0,0,1,0,1,0,1,1,0,1,0,1,0
41.759864,-122.379175,7,64.95,493.65,0,4615,0,1,0,0,1,0,0,0,0,0,0,0,1,0,1,0,0,0,1,0,0,0,0,1,0,1,0
40.877552,-121.885884,63,19.35,1263.85,0,4566,0,0,1,1,1,0,0,0,1,1,0,1,0,1,0,1,0,1,0,1,0,0,1,0,0,1,0
41.33832,-122.290756,17,21.1,385.55,0,2842,1,0,0,0,1,0,0,0,1,1,0,1,0,1,0,1,0,1,0,1,0,0,0,0,1,0,0
40.689243,-122.037023,4,18.85,84.2,0,5279,1,0,1,1,1,0,0,0,1,1,0,1,0,1,0,1,0,1,0,1,0,0,0,0,0,0,1
40.656287,-121.428965,62,26.0,1638.7,0,4535,0,0,0,1,1,0,1,0,1,1,0,1,0,1,0,1,0,1,0,1,0,0,1,0,0,0,0
39.884395,-122.587513,2,70.35,120.25,0,4917,0,0,1,0,1,0,0,1,0,0,0,0,0,0,0,0,0,0,0,0,0,0,0,1,0,1,0
40.343213,-121.815412,48,96.9,4473.45,0,2613,1,0,1,0,1,0,1,1,0,0,1,0,1,0,1,0,0,0,1,0,0,0,1,1,0,0,0
40.367964,-122.937379,27,19.55,520.55,0,4430,1,0,1,0,1,0,0,0,1,1,0,1,0,1,0,1,0,1,0,1,0,0,1,0,0,0,0
40.186772,-122.388361,70,80.4,5717.85,0,6367,0,0,1,0,1,0,0,0,0,0,0,0,1,0,1,0,1,0,1,0,1,0,1,1,0,0,0
41.737962,-123.07557,46,94.65,4312.5,0,4120,1,0,1,0,1,0,1,1,0,0,0,0,1,0,1,0,0,0,1,0,0,1,0,1,0,1,0
40.497441,-121.827524,69,95.75,6511.25,0,5561,1,0,1,1,1,0,1,1,0,0,0,0,1,0,1,0,0,0,1,0,0,1,0,0,1,0,0
40.021787,-122.127576,65,19.55,1218.65,0,4309,1,0,0,0,1,0,0,0,1,1,0,1,0,1,0,1,0,1,0,1,0,0,1,1,1,0,0
41.081847,-122.700545,72,104.1,7447.7,0,5092,1,1,1,1,1,0,0,1,0,0,1,0,0,0,1,0,1,0,1,0,1,0,1,1,1,0,0
40.759401,-122.939337,17,20.1,279.5,0,2185,1,0,0,0,1,0,0,0,1,1,0,1,0,1,0,1,0,1,0,1,0,1,0,1,0,0,1
41.465121,-122.380947,51,111.55,5720.35,0,4053,1,0,1,0,1,0,1,1,0,0,1,0,0,0,1,0,1,0,1,0,1,1,0,1,0,1,0
40.637105,-121.906949,51,60.5,3121.45,0,4994,1,0,1,0,1,0,0,0,0,0,1,0,1,0,0,0,1,0,0,0,0,0,1,0,1,0,0
41.764869,-122.671316,72,90.95,6468.6,0,6091,0,0,1,0,1,0,1,0,0,0,1,0,1,0,1,0,1,0,1,0,1,0,1,1,0,0,0
39.783747,-120.661032,34,19.7,675.6,0,4136,1,0,0,0,1,0,0,0,1,1,0,1,0,1,0,1,0,1,0,1,0,0,0,0,0,0,1
41.505916,-120.152505,67,50.95,3521.7,0,6395,1,0,1,0,0,1,0,0,0,0,1,0,1,0,0,0,1,0,0,0,1,0,1,1,0,0,0
39.872961,-120.198876,49,20.05,923.1,0,5579,0,0,1,0,1,0,0,0,1,1,0,1,0,1,0,1,0,1,0,1,0,1,0,1,0,0,0
39.745805,-120.580882,53,19.4,1110.35,0,4497,1,0,1,1,1,0,0,0,1,1,0,1,0,1,0,1,0,1,0,1,0,0,1,1,0,0,1
38.42528,-119.475741,27,59.45,1611.65,0,4818,1,0,0,0,1,0,1,0,0,0,0,0,0,0,1,0,1,0,0,0,0,0,0,0,0,1,0
40.012675,-120.101857,69,81.5,5553.25,0,5286,1,0,0,0,1,0,1,0,0,0,1,0,1,0,1,0,1,0,0,0,1,0,1,1,1,0,0
41.280341,-120.150381,2,29.05,44.75,0,4998,0,0,1,1,0,1,0,0,0,0,0,0,0,0,0,0,1,0,0,0,0,0,0,0,0,0,0
40.198234,-120.18089,46,70.6,3231.05,0,5433,0,0,1,0,1,0,0,0,0,0,1,0,1,0,0,0,1,0,0,0,1,1,0,0,0,0,1
40.294034,-120.512622,54,97.2,5129.45,0,4971,0,0,0,0,1,0,1,1,0,0,0,0,1,0,0,0,0,0,1,0,1,0,1,1,0,0,0
40.507272,-120.338228,20,59.2,1191.2,0,5924,1,0,0,0,1,0,1,0,0,0,1,0,0,0,0,0,1,0,0,0,0,0,0,0,0,0,0
39.637471,-120.226338,11,75.9,866.4,0,4278,1,0,0,0,1,0,0,1,0,0,0,0,1,0,0,0,0,0,0,0,0,0,0,1,0,0,1
41.042003,-120.506086,30,90.05,2627.2,0,3792,0,1,1,0,1,0,1,1,0,0,0,0,1,0,0,0,0,0,1,0,0,0,0,1,0,1,0
38.735789,-119.85798,68,70.95,4741.45,0,5036,1,0,1,0,1,0,0,0,0,0,1,0,1,0,1,0,0,0,0,0,1,0,1,0,0,0,0
40.181279,-120.392967,38,102.6,4009.2,0,5469,1,1,1,0,1,0,1,1,0,0,0,0,1,0,1,0,0,0,1,0,1,0,0,1,0,1,0
39.672813,-120.456699,1,43.8,43.8,0,4633,0,0,0,0,1,0,0,0,0,0,0,0,0,0,0,0,0,0,0,0,0,0,0,0,0,1,0
39.600599,-120.636358,63,59.0,3707.6,0,5639,1,0,1,0,0,1,0,0,0,0,1,0,1,0,1,0,0,0,1,0,1,0,1,0,0,1,0
39.559709,-120.345639,3,69.95,220.45,0,2754,0,0,0,0,1,0,0,0,0,0,0,0,0,0,1,0,0,0,1,0,1,1,0,1,0,1,0
40.346634,-120.386422,48,24.35,1133.7,0,4200,0,0,0,0,1,0,1,0,1,1,0,1,0,1,0,1,0,1,0,1,0,1,0,0,0,0,0
40.559177,-120.612113,66,29.45,1983.15,0,5112,1,0,0,0,0,1,0,0,0,0,0,0,0,0,0,0,1,0,0,0,0,1,0,0,1,0,0
41.027281,-120.669427,68,84.4,5746.75,0,5045,0,0,1,1,1,0,1,1,0,0,0,0,1,0,1,0,0,0,0,0,0,0,1,1,1,0,0
41.813521,-121.492666,7,20.65,134.05,0,3575,0,0,1,0,1,0,0,0,1,1,0,1,0,1,0,1,0,1,0,1,0,1,0,0,0,0,1
40.345949,-120.081187,72,87.1,6230.1,0,5993,1,0,1,0,1,0,1,0,0,0,1,0,1,0,1,0,1,0,1,0,1,0,1,1,0,0,0
40.271535,-121.018087,29,19.85,573.05,0,2712,0,0,1,0,1,0,0,0,1,1,0,1,0,1,0,1,0,1,0,1,0,0,0,0,0,0,1
39.227434,-120.091806,37,90.35,3419.3,0,3347,1,0,1,0,1,0,0,1,0,0,0,0,0,0,1,0,1,0,0,0,1,0,0,1,0,1,0
39.246654,-120.029273,59,65.5,3801.3,0,5631,0,0,1,0,1,0,1,0,0,0,1,0,1,0,0,0,1,0,0,0,0,1,0,0,0,0,1
39.191797,-120.212401,60,80.95,4859.1,0,6214,1,1,1,1,1,0,1,1,0,0,1,0,0,0,0,0,0,0,0,0,0,0,0,1,0,1,0
39.24124,-120.054765,27,56.15,1439.35,0,3056,0,0,0,0,1,0,0,0,0,0,0,0,1,0,0,0,1,0,0,0,0,0,0,1,0,0,1
33.973616,-118.24902,17,34.4,592.75,0,4207,1,0,1,0,0,1,0,0,0,0,1,0,0,0,1,0,0,0,0,0,0,0,0,0,0,0,1
33.949255,-118.246978,58,20.75,1185.95,0,4927,1,0,1,0,1,0,0,0,1,1,0,1,0,1,0,1,0,1,0,1,0,0,1,0,0,0,1
33.964131,-118.272783,1,18.8,18.8,0,5160,1,0,1,0,1,0,0,0,1,1,0,1,0,1,0,1,0,1,0,1,0,1,0,0,0,0,1
34.059281,-118.30742,53,90.8,4921.2,0,5249,0,0,0,0,1,0,1,1,0,0,1,0,1,0,1,0,0,0,0,0,0,0,0,0,0,1,0
34.048013,-118.293953,35,25.6,901.25,0,2980,1,0,0,0,1,0,1,0,1,1,0,1,0,1,0,1,0,1,0,1,0,0,0,1,0,1,0
34.008293,-118.346766,68,70.8,4859.95,0,5540,1,0,1,0,1,0,1,0,0,0,0,0,1,0,0,0,1,0,0,0,1,0,1,0,1,0,0
34.062125,-118.315709,47,25.4,1139.2,0,3159,1,0,1,0,1,0,1,0,1,1,0,1,0,1,0,1,0,1,0,1,0,0,0,0,0,1,0
34.00709,-118.258681,65,108.8,7082.45,0,5225,0,1,1,0,1,0,1,1,0,0,0,0,1,0,1,0,0,0,1,0,1,0,0,1,0,0,0
34.039224,-118.266293,9,76.85,663.55,0,4834,0,0,0,0,1,0,1,1,0,0,0,0,0,0,0,0,0,0,0,0,0,0,0,1,0,1,0
34.028331,-118.354338,8,20.25,174.65,0,2653,0,0,0,0,1,0,0,0,1,1,0,1,0,1,0,1,0,1,0,1,0,0,1,0,0,0,1
34.052842,-118.264495,14,24.8,321.7,0,4527,1,0,0,0,1,0,1,0,1,1,0,1,0,1,0,1,0,1,0,1,0,1,0,1,1,0,0
34.028735,-118.317236,45,115.65,5125.5,0,3974,0,0,0,0,1,0,1,1,0,0,1,0,1,0,1,0,1,0,1,0,1,0,0,1,0,1,0
34.049841,-118.33846,8,74.6,548.9,0,2142,0,0,0,0,1,0,1,1,0,0,0,0,0,0,0,0,0,0,0,0,0,0,0,1,1,0,0
34.029043,-118.239504,66,103.15,7031.3,0,4663,1,0,1,1,1,0,0,1,0,0,1,0,1,0,1,0,0,0,1,0,1,1,0,1,0,0,0
34.02381,-118.156582,72,72.1,5016.65,0,4658,1,0,1,0,1,0,1,0,0,0,1,0,1,0,1,0,1,0,0,0,0,0,1,0,1,0,0
34.066303,-118.435479,23,25.1,611.45,0,2267,0,0,1,1,1,0,1,0,1,1,0,1,0,1,0,1,0,1,0,1,0,0,1,0,0,0,1
34.078991,-118.263804,4,80.15,319.85,0,2841,0,0,0,0,1,0,1,1,0,0,1,0,0,0,0,0,0,0,0,0,0,0,0,1,0,1,0
34.127194,-118.295647,6,25.4,153.3,0,2882,1,0,1,1,1,0,1,0,1,1,0,1,0,1,0,1,0,1,0,1,0,0,1,0,0,0,1
34.099869,-118.326843,67,105.4,7035.6,0,5703,0,1,1,0,1,0,1,1,0,0,1,0,1,0,1,0,1,0,0,0,1,1,0,1,1,0,0
34.089953,-118.294824,7,45.75,344.2,0,3779,1,1,0,1,1,0,0,0,0,0,0,0,0,0,0,0,0,0,0,0,0,0,0,1,0,0,1
34.085807,-118.206617,56,24.45,1431.65,0,5623,1,0,1,0,1,0,1,0,1,1,0,1,0,1,0,1,0,1,0,1,0,1,0,1,0,0,1
34.078821,-118.177576,72,25.0,1849.2,0,6126,0,0,1,0,1,0,1,0,1,1,0,1,0,1,0,1,0,1,0,1,0,0,1,0,1,0,0
34.050198,-118.210946,72,85.25,6083.1,0,6275,1,0,1,0,1,0,1,0,0,0,1,0,1,0,1,0,0,0,1,0,1,0,1,1,0,1,0
34.030578,-118.399613,23,19.6,426.65,0,4617,1,0,1,1,1,0,0,0,1,1,0,1,0,1,0,1,0,1,0,1,0,0,1,0,1,0,0
34.051809,-118.383843,35,50.15,1655.35,0,5879,0,0,0,1,1,0,1,0,0,0,0,0,0,0,0,0,0,0,0,0,0,0,0,0,0,0,1
34.070291,-118.349191,27,70.55,1943.9,0,2534,1,1,1,0,1,0,0,1,0,0,0,0,0,0,0,0,0,0,0,0,0,0,0,1,0,1,0
34.088017,-118.327168,12,26.4,314.95,0,3277,1,0,1,0,1,0,1,0,1,1,0,1,0,1,0,1,0,1,0,1,0,1,0,0,0,0,1
34.110845,-118.259595,40,20.15,804.85,0,3915,0,0,0,0,1,0,0,0,1,1,0,1,0,1,0,1,0,1,0,1,0,0,1,0,0,0,1
33.994524,-118.149953,7,58.85,465.7,0,3332,1,0,1,1,0,1,0,0,0,0,1,0,1,0,1,0,0,0,1,0,1,0,0,0,0,0,1
34.137412,-118.207607,70,97.55,6669.05,0,4551,1,0,1,1,1,0,1,1,0,0,1,0,1,0,0,0,0,0,1,0,0,0,0,1,1,0,0
34.11572,-118.192754,60,19.65,1161.75,0,6315,1,0,1,1,1,0,0,0,1,1,0,1,0,1,0,1,0,1,0,1,0,0,1,0,1,0,0
33.988543,-118.334081,39,25.25,947.75,0,4259,1,0,1,0,0,1,0,0,0,0,0,0,0,0,0,0,0,0,0,0,0,1,0,1,1,0,0
33.952714,-118.292061,72,114.45,8375.05,0,6274,1,0,1,0,1,0,1,1,0,0,1,0,1,0,1,0,1,0,1,0,1,0,1,0,1,0,0
34.108455,-118.362081,54,70.7,3770.0,0,5276,1,0,1,0,1,0,1,0,0,0,0,0,1,0,0,0,1,0,1,0,0,1,0,1,0,1,0
34.072945,-118.37267,63,75.55,4707.85,0,4626,0,0,1,0,1,0,0,0,0,0,1,0,1,0,1,0,1,0,1,0,0,0,1,0,1,0,0
34.091829,-118.491244,71,84.8,6152.4,0,5952,1,0,1,1,1,0,1,1,0,0,0,0,1,0,0,0,1,0,0,0,0,0,1,1,0,1,0
33.987945,-118.370442,42,20.65,958.1,0,5956,0,0,0,0,1,0,0,0,1,1,0,1,0,1,0,1,0,1,0,1,0,1,0,1,0,0,1
34.061918,-118.277939,47,20.45,943.0,0,4342,1,0,0,0,1,0,0,0,1,1,0,1,0,1,0,1,0,1,0,1,0,0,1,0,0,0,0
33.92128,-118.274186,11,35.65,425.1,0,4986,1,0,0,0,0,1,0,0,0,0,0,0,1,0,0,0,1,0,0,0,0,0,0,1,0,1,0
34.044271,-118.185237,55,90.45,5044.8,0,5140,0,1,1,0,1,0,1,1,0,0,0,0,1,0,1,0,1,0,0,0,0,0,0,0,0,1,0
34.037251,-118.423573,69,97.65,6743.55,0,5709,1,0,0,0,1,0,1,1,0,0,0,0,1,0,1,0,1,0,1,0,0,0,1,1,1,0,0
34.108833,-118.229715,3,73.85,196.4,0,2868,0,1,0,0,1,0,0,1,0,0,0,0,0,0,1,0,0,0,0,0,0,0,0,0,0,1,0
34.057496,-118.413959,30,69.1,2093.9,0,3415,1,1,0,0,1,0,1,0,0,0,0,0,0,0,1,0,1,0,1,0,0,0,1,1,1,0,0
34.137411,-118.328915,5,82.75,417.75,0,5269,0,0,0,0,1,0,1,1,0,0,0,0,0,0,1,0,1,0,0,0,0,0,0,1,0,1,0
34.093781,-118.381061,71,24.4,1725.4,0,4412,0,0,1,0,1,0,1,0,1,1,0,1,0,1,0,1,0,1,0,1,0,0,1,1,1,0,0
34.052917,-118.255178,29,55.25,1620.2,0,5481,0,0,0,0,1,0,1,0,0,0,0,0,1,0,0,0,0,0,0,0,0,1,0,1,0,1,0
34.102084,-118.451629,52,61.35,3169.55,0,4729,1,0,1,0,1,0,1,0,0,0,0,0,1,0,0,0,1,0,0,0,0,0,0,0,0,0,0
33.970343,-118.171368,68,76.75,5233.25,0,5395,1,0,0,0,1,0,1,0,0,0,1,0,1,0,1,0,0,0,0,0,1,1,0,0,1,0,0
34.099891,-118.414338,46,19.4,967.85,0,2320,0,0,1,1,1,0,0,0,1,1,0,1,0,1,0,1,0,1,0,1,0,0,1,0,0,0,1
34.063947,-118.383001,8,54.75,438.05,0,5317,1,0,0,0,1,0,0,0,0,0,0,0,0,0,0,0,0,0,0,0,1,0,0,1,1,0,0
34.062095,-118.401508,72,19.7,1421.9,0,6436,1,0,1,0,1,0,0,0,1,1,0,1,0,1,0,1,0,1,0,1,0,0,1,0,1,0,0
33.88151,-118.234451,17,19.9,323.15,0,2093,0,0,0,0,1,0,0,0,1,1,0,1,0,1,0,1,0,1,0,1,0,1,0,0,0,0,0
33.885811,-118.206459,3,107.95,318.6,0,5653,1,0,0,0,1,0,0,1,0,0,0,0,1,0,1,0,1,0,1,0,1,0,0,1,0,1,0
33.912246,-118.236773,2,83.8,163.7,0,2885,0,1,0,0,1,0,0,1,0,0,0,0,1,0,0,0,0,0,1,0,0,0,0,1,0,0,0
34.019323,-118.391902,51,56.4,2928.5,0,4380,0,0,0,0,0,1,0,0,0,0,0,0,1,0,1,0,0,0,1,0,1,1,0,1,1,0,0
33.956228,-118.120993,6,20.1,100.35,0,5874,0,0,1,1,1,0,0,0,1,1,0,1,0,1,0,1,0,1,0,1,0,0,1,0,0,0,1
33.940884,-118.128628,3,94.9,273.2,0,2330,0,0,1,0,1,0,1,1,0,0,0,0,0,0,0,0,0,0,1,0,1,0,0,0,0,1,0
33.921793,-118.140588,17,94.2,1608.15,0,4425,0,1,0,0,1,0,1,1,0,0,0,0,0,0,0,0,0,0,1,0,1,0,0,1,0,1,0
33.917145,-118.401554,30,49.9,1441.95,0,3712,1,0,1,0,1,0,1,0,0,0,0,0,0,0,0,0,0,0,0,0,0,0,0,0,0,1,0
33.890853,-118.297967,31,71.05,2168.15,0,4443,1,0,0,0,1,0,1,0,0,0,0,0,1,0,0,0,1,0,1,0,0,0,0,1,0,1,0
33.876482,-118.284077,45,81.65,3618.7,0,5937,0,0,0,0,1,0,0,0,0,0,1,0,0,0,1,0,1,0,1,0,1,0,1,0,0,0,0
33.90139,-118.315697,64,89.45,5692.65,0,5519,1,0,1,0,1,0,1,1,0,0,1,0,1,0,1,0,0,0,0,0,0,1,0,0,0,0,0
33.97803,-118.217141,61,99.0,5969.3,0,5177,1,1,1,1,1,0,1,1,0,0,0,0,1,0,0,0,0,0,1,0,1,1,0,0,0,1,0
33.88856,-118.351813,1,19.05,19.05,0,5279,1,0,0,0,1,0,0,0,1,1,0,1,0,1,0,1,0,1,0,1,0,0,0,0,0,0,1
34.037037,-118.705803,72,114.45,8100.55,0,4700,1,0,1,1,1,0,1,1,0,0,1,0,1,0,1,0,1,0,1,0,1,0,1,0,0,0,0
33.889632,-118.39737,7,44.25,313.45,0,5014,0,0,1,0,1,0,0,0,0,0,0,0,0,0,0,0,0,0,0,0,0,0,0,1,0,0,1
33.988572,-118.186565,66,90.55,6130.95,0,4958,0,0,1,0,1,0,1,1,0,0,0,0,1,0,1,0,1,0,0,0,0,1,0,1,0,0,0
33.788208,-118.404955,40,20.4,745.3,0,5918,1,0,1,1,1,0,0,0,1,1,0,1,0,1,0,1,0,1,0,1,0,0,0,1,0,0,0
33.753146,-118.367459,16,71.4,1212.1,0,3360,1,0,0,0,1,0,1,0,0,0,0,0,1,0,1,0,0,0,0,0,1,0,0,1,0,0,0
33.873395,-118.37019,67,24.85,1583.5,0,4833,1,0,1,0,1,0,1,0,1,1,0,1,0,1,0,1,0,1,0,1,0,0,1,0,1,0,0
33.944624,-118.192615,41,104.45,4162.05,0,2719,0,0,1,0,1,0,0,1,0,0,1,0,1,0,1,0,0,0,1,0,1,1,0,1,0,0,0
34.115192,-118.61017,56,19.8,1119.9,0,4681,0,0,1,1,1,0,0,0,1,1,0,1,0,1,0,1,0,1,0,1,0,0,1,1,1,0,0
33.991782,-118.479229,72,116.45,8013.55,0,5567,0,0,0,0,1,0,1,1,0,0,1,0,1,0,1,0,1,0,1,0,1,0,1,1,0,0,0
33.947305,-118.439841,54,20.05,1102.4,0,4212,0,0,1,0,1,0,0,0,1,1,0,1,0,1,0,1,0,1,0,1,0,0,1,0,1,0,0
33.956445,-118.358634,52,110.75,5832.0,0,4993,1,1,0,0,1,0,1,1,0,0,0,0,1,0,1,0,1,0,1,0,1,0,0,1,0,1,0
33.975332,-118.355252,50,89.7,4304.5,0,5306,0,0,0,0,1,0,0,1,0,0,0,0,0,0,1,0,1,0,0,0,1,0,1,1,0,0,0
33.936827,-118.359824,27,48.7,1421.75,0,3560,1,0,1,0,1,0,0,0,0,0,1,0,0,0,0,0,0,0,0,0,0,1,0,0,1,0,0
33.958134,-118.330905,72,96.6,6827.5,0,5153,0,1,1,0,1,0,1,1,0,0,1,0,1,0,1,0,1,0,0,0,0,0,1,1,0,0,0
34.015481,-118.493231,62,74.3,4698.05,0,5974,1,0,0,0,1,0,0,0,0,0,1,0,1,0,0,0,0,0,1,0,1,1,0,1,1,0,0
34.035849,-118.503508,12,54.3,654.5,0,3854,0,0,0,0,1,0,0,0,0,0,0,0,1,0,0,0,1,0,0,0,0,0,0,1,0,1,0
34.031529,-118.491156,44,74.85,3268.05,0,3253,0,1,0,0,1,0,0,0,0,0,0,0,0,0,1,0,1,0,1,0,1,1,0,0,0,0,0
34.026334,-118.474222,54,79.95,4362.05,0,4387,1,0,1,1,1,0,0,1,0,0,0,0,1,0,0,0,1,0,0,0,0,0,1,1,0,0,0
34.005439,-118.477507,68,20.05,1386.9,0,5740,0,0,0,0,1,0,0,0,1,1,0,1,0,1,0,1,0,1,0,1,0,0,1,0,0,0,0
33.833699,-118.314387,20,19.4,415.4,0,4958,1,0,0,0,1,0,0,0,1,1,0,1,0,1,0,1,0,1,0,1,0,0,0,0,0,0,1
33.833181,-118.292062,50,54.9,2614.1,0,4322,1,0,1,0,1,0,1,0,0,0,0,0,0,0,1,0,0,0,0,0,0,1,0,0,0,0,0
33.840399,-118.353714,58,24.45,1513.6,0,6490,1,0,0,0,1,0,1,0,1,1,0,1,0,1,0,1,0,1,0,1,0,0,1,1,1,0,0
33.867257,-118.330794,35,89.65,3161.6,0,2622,1,0,1,1,1,0,1,1,0,0,0,0,1,0,0,0,0,0,1,0,0,0,0,1,0,0,0
33.807882,-118.347957,2,45.4,80.95,0,4964,0,0,0,0,1,0,0,0,0,0,0,0,0,0,0,0,0,0,0,0,0,0,0,1,0,1,0
34.007353,-118.033683,63,75.7,4676.7,0,5113,1,0,1,0,1,0,1,0,0,0,1,0,0,0,1,0,1,0,0,0,1,0,1,0,0,0,1
33.972119,-118.020188,58,110.65,6526.65,0,4761,0,0,1,0,1,0,1,1,0,0,1,0,1,0,1,0,0,0,1,0,1,1,0,1,1,0,0
33.945318,-117.992066,27,20.55,583.3,0,2269,0,0,1,0,1,0,0,0,1,1,0,1,0,1,0,1,0,1,0,1,0,1,0,1,0,0,1
33.929704,-118.01208,71,115.15,8078.1,0,4144,0,0,1,0,1,0,1,1,0,0,1,0,1,0,1,0,1,0,1,0,1,0,1,1,1,0,0
33.960891,-118.032222,63,58.55,3503.5,0,6312,0,0,0,0,1,0,0,0,0,0,0,0,0,0,1,0,0,0,0,0,1,1,0,0,1,0,0
33.976678,-118.065875,71,93.25,6669.45,0,6035,1,0,1,0,1,0,1,1,0,0,0,0,1,0,1,0,0,0,0,0,1,0,0,1,0,0,0
33.818477,-118.038307,68,19.35,1292.65,0,6303,0,0,1,1,1,0,0,0,1,1,0,1,0,1,0,1,0,1,0,1,0,0,1,1,0,0,0
33.940619,-117.9513,1,48.75,48.75,0,5068,1,0,1,1,1,0,0,0,0,0,1,0,0,0,0,0,0,0,0,0,0,0,0,1,0,0,1
33.902045,-118.008961,65,109.05,7108.2,0,5692,1,1,0,0,1,0,1,1,0,0,1,0,0,0,1,0,1,0,1,0,1,0,1,1,0,1,0
34.015217,-118.109962,72,25.0,1802.55,0,4055,1,1,1,0,1,0,1,0,1,1,0,1,0,1,0,1,0,1,0,1,0,0,1,1,0,0,0
33.905963,-118.08263,28,54.9,1505.15,0,2885,0,0,0,0,1,0,1,0,0,0,0,0,0,0,0,0,1,0,0,0,0,0,0,1,1,0,0
33.989524,-118.089299,72,24.75,1859.1,0,4185,1,0,1,1,1,0,1,0,1,1,0,1,0,1,0,1,0,1,0,1,0,0,1,0,1,0,0
33.933565,-118.062611,2,91.15,168.5,0,2686,0,0,0,0,1,0,0,1,0,0,1,0,1,0,0,0,0,0,1,0,0,0,0,1,0,1,0
33.867593,-118.080637,60,104.35,6339.45,0,4040,1,1,1,0,1,0,1,1,0,0,0,0,1,0,1,0,0,0,1,0,1,1,0,1,0,1,0
33.8681,-118.067402,26,66.05,1652.4,0,3225,0,1,0,0,1,0,1,0,0,0,0,0,0,0,0,0,1,0,0,0,1,0,0,1,0,1,0
33.798266,-118.300237,68,92.2,6392.85,0,4451,1,0,1,0,1,0,1,0,0,0,1,0,1,0,1,0,1,0,1,0,1,0,1,1,1,0,0
33.847755,-118.112532,42,105.2,4599.15,0,5573,0,1,1,0,1,0,1,1,0,0,1,0,0,0,1,0,0,0,1,0,1,1,0,1,0,0,0
33.841027,-118.078097,57,19.6,1134.25,0,6064,0,0,1,0,1,0,0,0,1,1,0,1,0,1,0,1,0,1,0,1,0,0,1,1,0,0,0
33.830431,-118.074071,54,30.4,1621.35,0,4778,1,0,1,0,0,1,0,0,0,0,0,0,1,0,0,0,0,0,0,0,0,0,0,0,0,1,0
33.79499,-118.065591,44,61.5,2722.2,0,2059,0,0,1,0,1,0,0,0,0,0,1,0,1,0,1,0,0,0,0,0,0,1,0,1,0,0,1
33.897122,-118.164432,42,69.4,3058.3,0,4701,1,0,1,1,1,0,1,0,0,0,1,0,1,0,0,0,0,0,1,0,0,0,0,1,0,0,0
33.736387,-118.284363,72,24.75,1769.6,0,6232,1,0,1,1,1,0,1,0,1,1,0,1,0,1,0,1,0,1,0,1,0,0,1,0,0,0,0
33.744119,-118.31448,71,91.05,6293.75,0,4644,0,0,1,0,1,0,1,0,0,0,1,0,1,0,1,0,1,0,1,0,1,0,1,0,0,0,1
33.719221,-118.073596,23,73.65,1642.75,0,2590,0,0,1,0,1,0,1,0,0,0,0,0,0,0,0,0,1,0,1,0,1,0,0,1,1,0,0
33.728273,-118.085304,30,19.4,578.5,0,3986,0,0,0,0,1,0,0,0,1,1,0,1,0,1,0,1,0,1,0,1,0,0,1,0,1,0,0
33.782068,-118.262263,35,26.2,954.9,0,4419,1,0,0,0,1,0,1,0,1,1,0,1,0,1,0,1,0,1,0,1,0,1,0,0,0,0,0
33.859171,-118.252272,1,43.85,43.85,0,5913,1,0,0,0,1,0,0,0,0,0,0,0,0,0,0,0,0,0,0,0,0,0,0,1,0,0,0
33.752524,-118.210737,22,69.7,1490.4,0,4838,1,0,0,0,1,0,0,1,0,0,0,0,0,0,0,0,0,0,0,0,0,0,0,1,0,0,1
33.760458,-118.129725,7,38.55,280.0,0,3345,1,0,1,0,0,1,0,0,0,0,1,0,1,0,1,0,0,0,0,0,0,0,1,0,0,0,1
33.783047,-118.1486,36,53.1,1901.25,0,2751,0,0,0,0,0,1,0,0,0,0,1,0,1,0,1,0,1,0,0,0,1,0,1,1,0,0,1
33.864622,-118.179626,34,20.65,716.4,0,5099,0,0,1,1,1,0,0,0,1,1,0,1,0,1,0,1,0,1,0,1,0,0,0,0,0,0,1
33.802664,-118.179971,72,64.45,4720.0,0,6330,1,0,1,0,1,0,1,0,0,0,1,0,1,0,1,0,0,0,0,0,0,0,1,0,1,0,0
33.830099,-118.182239,36,25.1,930.95,0,3040,1,0,1,1,1,0,1,0,1,1,0,1,0,1,0,1,0,1,0,1,0,0,1,0,1,0,0
33.771612,-118.143866,71,95.15,6770.85,0,5647,0,0,1,1,1,0,1,1,0,0,1,0,1,0,1,0,1,0,0,0,0,1,0,1,1,0,0
33.797638,-118.11662,23,79.35,1835.3,0,3558,0,1,0,0,1,0,1,1,0,0,0,0,0,0,1,0,0,0,0,0,0,0,0,1,0,0,1
33.778436,-118.118648,17,96.65,1588.25,0,5228,1,0,1,0,1,0,0,1,0,0,0,0,0,0,1,0,0,0,1,0,1,1,0,1,0,0,0
34.196837,-118.142236,1,75.5,75.5,0,2954,1,0,0,0,1,0,0,0,0,0,0,0,0,0,1,0,1,0,1,0,1,0,0,1,0,1,0
34.137319,-118.029837,12,19.7,258.35,0,5104,1,0,1,1,1,0,0,0,1,1,0,1,0,1,0,1,0,1,0,1,0,0,1,0,0,0,1
34.128284,-118.047732,72,20.5,1502.25,0,6302,0,0,1,0,1,0,0,0,1,1,0,1,0,1,0,1,0,1,0,1,0,0,1,0,1,0,0
34.145695,-117.95982,1,19.2,19.2,0,4629,1,0,0,0,1,0,0,0,1,1,0,1,0,1,0,1,0,1,0,1,0,0,0,0,0,0,1
34.234912,-118.153729,72,98.35,6929.4,0,6120,1,1,1,0,1,0,1,1,0,0,0,0,1,0,0,0,0,0,1,0,1,0,1,0,0,0,0
34.1528,-118.000482,60,74.35,4453.3,0,5100,1,0,1,1,1,0,1,1,0,0,0,0,0,0,0,0,0,0,0,0,0,0,0,0,0,0,0
34.2112,-118.230625,61,51.35,3244.4,0,4159,0,0,1,0,0,1,0,0,0,0,0,0,1,0,1,0,1,0,1,0,0,0,1,0,1,0,0
34.168686,-118.057505,6,45.65,323.45,0,4227,0,0,1,0,1,0,0,0,0,0,0,0,0,0,0,0,0,0,0,0,0,0,0,0,0,0,1
34.146635,-118.139225,72,20.3,1401.15,0,5265,1,0,1,1,1,0,0,0,1,1,0,1,0,1,0,1,0,1,0,1,0,0,1,0,0,0,0
34.167465,-118.165327,32,54.2,1739.6,0,4454,0,0,0,0,1,0,1,0,0,0,0,0,1,0,0,0,0,0,0,0,0,0,0,1,0,1,0
34.165383,-118.123752,65,90.65,5931.0,0,6358,1,0,1,0,1,0,1,1,0,0,0,0,1,0,0,0,0,0,0,0,1,0,0,1,0,1,0
34.13946,-118.166649,45,50.9,2333.85,0,3937,0,0,1,1,0,1,0,0,0,0,1,0,0,0,0,0,0,0,1,0,1,0,0,1,0,0,0
34.139402,-118.128658,42,25.05,949.85,0,3756,1,0,0,0,1,0,1,0,1,1,0,1,0,1,0,1,0,1,0,1,0,1,0,0,0,1,0
34.159007,-118.087353,8,74.85,572.45,0,5514,1,0,0,0,1,0,1,1,0,0,0,0,0,0,0,0,0,0,0,0,0,0,0,1,0,1,0
34.122671,-118.112911,32,20.5,696.8,0,3114,1,0,0,1,1,0,0,0,1,1,0,1,0,1,0,1,0,1,0,1,0,0,1,0,0,0,1
34.17051,-118.289463,22,63.55,1381.8,0,2136,0,1,1,0,1,0,1,0,0,0,1,0,1,0,0,0,1,0,0,0,0,0,0,1,0,0,1
34.153338,-118.262974,1,47.95,47.95,0,5092,1,0,0,0,1,0,0,0,0,0,1,0,0,0,0,0,0,0,0,0,0,0,0,0,0,1,0
34.13658,-118.245839,1,45.0,45.0,0,5669,0,0,1,0,1,0,0,0,0,0,0,0,0,0,0,0,0,0,0,0,0,0,0,1,0,1,0
34.195386,-118.238508,54,90.05,4931.8,0,5232,1,1,0,0,1,0,1,1,0,0,0,0,1,0,0,0,0,0,0,0,1,0,0,1,0,1,0
34.239636,-118.245259,4,25.3,116.95,0,3808,0,0,0,0,1,0,1,0,1,1,0,1,0,1,0,1,0,1,0,1,0,0,1,1,1,0,0
34.130861,-118.68346,56,24.3,1261.7,0,5052,0,0,1,0,1,0,1,0,1,1,0,1,0,1,0,1,0,1,0,1,0,1,0,0,0,1,0
34.19829,-118.602203,45,75.95,3273.8,0,2185,1,0,0,0,1,0,0,0,0,0,1,0,0,0,1,0,0,0,1,0,1,0,0,1,0,1,0
34.224377,-118.632656,71,19.7,1415.85,0,5921,0,0,1,1,1,0,0,0,1,1,0,1,0,1,0,1,0,1,0,1,0,0,1,0,1,0,0
34.209532,-118.577563,59,66.4,3958.2,0,6432,1,0,1,0,1,0,0,0,0,0,1,0,1,0,1,0,0,0,1,0,0,1,0,0,1,0,0
34.199787,-118.68493,69,35.75,2492.25,0,4043,1,0,0,0,0,1,0,0,0,0,0,0,1,0,1,0,0,0,0,0,0,1,0,1,0,0,0
34.294142,-118.603883,19,18.8,279.2,0,2916,1,0,0,0,1,0,0,0,1,1,0,1,0,1,0,1,0,1,0,1,0,1,0,0,0,0,1
34.150354,-118.518292,55,19.4,1083.0,0,5366,0,0,1,1,1,0,0,0,1,1,0,1,0,1,0,1,0,1,0,1,0,0,1,0,1,0,0
34.172071,-118.946262,38,19.3,755.5,0,4705,0,0,0,0,1,0,0,0,1,1,0,1,0,1,0,1,0,1,0,1,0,1,0,0,0,0,1
34.238208,-118.55029,47,67.45,3252.0,0,4074,0,1,1,0,1,0,1,0,0,0,1,0,1,0,1,0,0,0,0,0,0,0,0,1,1,0,0
34.286131,-118.435969,46,20.1,936.85,0,3392,1,0,1,1,1,0,0,0,1,1,0,1,0,1,0,1,0,1,0,1,0,0,1,1,0,0,1
34.238802,-118.482296,65,58.9,3857.1,0,5657,0,0,1,0,1,0,0,0,0,0,1,0,0,0,1,0,1,0,0,0,0,0,1,0,1,0,0
34.502432,-118.41459,71,19.45,1378.45,0,5497,1,0,1,1,1,0,0,0,1,1,0,1,0,1,0,1,0,1,0,1,0,0,1,0,0,0,1
34.231053,-118.338307,52,50.5,2566.3,0,5185,0,1,0,0,0,1,0,0,0,0,0,0,1,0,1,0,1,0,1,0,0,0,0,1,0,1,0
34.457005,-118.573726,6,25.1,171.0,0,5161,1,0,1,0,1,0,1,0,1,1,0,1,0,1,0,1,0,1,0,1,0,1,0,0,0,0,1
34.43987,-118.644609,26,60.7,1597.4,0,2502,0,1,1,0,1,0,0,0,0,0,0,0,0,0,1,0,0,0,0,0,1,1,0,0,0,0,1
34.157137,-118.548511,48,99.0,4744.35,0,3061,1,1,0,0,1,0,1,1,0,0,0,0,1,0,0,0,0,0,1,0,1,1,0,1,0,1,0
34.214054,-118.88109,64,104.4,6721.6,0,5133,0,0,1,1,1,0,1,1,0,0,1,0,0,0,0,0,1,0,1,0,1,1,0,1,0,0,0
34.191842,-118.822796,1,44.05,44.05,0,5925,1,0,0,0,1,0,0,0,0,0,0,0,0,0,0,0,0,0,0,0,0,0,0,1,0,0,0
34.153733,-118.593408,72,24.1,1734.65,0,4264,1,0,1,1,1,0,1,0,1,1,0,1,0,1,0,1,0,1,0,1,0,0,1,0,1,0,0
34.178068,-118.615714,1,45.55,45.55,0,3173,1,0,0,0,1,0,0,0,0,0,0,0,0,0,0,0,0,0,0,0,0,0,0,1,0,0,1
34.19225,-118.776874,51,93.8,4539.35,0,5457,0,0,1,1,1,0,1,1,0,0,1,0,1,0,0,0,0,0,0,0,1,0,0,1,0,1,0
34.364153,-118.615583,41,19.7,804.25,0,2902,0,0,1,1,1,0,0,0,1,1,0,1,0,1,0,1,0,1,0,1,0,0,1,0,0,0,0
34.506627,-118.699048,72,70.65,5011.15,0,5176,0,0,1,0,1,0,0,0,0,0,1,0,1,0,1,0,0,0,1,0,0,0,1,1,1,0,0
34.178483,-118.431791,43,86.45,3574.5,0,3110,0,0,1,0,1,0,1,0,0,0,1,0,1,0,0,0,1,0,1,0,1,0,1,0,1,0,0
34.223768,-118.445461,72,114.1,8086.4,0,4965,1,0,1,0,1,0,1,1,0,0,1,0,1,0,1,0,1,0,1,0,1,0,1,1,1,0,0
34.147149,-118.463365,47,95.2,4563.0,0,4977,1,0,1,0,1,0,1,1,0,0,0,0,0,0,0,0,0,0,1,0,1,1,0,1,1,0,0
34.202494,-118.448048,72,88.55,6362.35,0,6468,1,0,0,0,1,0,1,0,0,0,1,0,1,0,1,0,1,0,1,0,1,0,1,0,1,0,0
34.195685,-118.490752,3,20.75,67.1,0,2406,1,0,0,0,1,0,0,0,1,1,0,1,0,1,0,1,0,1,0,1,0,0,0,1,1,0,0
34.152875,-118.486056,26,44.65,1156.55,0,4512,1,0,0,0,0,1,0,0,0,0,1,0,1,0,0,0,0,0,0,0,1,0,0,1,0,0,0
34.188339,-118.300942,29,60.2,1834.15,0,5517,1,0,1,1,1,0,0,0,0,0,1,0,0,0,0,0,0,0,0,0,1,0,0,1,0,0,1
34.213049,-118.317651,27,55.45,1477.65,0,3616,1,0,0,0,1,0,0,0,0,0,1,0,1,0,0,0,0,0,0,0,0,1,0,0,0,0,0
34.174215,-118.345928,24,70.3,1706.45,0,3359,1,0,1,1,1,0,0,0,0,0,1,0,1,0,0,0,1,0,0,0,1,0,0,1,1,0,0
34.169706,-118.323548,67,60.4,3953.7,0,5356,1,0,1,0,1,0,0,0,0,0,1,0,0,0,1,0,1,0,0,0,0,0,1,1,0,0,0
34.15136,-118.364786,23,55.8,1327.85,0,2499,0,0,0,0,1,0,0,0,0,0,0,0,1,0,1,0,0,0,0,0,0,1,0,0,0,0,0
34.139082,-118.39275,14,31.1,419.7,0,3448,1,0,0,0,0,1,0,0,0,0,0,0,1,0,0,0,0,0,0,0,0,0,0,1,0,0,1
34.165783,-118.399795,4,50.95,207.35,0,2104,1,1,0,0,0,1,0,0,0,0,0,0,1,0,0,0,0,0,1,0,1,0,0,1,1,0,0
34.132275,-117.611478,16,69.1,1083.7,0,5172,1,0,0,1,1,0,1,0,0,0,1,0,1,0,0,0,0,0,0,0,1,0,0,1,0,1,0
34.174493,-117.87068,46,43.95,2007.85,0,4818,0,0,1,0,0,1,0,0,0,0,0,0,0,0,0,0,0,0,1,0,1,0,0,1,0,1,0
34.098275,-117.967399,68,86.5,5882.75,0,4280,1,0,0,0,1,0,1,0,0,0,1,0,1,0,0,0,1,0,1,0,1,0,1,1,0,0,0
33.942895,-117.725644,38,69.95,2657.55,0,5858,1,0,0,0,1,0,1,0,0,0,1,0,1,0,1,0,1,0,0,0,0,0,0,0,0,1,0
34.097345,-117.906736,17,90.95,1612.2,0,5687,1,0,0,0,1,0,0,1,0,0,0,0,1,0,1,0,0,0,0,0,1,0,0,1,1,0,0
34.084747,-117.886844,4,19.9,76.65,0,2347,1,0,1,1,1,0,0,0,1,1,0,1,0,1,0,1,0,1,0,1,0,0,1,0,0,0,1
34.08111,-117.853935,12,20.15,260.7,0,4628,0,0,0,0,1,0,0,0,1,1,0,1,0,1,0,1,0,1,0,1,0,1,0,0,0,1,0
34.10097,-117.57882,72,90.6,6441.85,0,4528,1,0,1,0,1,0,1,0,0,0,1,0,1,0,1,0,1,0,1,0,1,0,1,1,1,0,0
34.079934,-118.046695,3,92.0,266.8,0,4345,1,0,0,0,1,0,0,1,0,0,0,0,0,0,0,0,0,0,1,0,1,0,0,1,0,1,0
34.04622,-118.053753,41,24.85,962.25,0,3089,0,0,0,0,1,0,1,0,1,1,0,1,0,1,0,1,0,1,0,1,0,1,0,1,0,0,1
34.245289,-117.642503,40,36.0,1382.9,0,5323,1,0,0,0,0,1,0,0,0,0,0,0,1,0,0,0,1,0,0,0,0,1,0,0,1,0,0
34.133809,-117.523724,7,78.5,571.05,0,3601,0,0,0,0,1,0,0,0,0,0,1,0,1,0,0,0,1,0,1,0,1,0,0,1,0,1,0
34.119363,-117.855059,69,19.95,1399.35,0,4328,1,0,0,0,1,0,0,0,1,1,0,1,0,1,0,1,0,1,0,1,0,0,1,0,1,0,0
34.14649,-117.849815,7,20.65,150.0,0,2874,1,0,1,0,1,0,0,0,1,1,0,1,0,1,0,1,0,1,0,1,0,1,0,0,0,0,1
34.031441,-117.936436,5,30.5,167.2,0,5973,0,0,1,1,0,1,0,0,0,0,0,0,1,0,0,0,0,0,0,0,0,0,0,1,0,1,0
33.998471,-117.973758,72,106.1,7657.4,0,5146,0,0,1,1,1,0,1,1,0,0,1,0,1,0,1,0,1,0,1,0,0,0,1,0,1,0,0
34.038983,-117.991372,44,20.5,865.05,0,3093,1,0,1,0,1,0,0,0,1,1,0,1,0,1,0,1,0,1,0,1,0,1,0,1,0,0,0
33.976753,-117.897367,65,95.5,6153.85,0,6153,0,0,0,0,1,0,1,1,0,0,0,0,1,0,1,0,0,0,1,0,0,1,0,1,0,1,0
34.144703,-117.770299,3,64.6,174.2,0,5277,0,0,0,0,1,0,1,0,0,0,0,0,0,0,0,0,1,0,1,0,0,0,0,0,0,1,0
33.999992,-117.535395,24,51.1,1269.6,0,2515,1,0,0,0,1,0,0,0,0,0,0,0,0,0,0,0,1,0,0,0,0,0,0,1,1,0,0
34.049172,-118.115022,72,89.1,6352.4,0,4627,0,1,1,0,1,0,1,0,0,0,1,0,1,0,1,0,1,0,1,0,1,0,1,0,1,0,0
34.231318,-117.662032,24,54.95,1348.5,0,3407,1,0,0,0,1,0,0,0,0,0,1,0,0,0,0,0,1,0,0,0,0,0,0,0,0,1,0
34.057256,-117.667677,22,20.45,471.55,0,3727,1,0,1,0,1,0,0,0,1,1,0,1,0,1,0,1,0,1,0,1,0,0,0,1,0,0,0
34.072121,-117.698319,70,85.95,5931.75,0,6354,1,0,1,0,1,0,1,0,0,0,0,0,1,0,1,0,1,0,1,0,1,0,1,1,1,0,0
34.074087,-117.605618,25,60.35,1404.65,0,3192,1,0,1,1,1,0,1,0,0,0,0,0,0,0,0,0,0,0,1,0,0,0,0,0,0,1,0
33.992416,-117.807874,37,19.8,726.1,0,2745,1,0,1,1,1,0,0,0,1,1,0,1,0,1,0,1,0,1,0,1,0,0,1,0,0,0,0
34.042286,-117.756106,22,85.35,1961.6,0,2656,0,1,1,1,1,0,1,1,0,0,0,0,0,0,0,0,0,0,1,0,0,0,0,0,0,0,0
34.083086,-117.737997,59,72.1,4194.85,0,6225,0,0,1,0,1,0,1,0,0,0,0,0,0,0,1,0,1,0,1,0,0,0,1,1,0,0,0
34.114772,-118.089431,1,81.05,81.05,0,4396,1,0,1,1,1,0,0,1,0,0,0,0,0,0,0,0,0,0,0,0,1,0,0,1,0,1,0
34.089927,-118.095645,3,20.5,76.95,0,5296,1,0,0,0,1,0,0,0,1,1,0,1,0,1,0,1,0,1,0,1,0,0,0,1,0,1,0
34.101608,-118.055848,53,111.8,5809.75,0,5713,0,0,1,0,1,0,1,1,0,0,0,0,1,0,1,0,1,0,1,0,1,1,0,1,0,0,0
34.141146,-117.655583,1,20.2,20.2,0,3586,1,0,0,0,1,0,0,0,1,1,0,1,0,1,0,1,0,1,0,1,0,0,0,0,0,0,1
34.105493,-117.660934,20,19.7,415.9,0,2860,1,0,0,0,1,0,0,0,1,1,0,1,0,1,0,1,0,1,0,1,0,1,0,1,0,0,1
34.066964,-117.937007,51,19.85,996.95,0,5089,0,0,0,0,1,0,0,0,1,1,0,1,0,1,0,1,0,1,0,1,0,1,0,1,0,0,0
34.061634,-117.893169,51,60.5,3145.15,0,4207,0,0,1,0,1,0,0,0,0,0,1,0,1,0,0,0,1,0,0,0,0,1,0,1,0,0,0
34.024405,-117.898722,13,19.55,265.3,0,2816,0,0,1,1,1,0,0,0,1,1,0,1,0,1,0,1,0,1,0,1,0,0,1,0,0,0,1
34.090925,-118.128164,1,20.9,20.9,0,3901,0,0,0,0,1,0,0,0,1,1,0,1,0,1,0,1,0,1,0,1,0,0,0,0,0,0,1
34.074736,-118.145959,1,21.05,21.05,0,3389,1,0,0,1,1,0,0,0,1,1,0,1,0,1,0,1,0,1,0,1,0,0,0,1,0,0,1
32.827184,-116.703729,63,71.5,4576.3,0,5342,1,0,0,0,1,0,1,0,0,0,1,0,1,0,1,0,1,0,0,0,0,1,0,0,0,1,0
32.67117,-117.00232,3,54.65,189.1,0,2168,1,0,0,0,1,0,0,0,0,0,0,0,0,0,0,0,0,0,0,0,1,0,0,0,0,0,1
32.677097,-116.304991,46,19.2,908.15,0,2776,1,0,0,0,1,0,0,0,1,1,0,1,0,1,0,1,0,1,0,1,0,0,1,0,1,0,0
32.673483,-116.472863,1,49.8,49.8,0,4796,1,0,0,0,1,0,1,0,0,0,0,0,0,0,0,0,0,0,0,0,0,0,0,1,1,0,0
32.607964,-117.059459,71,20.5,1500.95,0,4941,0,0,1,1,1,0,0,0,1,1,0,1,0,1,0,1,0,1,0,1,0,0,1,0,0,0,0
32.64164,-116.985026,55,90.4,5099.15,0,4603,1,0,1,1,1,0,1,1,0,0,0,0,0,0,1,0,0,0,1,0,0,0,0,1,1,0,0
32.688506,-116.938632,70,90.25,6385.95,0,5327,0,0,0,0,1,0,1,1,0,0,0,0,1,0,1,0,1,0,0,0,0,1,0,1,0,0,0
32.912664,-116.635387,67,104.6,6885.75,0,4743,1,0,1,1,1,0,1,1,0,0,1,0,0,0,0,0,1,0,1,0,1,0,1,0,0,0,0
32.857946,-116.561917,14,50.2,668.85,0,4253,1,0,1,0,1,0,0,0,0,0,0,0,0,0,1,0,0,0,0,0,0,0,0,0,1,0,0
32.579134,-117.119009,20,95.5,1916.2,0,3186,0,0,1,1,1,0,1,1,0,0,0,0,0,0,1,0,1,0,0,0,1,0,0,1,0,0,0
32.759327,-116.99726,49,95.4,4613.95,0,6136,0,0,1,1,1,0,1,1,0,0,0,0,0,0,0,0,0,0,1,0,1,0,0,1,0,0,0
32.782501,-117.01611,72,101.3,7261.25,0,5513,0,0,0,0,1,0,1,1,0,0,1,0,1,0,1,0,0,0,1,0,0,0,1,1,0,0,0
32.733564,-117.033713,46,53.1,2459.8,0,3358,0,0,1,0,1,0,1,0,0,0,1,0,0,0,0,0,0,0,0,0,0,0,0,0,0,1,0
32.830852,-116.444601,24,84.85,2048.8,0,2941,1,0,0,0,1,0,1,1,0,0,0,0,1,0,1,0,0,0,0,0,0,0,0,1,0,0,0
32.67102,-117.095235,5,34.25,163.55,0,5100,0,0,1,1,0,1,0,0,0,0,0,0,1,0,0,0,1,0,0,0,0,0,0,0,0,1,0
32.800671,-116.483363,33,88.6,2888.7,0,3648,0,0,1,1,1,0,1,1,0,0,0,0,1,0,1,0,1,0,0,0,0,0,0,0,1,0,0
32.619465,-116.593605,42,60.15,2421.6,0,5988,0,0,0,0,1,0,1,0,0,0,1,0,1,0,0,0,0,0,0,0,0,1,0,1,0,0,0
32.726627,-116.994608,23,99.95,2292.75,0,3515,1,0,0,0,1,0,0,1,0,0,1,0,0,0,1,0,0,0,1,0,1,1,0,1,1,0,0
32.730264,-116.950963,8,70.7,553.4,0,4946,1,0,0,0,1,0,0,1,0,0,0,0,0,0,0,0,0,0,0,0,0,0,0,0,0,0,0
32.587557,-116.636816,66,54.8,3465.7,0,4621,1,0,0,0,1,0,0,0,0,0,1,0,1,0,0,0,0,0,0,0,0,1,0,1,0,0,1
33.200369,-116.192313,24,54.8,1291.3,0,4330,1,1,0,0,1,0,1,0,0,0,0,0,1,0,0,0,0,0,0,0,0,0,0,0,1,0,0
33.148116,-117.306043,53,100.3,5200.8,0,5377,0,0,0,0,1,0,0,1,0,0,0,0,1,0,1,0,0,0,1,0,1,1,0,1,0,0,1
33.098018,-117.258203,60,53.6,3237.05,0,4173,0,0,0,0,0,1,0,0,0,0,1,0,0,0,1,0,0,0,1,0,1,0,1,0,0,1,0
32.785165,-116.862648,20,19.35,433.75,0,5811,0,0,0,0,1,0,0,0,1,1,0,1,0,1,0,1,0,1,0,1,0,1,0,1,1,0,0
32.79697,-116.969082,23,85.6,1868.4,0,3513,0,0,1,1,1,0,1,1,0,0,0,0,0,0,0,0,0,0,0,0,1,0,0,0,0,1,0
32.832706,-116.873258,72,80.8,5728.55,0,4689,1,0,1,0,1,0,0,0,0,0,1,0,0,0,1,0,1,0,1,0,1,0,1,1,0,1,0
33.081478,-117.033814,21,19.6,390.4,0,4562,1,0,0,0,1,0,0,0,1,1,0,1,0,1,0,1,0,1,0,1,0,0,1,0,0,0,1
33.141265,-116.967221,31,90.7,2845.15,0,3493,1,1,0,0,1,0,1,1,0,0,0,0,1,0,0,0,0,0,1,0,0,0,0,1,0,1,0
33.362575,-117.299644,57,69.75,3894.4,0,4487,0,0,0,0,1,0,0,0,0,0,0,0,1,0,1,0,1,0,1,0,0,0,1,0,0,0,1
33.079834,-117.134275,45,20.0,886.4,0,5169,0,0,1,1,1,0,0,0,1,1,0,1,0,1,0,1,0,1,0,1,0,0,1,1,0,0,0
32.980678,-116.262854,10,95.25,1021.55,0,4810,1,0,0,0,1,0,1,1,0,0,0,0,1,0,1,0,0,0,0,0,1,0,0,1,0,1,0
32.909873,-116.906774,14,19.95,268.4,0,5770,1,0,0,1,1,0,0,0,1,1,0,1,0,1,0,1,0,1,0,1,0,0,0,0,0,0,1
33.351059,-117.420557,27,80.85,2204.35,0,4732,1,0,1,0,1,0,1,0,0,0,1,0,0,0,0,0,1,0,1,0,1,1,0,0,0,0,1
33.384345,-117.072619,69,93.3,6398.05,0,5205,0,0,1,1,1,0,1,1,0,0,0,0,1,0,0,0,1,0,0,0,1,0,1,1,0,0,0
32.984395,-117.013454,35,46.35,1662.05,0,4577,0,0,1,0,0,1,0,0,0,0,1,0,0,0,0,0,1,0,1,0,0,0,1,1,1,0,0
33.215251,-116.53633,45,78.75,3600.65,0,2595,1,0,1,0,1,0,1,0,0,0,0,0,1,0,1,0,0,0,1,0,1,1,0,0,1,0,0
33.012751,-117.200617,17,83.55,1329.15,0,5564,0,0,0,0,1,0,0,1,0,0,0,0,1,0,0,0,0,0,1,0,0,0,0,1,0,1,0
33.174725,-116.743329,22,19.6,422.5,0,2203,1,0,0,0,1,0,0,0,1,1,0,1,0,1,0,1,0,1,0,1,0,1,0,0,0,0,1
33.001813,-117.263628,67,67.85,4627.65,0,4792,1,0,1,0,1,0,0,0,0,0,1,0,0,0,1,0,1,0,0,0,1,0,1,0,0,0,1
33.119028,-117.166036,67,105.65,6717.9,0,6383,0,0,1,1,1,0,1,1,0,0,0,0,0,0,1,0,1,0,1,0,1,0,1,1,0,0,0
33.22784,-117.200024,9,75.5,637.4,0,3021,0,1,0,0,1,0,0,1,0,0,0,0,0,0,1,0,0,0,0,0,0,0,0,0,1,0,0
33.323705,-116.626907,5,20.15,117.95,0,5020,0,0,0,0,1,0,0,0,1,1,0,1,0,1,0,1,0,1,0,1,0,0,0,0,0,0,1
32.99356,-117.207121,54,45.2,2460.55,0,5435,1,0,0,0,0,1,0,0,0,0,1,0,0,0,0,0,1,0,1,0,0,0,1,0,1,0,0
32.741852,-117.243453,70,79.25,5731.85,0,5085,1,0,1,0,1,0,1,0,0,0,1,0,1,0,1,0,1,0,1,0,0,0,1,1,0,0,0
32.787836,-117.232376,53,85.7,4616.1,0,5957,1,0,1,1,1,0,1,0,0,0,1,0,0,0,1,0,1,0,1,0,1,0,0,0,0,1,0
32.805518,-117.169052,31,20.1,589.25,0,3086,0,0,0,0,1,0,0,0,1,1,0,1,0,1,0,1,0,1,0,1,0,1,0,0,1,0,0
32.697098,-117.116587,13,61.8,750.1,0,4749,1,0,1,1,1,0,0,0,0,0,0,0,1,0,1,0,1,0,0,0,0,0,0,0,0,0,0
32.707892,-117.05512,28,49.9,1410.25,0,5250,0,0,1,1,1,0,1,0,0,0,0,0,0,0,0,0,0,0,0,0,0,0,0,0,0,0,1
32.765299,-117.122565,38,20.4,743.5,0,3756,1,0,1,0,1,0,0,0,1,1,0,1,0,1,0,1,0,1,0,1,0,0,1,0,0,0,0
32.802959,-117.027095,52,75.4,3865.45,0,5211,1,0,1,0,1,0,0,0,0,0,1,0,1,0,0,0,0,0,1,0,1,1,0,1,0,0,1
32.807867,-117.060993,62,108.15,6825.65,0,5298,1,0,1,1,1,0,0,1,0,0,1,0,1,0,1,0,1,0,1,0,1,0,1,0,0,0,1
32.898613,-117.202937,16,86.25,1340.1,0,3511,0,0,0,0,1,0,0,1,0,0,0,0,1,0,0,0,0,0,0,0,1,0,0,1,0,1,0
32.808814,-117.134694,12,95.7,1184.0,0,5527,1,0,0,0,1,0,0,1,0,0,0,0,0,0,1,0,0,0,1,0,1,1,0,0,0,1,0
32.827238,-117.089287,72,116.85,8477.7,0,4055,0,0,1,1,1,0,1,1,0,0,1,0,1,0,1,0,1,0,1,0,1,0,1,1,0,0,0
32.886925,-117.152162,71,105.75,7382.85,0,4921,1,1,0,0,1,0,1,1,0,0,0,0,1,0,0,0,1,0,1,0,1,1,0,0,0,0,0
33.017518,-117.118456,24,20.15,456.85,0,3573,0,0,1,0,1,0,0,0,1,1,0,1,0,1,0,1,0,1,0,1,0,1,0,0,0,0,1
33.000269,-117.072093,15,19.6,331.6,0,2722,0,0,0,0,1,0,0,0,1,1,0,1,0,1,0,1,0,1,0,1,0,0,1,0,0,0,1
32.957195,-117.202542,2,60.95,134.6,0,3172,1,0,0,1,1,0,1,0,0,0,1,0,1,0,0,0,0,0,0,0,0,0,0,0,0,0,0
32.89325,-117.087091,5,25.05,125.5,0,2071,0,0,1,1,0,1,0,0,0,0,0,0,0,0,0,0,0,0,0,0,0,0,0,0,0,0,1
32.555828,-117.040073,41,60.3,2511.3,0,4565,1,0,1,0,1,0,0,0,0,0,1,0,1,0,1,0,0,0,0,0,0,1,0,1,0,0,0
33.713891,-116.237257,43,63.95,2737.05,0,4205,0,0,0,1,1,0,0,0,0,0,1,0,1,0,0,0,0,0,0,0,1,0,0,1,0,1,0
33.752938,-116.230055,1,74.3,74.3,0,2968,1,1,1,0,1,0,1,1,0,0,0,0,0,0,0,0,0,0,0,0,0,0,0,0,0,1,0
33.537646,-116.291089,1,70.6,70.6,0,2576,0,1,0,0,1,0,0,1,0,0,0,0,0,0,0,0,0,0,0,0,0,0,0,1,0,0,1
33.946982,-116.977672,71,90.55,6404.0,0,5007,1,0,1,0,1,0,1,0,0,0,1,0,1,0,1,0,1,0,1,0,1,0,1,0,0,0,0
33.674583,-114.71612,7,19.45,165.35,0,2600,1,0,0,0,1,0,0,0,1,1,0,1,0,1,0,1,0,1,0,1,0,0,1,0,0,0,1
33.03933,-115.191857,28,64.45,1867.6,0,3820,0,1,0,0,1,0,1,0,0,0,0,0,1,0,1,0,1,0,0,0,0,0,0,0,0,0,0
33.929812,-116.76058,16,69.65,1043.3,0,5610,1,1,0,0,1,0,0,1,0,0,0,0,0,0,0,0,0,0,0,0,0,0,0,0,0,1,0
32.690654,-115.431225,7,19.5,128.6,0,4271,1,0,0,0,1,0,0,0,1,1,0,1,0,1,0,1,0,1,0,1,0,1,0,0,0,0,1
33.143826,-115.497485,69,110.5,7455.45,0,4803,0,0,0,0,1,0,1,1,0,0,0,0,1,0,1,0,1,0,1,0,1,0,1,1,0,0,0
33.829583,-116.474131,1,24.7,24.7,0,3065,0,0,0,1,0,1,0,0,0,0,0,0,0,0,0,0,0,0,0,0,0,0,0,0,0,0,1
33.680031,-116.171678,3,77.4,206.15,0,5528,1,0,0,0,1,0,0,0,0,0,1,0,0,0,1,0,0,0,1,0,1,0,0,1,0,1,0
33.948558,-116.516976,69,85.4,5869.4,0,5976,0,0,1,0,1,0,1,1,0,0,0,0,1,0,1,0,0,0,0,0,0,0,0,1,0,0,0
33.832799,-116.250973,71,47.6,3377.8,0,4795,0,0,1,0,0,1,0,0,0,0,1,0,1,0,1,0,1,0,0,0,0,0,1,1,0,0,0
34.137742,-114.36514,69,19.4,1346.2,0,6408,0,0,1,1,1,0,0,0,1,1,0,1,0,1,0,1,0,1,0,1,0,0,1,0,0,0,1
32.770393,-115.60915,48,103.85,4946.05,0,4304,0,0,0,0,1,0,1,1,0,0,0,0,0,0,1,0,1,0,1,0,1,0,0,1,0,1,0
32.858595,-115.662709,45,108.45,4964.7,0,5093,1,0,0,0,1,0,1,1,0,0,1,0,0,0,1,0,1,0,1,0,1,0,0,1,1,0,0
34.167236,-116.281511,51,81.0,4085.75,0,4121,1,0,0,0,1,0,1,1,0,0,0,0,1,0,0,0,0,0,0,0,0,0,0,0,0,0,0
33.543835,-115.993906,72,86.65,6224.8,0,4621,1,0,0,0,1,0,1,0,0,0,1,0,1,0,1,0,1,0,1,0,1,0,1,0,0,0,0
34.097863,-116.594561,37,92.95,3415.25,0,3462,1,0,1,1,1,0,1,1,0,0,0,0,1,0,1,0,0,0,1,0,0,0,0,1,0,1,0
33.345825,-115.596574,71,90.35,6325.25,0,6483,1,0,1,0,1,0,1,0,0,0,1,0,1,0,1,0,1,0,1,0,1,0,1,0,0,1,0
32.698964,-115.886656,66,25.15,1683.6,0,6141,0,0,0,0,1,0,1,0,1,1,0,1,0,1,0,1,0,1,0,1,0,0,1,1,1,0,0
33.694501,-116.412711,51,76.4,3966.3,0,6385,1,0,1,0,1,0,0,0,0,0,1,0,0,0,0,0,1,0,1,0,1,1,0,1,0,0,0
33.839989,-116.659215,30,19.55,608.5,0,5203,0,0,1,0,1,0,0,0,1,1,0,1,0,1,0,1,0,1,0,1,0,1,0,0,0,0,0
33.745746,-116.514215,34,85.35,2896.6,0,3818,0,0,0,0,1,0,1,1,0,0,0,0,0,0,0,0,0,0,1,0,0,0,0,0,0,1,0
33.3249,-114.758334,64,24.8,1514.85,0,6281,1,0,1,1,1,0,1,0,1,1,0,1,0,1,0,1,0,1,0,1,0,0,1,1,0,0,1
34.273872,-114.192901,65,103.15,6792.45,0,6441,1,1,1,0,1,0,1,1,0,0,0,0,1,0,1,0,0,0,1,0,1,1,0,1,0,0,0
34.201108,-116.593456,47,100.75,4669.2,0,2508,1,0,0,0,1,0,1,1,0,0,1,0,1,0,0,0,1,0,1,0,0,0,0,0,0,0,1
33.53604,-116.119222,67,94.1,6302.8,0,4803,0,0,1,1,1,0,1,1,0,0,0,0,1,0,0,0,1,0,1,0,0,0,1,0,1,0,0
33.28156,-115.955541,39,19.35,779.2,0,2607,1,0,0,0,1,0,0,0,1,1,0,1,0,1,0,1,0,1,0,1,0,1,0,0,0,0,0
33.849263,-116.382778,14,19.9,283.75,0,3854,1,0,0,0,1,0,0,0,1,1,0,1,0,1,0,1,0,1,0,1,0,0,0,0,0,0,1
34.457829,-116.139589,56,101.05,5594.0,0,5514,1,1,0,0,1,0,1,1,0,0,0,0,0,0,1,0,0,0,1,0,1,0,0,1,0,1,0
34.264124,-114.717964,14,59.1,772.85,0,5718,0,0,0,0,1,0,0,0,0,0,0,0,0,0,0,0,1,0,0,0,1,1,0,0,1,0,0
33.972293,-116.654195,16,55.85,857.8,0,2464,1,0,1,0,1,0,0,0,0,0,1,0,1,0,0,0,0,0,0,0,0,1,0,1,0,0,1
32.852947,-114.850784,70,106.05,7554.05,0,4583,1,0,1,1,1,0,1,1,0,0,1,0,1,0,0,0,0,0,1,0,1,0,0,1,0,1,0
34.159534,-116.425984,72,84.1,5981.65,0,4671,1,1,1,0,1,0,1,0,0,0,1,0,1,0,1,0,0,0,1,0,1,0,1,1,1,0,0
34.341737,-116.539416,23,75.3,1702.9,0,5903,0,0,1,1,1,0,0,1,0,0,0,0,0,0,1,0,0,0,0,0,0,0,0,1,1,0,0
34.667815,-117.536183,21,24.7,467.15,0,5403,1,0,0,1,1,0,1,0,1,1,0,1,0,1,0,1,0,1,0,1,0,0,0,0,0,0,1
35.349241,-116.770281,36,55.8,1941.5,0,4770,0,0,0,0,1,0,1,0,0,0,0,0,0,0,1,0,0,0,0,0,0,1,0,0,0,1,0
34.965648,-117.001509,50,39.7,1932.75,0,5174,0,0,0,0,0,1,0,0,0,0,0,0,1,0,1,0,1,0,0,0,0,0,1,0,1,0,0
34.029175,-117.307211,48,29.5,1423.05,0,3194,0,0,1,1,0,1,0,0,0,0,0,0,0,0,0,0,1,0,0,0,0,0,0,1,1,0,0
34.278967,-116.773825,50,20.15,970.85,0,4263,0,0,0,1,1,0,0,0,1,1,0,1,0,1,0,1,0,1,0,1,0,0,1,0,1,0,0
34.242058,-116.89802,72,79.55,5810.9,0,4766,1,0,1,0,1,0,1,0,0,0,1,0,1,0,1,0,1,0,0,0,1,0,1,0,1,0,0
34.059722,-117.39104,10,24.8,223.9,0,5212,1,0,0,1,1,0,1,0,1,1,0,1,0,1,0,1,0,1,0,1,0,0,0,0,1,0,0
33.982787,-117.057627,18,19.65,391.7,0,4333,0,0,0,0,1,0,0,0,1,1,0,1,0,1,0,1,0,1,0,1,0,0,0,0,0,0,1
34.248061,-117.29028,9,94.05,811.65,0,3475,1,0,0,0,1,0,0,1,0,0,0,0,0,0,1,0,0,0,1,0,1,0,0,1,0,1,0
34.875144,-116.821698,2,90.75,174.75,0,4766,1,0,0,0,1,0,1,1,0,0,1,0,0,0,0,0,0,0,0,0,1,0,0,0,0,0,1
36.27688,-117.033326,40,78.85,3126.85,0,5257,0,0,1,0,1,0,1,1,0,0,0,0,0,0,0,0,1,0,0,0,0,0,0,1,1,0,0
34.9436,-115.287901,69,99.5,6841.45,0,4237,1,0,1,0,1,0,1,1,0,0,0,0,0,0,1,0,0,0,1,0,1,1,0,0,0,0,0
34.087558,-117.464096,18,80.55,1406.65,0,5334,1,0,0,1,1,0,1,1,0,0,0,0,0,0,1,0,0,0,0,0,0,0,0,1,1,0,0
34.136367,-117.460803,11,70.2,834.7,0,2848,1,1,1,0,1,0,0,1,0,0,0,0,0,0,0,0,0,0,0,0,0,0,0,1,0,1,0
34.067699,-116.903891,55,59.45,3157.0,0,5712,1,0,1,0,1,0,0,0,0,0,1,0,0,0,0,0,0,0,0,0,1,1,0,0,1,0,0
34.244411,-117.072654,33,93.35,3092.0,0,3348,1,0,1,0,1,0,1,1,0,0,0,0,1,0,1,0,0,0,0,0,1,0,0,1,0,1,0
34.757783,-117.33997,46,44.95,2168.9,0,2626,0,0,0,0,1,0,0,0,0,0,0,0,0,0,0,0,0,0,0,0,0,0,0,0,0,0,0
34.361387,-117.337509,34,26.1,980.35,0,2026,1,0,0,0,1,0,1,0,1,1,0,1,0,1,0,1,0,1,0,1,0,0,1,0,0,0,0
34.129677,-117.154277,3,20.2,65.95,0,4369,0,0,0,0,1,0,0,0,1,1,0,1,0,1,0,1,0,1,0,1,0,0,0,0,0,1,0
34.983808,-117.239306,30,21.25,711.9,0,3047,1,0,1,1,1,0,0,0,1,1,0,1,0,1,0,1,0,1,0,1,0,0,1,0,0,0,1
34.2565,-117.19335,33,59.4,1952.8,0,2853,0,0,0,0,1,0,1,0,0,0,1,0,0,0,0,0,1,0,0,0,0,1,0,0,0,1,0
34.049315,-117.255974,45,95.0,4368.85,0,2719,1,0,1,1,1,0,1,1,0,0,0,0,1,0,1,0,0,0,0,0,1,1,0,1,1,0,0
34.508417,-116.856103,40,61.9,2647.1,0,2520,1,0,0,0,1,0,0,0,0,0,1,0,1,0,0,0,1,0,0,0,0,0,0,1,0,0,1
34.238162,-117.534306,71,118.65,8477.6,0,4296,0,0,0,0,1,0,1,1,0,0,1,0,1,0,1,0,1,0,1,0,1,0,1,1,0,1,0
34.711224,-114.702256,72,64.45,4528.0,0,5265,0,0,1,0,0,1,0,0,0,0,1,0,1,0,1,0,1,0,1,0,1,0,1,0,0,0,0
35.478736,-115.516984,22,80.15,1790.65,0,4732,0,0,1,1,1,0,0,1,0,0,0,0,0,0,0,0,0,0,0,0,1,0,0,1,0,1,0
34.89326,-116.505958,46,20.2,845.6,0,2325,1,0,1,0,1,0,0,0,1,1,0,1,0,1,0,1,0,1,0,1,0,1,0,1,0,0,0
34.647959,-117.296957,55,21.0,1210.3,0,5046,0,0,1,1,1,0,0,0,1,1,0,1,0,1,0,1,0,1,0,1,0,0,1,0,0,0,1
34.441123,-117.537886,1,20.45,20.45,0,4845,1,0,0,0,1,0,0,0,1,1,0,1,0,1,0,1,0,1,0,1,0,0,0,0,0,0,1
34.459322,-117.629729,12,75.85,854.45,0,5942,0,0,0,0,1,0,1,0,0,0,0,0,0,0,0,0,1,0,1,0,1,1,0,1,0,0,1
34.003243,-117.138286,31,80.45,2429.1,0,4684,1,0,0,0,1,0,1,1,0,0,0,0,1,0,0,0,0,0,0,0,0,0,0,1,0,1,0
34.109775,-117.378904,67,75.5,5229.45,0,5420,0,0,1,0,1,0,1,0,0,0,1,0,0,0,0,0,0,0,1,0,1,0,1,1,0,1,0
34.156758,-117.404686,1,44.45,44.45,0,3498,1,0,0,0,1,0,0,0,0,0,0,0,0,0,0,0,0,0,0,0,0,0,0,0,0,0,1
35.924252,-116.188668,41,74.55,3023.55,0,2748,1,0,1,1,1,0,1,0,0,0,1,0,1,0,1,0,0,0,1,0,0,0,0,1,1,0,0
34.486835,-117.362274,42,48.15,2032.3,0,2673,1,0,1,0,0,1,0,0,0,0,1,0,0,0,1,0,1,0,1,0,0,0,1,0,1,0,0
34.567058,-117.362329,23,19.65,436.9,0,5460,1,0,1,0,1,0,0,0,1,1,0,1,0,1,0,1,0,1,0,1,0,1,0,0,0,0,1
35.013299,-116.834092,1,20.15,20.15,0,3167,0,0,0,0,1,0,0,0,1,1,0,1,0,1,0,1,0,1,0,1,0,0,0,0,0,0,1
34.04597,-117.011825,56,106.6,5893.95,0,5056,0,0,0,0,1,0,1,1,0,0,1,0,1,0,0,0,0,0,1,0,1,0,0,1,1,0,0
34.105935,-117.2914,15,91.0,1430.05,0,4602,1,0,0,1,1,0,1,1,0,0,0,0,1,0,0,0,0,0,1,0,0,0,0,1,0,1,0
34.183286,-117.221722,12,25.4,313.0,0,2219,1,0,1,1,1,0,1,0,1,1,0,1,0,1,0,1,0,1,0,1,0,0,1,1,0,0,0
34.142747,-117.300864,54,69.95,3871.85,0,5077,0,0,1,0,1,0,0,0,0,0,1,0,0,0,1,0,1,0,0,0,1,0,1,0,0,0,0
34.250069,-117.393949,7,66.85,458.1,0,4858,0,0,0,0,1,0,0,0,0,0,0,0,0,0,0,0,0,0,1,0,1,0,0,1,0,1,0
34.106922,-117.297553,16,20.15,341.35,0,5271,1,0,1,1,1,0,0,0,1,1,0,1,0,1,0,1,0,1,0,1,0,0,0,0,0,1,0
34.122501,-117.320138,21,64.85,1336.8,0,3302,0,0,0,0,1,0,0,0,0,0,1,0,0,0,1,0,0,0,0,0,1,1,0,0,0,0,1
33.994676,-117.372498,30,74.85,2181.75,0,5610,1,1,1,0,1,0,1,0,0,0,0,0,0,0,1,0,0,0,1,0,1,0,1,0,0,1,0
33.890046,-117.455583,3,50.5,147.75,0,5258,1,0,0,0,1,0,0,0,0,0,0,0,0,0,0,0,1,0,0,0,0,0,0,1,0,0,1
33.9108,-117.398153,11,72.9,818.45,0,3042,1,0,0,0,1,0,0,1,0,0,0,0,0,0,1,0,0,0,0,0,0,0,0,0,0,1,0
33.920907,-117.489426,62,115.05,7133.45,0,6494,0,0,0,0,1,0,1,1,0,0,1,0,1,0,1,0,1,0,1,0,1,1,0,1,1,0,0
33.930931,-117.361788,18,19.0,348.8,0,5379,1,0,0,0,1,0,0,0,1,1,0,1,0,1,0,1,0,1,0,1,0,0,0,0,0,1,0
33.976328,-117.319786,6,19.55,128.6,0,2309,1,0,0,1,1,0,0,0,1,1,0,1,0,1,0,1,0,1,0,1,0,0,0,0,0,0,1
33.885499,-117.324959,46,101.1,4674.4,0,4883,0,0,0,0,1,0,1,1,0,0,0,0,0,0,1,0,0,0,1,0,1,1,0,1,0,1,0
34.004379,-117.447864,21,84.1,1737.45,0,4649,1,0,0,0,1,0,1,1,0,0,0,0,0,0,0,0,0,0,0,0,1,0,0,1,0,1,0
33.888323,-117.277533,68,24.15,1498.85,0,5987,1,0,0,0,1,0,1,0,1,1,0,1,0,1,0,1,0,1,0,1,0,0,1,1,0,0,0
33.655421,-117.391751,1,50.1,50.1,0,5617,0,0,0,0,1,0,1,0,0,0,0,0,0,0,0,0,0,0,0,0,0,0,0,1,0,1,0
33.705836,-117.318204,25,74.6,1797.75,0,4591,0,0,1,0,1,0,0,1,0,0,0,0,0,0,1,0,0,0,0,0,0,0,0,1,0,1,0
33.482243,-116.827173,24,19.75,498.1,0,2639,0,0,0,1,1,0,0,0,1,1,0,1,0,1,0,1,0,1,0,1,0,0,1,0,0,0,1
33.644585,-116.871544,51,106.8,5498.8,0,4640,1,0,1,0,1,0,1,1,0,0,0,0,1,0,1,0,0,0,1,0,1,1,0,1,0,0,0
33.734933,-117.044145,57,84.5,4845.4,0,5928,0,0,1,0,1,0,1,0,0,0,1,0,0,0,1,0,1,0,1,0,1,0,1,1,0,1,0
33.761894,-117.120868,15,25.05,369.1,0,5218,0,0,0,0,1,0,1,0,1,1,0,1,0,1,0,1,0,1,0,1,0,0,1,0,0,0,0
33.755039,-116.741796,72,83.7,6096.9,0,4592,0,0,1,0,1,0,0,0,0,0,1,0,1,0,1,0,1,0,1,0,1,0,1,1,0,0,0
33.923149,-117.244933,28,96.6,2684.35,0,5530,1,0,1,0,1,0,1,1,0,0,0,0,1,0,1,0,0,0,1,0,0,0,0,0,1,0,0
33.970661,-117.255039,70,101.1,6994.8,0,4226,1,0,1,1,1,0,0,1,0,0,1,0,1,0,1,0,1,0,1,0,0,0,1,1,1,0,0
33.638645,-116.55783,13,20.2,273.25,0,2953,0,0,0,0,1,0,0,0,1,1,0,1,0,1,0,1,0,1,0,1,0,1,0,0,0,0,1
33.548869,-117.334165,59,94.05,5483.9,0,5061,0,1,1,0,1,0,1,1,0,0,1,0,1,0,1,0,1,0,0,0,0,1,0,1,0,1,0
33.787298,-117.320676,62,81.0,4985.9,0,4684,0,0,1,0,1,0,0,0,0,0,1,0,0,0,1,0,1,0,1,0,1,0,1,0,0,0,1
33.828289,-117.201666,21,60.25,1258.35,0,4870,0,0,0,0,1,0,0,0,0,0,1,0,0,0,1,0,1,0,0,0,0,1,0,1,0,1,0
33.806708,-117.02007,2,60.85,111.4,0,3796,0,0,0,0,1,0,0,0,0,0,0,0,0,0,1,0,0,0,0,0,1,0,0,0,0,1,0
33.796568,-116.924723,1,43.95,43.95,0,5684,0,0,0,0,1,0,0,0,0,0,0,0,0,0,0,0,0,0,0,0,0,0,0,0,1,0,0
33.653338,-117.178271,4,86.05,308.1,0,3653,1,0,0,0,1,0,0,1,0,0,0,0,0,0,1,0,0,0,0,0,1,0,0,0,0,1,0
33.739412,-117.173334,19,20.25,383.65,0,5586,0,0,0,0,1,0,0,0,1,1,0,1,0,1,0,1,0,1,0,1,0,1,0,0,1,0,0
33.69887,-117.25071,67,19.4,1284.2,0,4890,1,0,1,1,1,0,0,0,1,1,0,1,0,1,0,1,0,1,0,1,0,0,1,1,1,0,0
33.475493,-117.219551,72,102.65,7550.3,0,4680,1,1,1,0,1,0,1,1,0,0,1,0,1,0,1,0,0,0,0,0,1,0,1,1,1,0,0
33.540604,-117.10909,53,19.9,1110.05,0,4157,1,0,1,0,1,0,0,0,1,1,0,1,0,1,0,1,0,1,0,1,0,0,1,0,1,0,0
33.507255,-117.029473,5,19.55,99.6,0,2575,0,0,0,0,1,0,0,0,1,1,0,1,0,1,0,1,0,1,0,1,0,1,0,0,0,1,0
33.617108,-117.253349,71,95.5,6707.15,0,6412,1,1,1,0,1,0,0,1,0,0,0,0,1,0,1,0,1,0,0,0,1,0,1,1,1,0,0
33.657433,-117.04254,50,84.15,4164.4,0,4625,0,0,1,0,1,0,1,0,0,0,0,0,1,0,1,0,1,0,1,0,1,1,0,1,1,0,0
33.720359,-117.733655,56,103.2,5873.75,0,4478,1,0,1,1,1,0,1,1,0,0,0,0,0,0,1,0,1,0,1,0,1,0,1,1,0,1,0
33.688546,-117.788091,2,50.2,109.25,0,4697,1,0,0,0,1,0,0,0,0,0,0,0,0,0,0,0,1,0,0,0,0,0,0,1,1,0,0
33.643095,-117.810896,46,19.95,862.4,0,3574,1,0,1,1,1,0,0,0,1,1,0,1,0,1,0,1,0,1,0,1,0,0,1,0,1,0,0
33.680302,-117.833296,71,116.25,8564.75,0,6124,1,0,1,0,1,0,1,1,0,0,1,0,1,0,1,0,1,0,1,0,1,0,1,1,0,1,0
33.667145,-117.732135,29,31.2,926.2,0,4761,0,0,0,0,0,1,0,0,0,0,0,0,0,0,0,0,1,0,0,0,0,0,0,1,0,1,0
33.716136,-117.752574,69,24.45,1718.2,0,5295,1,0,1,1,1,0,1,0,1,1,0,1,0,1,0,1,0,1,0,1,0,0,1,0,0,0,0
33.458754,-117.665104,71,84.2,5956.85,0,4753,1,0,1,0,1,0,1,0,0,0,0,0,1,0,1,0,1,0,1,0,1,0,1,0,1,0,0
33.678591,-117.905471,56,85.65,4824.45,0,6500,1,1,1,0,1,0,0,0,0,0,1,0,1,0,1,0,1,0,1,0,1,0,1,1,0,0,0
33.645672,-117.922613,56,21.2,1238.65,0,6473,1,0,0,0,1,0,0,0,1,1,0,1,0,1,0,1,0,1,0,1,0,1,0,1,0,0,1
33.644849,-117.684254,28,25.55,672.2,0,3493,0,0,1,0,1,0,1,0,1,1,0,1,0,1,0,1,0,1,0,1,0,1,0,0,0,0,1
33.666301,-117.969501,19,20.2,382.2,0,3636,0,0,1,1,1,0,0,0,1,1,0,1,0,1,0,1,0,1,0,1,0,0,0,0,0,0,1
33.723579,-118.005441,66,63.85,4264.6,0,5956,1,0,1,0,1,0,1,0,0,0,0,0,0,0,0,0,1,0,0,0,1,0,0,0,0,1,0
33.679659,-118.016195,17,61.95,1070.7,0,4759,0,0,1,0,1,0,1,0,0,0,0,0,0,0,1,0,1,0,0,0,0,1,0,1,0,0,1
33.721917,-118.043237,52,25.75,1345.85,0,4676,1,0,1,1,1,0,1,0,1,1,0,1,0,1,0,1,0,1,0,1,0,0,1,0,0,0,1
33.570023,-117.773669,19,58.2,1045.25,0,4033,0,0,0,0,1,0,0,0,0,0,0,0,1,0,0,0,0,0,1,0,0,1,0,0,0,1,0
33.606899,-117.717854,36,85.85,3003.55,0,4898,0,0,0,0,1,0,0,0,0,0,1,0,1,0,1,0,1,0,1,0,1,1,0,0,0,0,0
33.571259,-117.731917,72,104.9,7537.5,0,4927,1,0,1,1,1,0,1,1,0,0,1,0,1,0,1,0,1,0,0,0,1,1,0,1,1,0,0
33.634626,-117.874882,34,99.85,3343.15,0,5626,1,1,0,0,1,0,0,1,0,0,0,0,1,0,1,0,0,0,1,0,1,1,0,1,0,1,0
33.429488,-117.609432,8,19.55,161.15,0,4909,1,0,1,0,1,0,0,0,1,1,0,1,0,1,0,1,0,1,0,1,0,0,0,1,0,0,0
33.4725,-117.584273,69,104.0,7028.5,0,5902,0,0,0,0,1,0,1,1,0,0,0,0,0,0,1,0,1,0,1,0,1,0,1,0,0,1,0
33.521447,-117.602555,50,104.4,5232.9,0,6100,0,0,1,0,1,0,1,1,0,0,1,0,0,0,1,0,0,0,1,0,1,1,0,1,0,0,1
33.782346,-117.635263,10,19.5,225.85,0,5039,1,0,0,0,1,0,0,0,1,1,0,1,0,1,0,1,0,1,0,1,0,1,0,0,0,0,1
33.529047,-117.701175,12,25.25,274.7,0,2646,0,0,1,1,1,0,1,0,1,1,0,1,0,1,0,1,0,1,0,1,0,0,1,0,1,0,0
33.752591,-117.993661,70,49.85,3370.2,0,5460,0,0,1,0,0,1,0,0,0,0,1,0,0,0,1,0,1,0,0,0,1,0,1,1,0,0,0
33.624654,-117.611733,64,108.95,7111.3,0,5780,0,1,0,0,1,0,1,1,0,0,1,0,0,0,1,0,1,0,1,0,1,0,0,1,0,0,0
33.611945,-117.665867,66,89.9,5958.85,0,4082,0,0,1,0,1,0,1,0,0,0,1,0,1,0,1,0,1,0,1,0,1,0,1,0,1,0,0
33.60693,-117.644253,71,82.0,5999.85,0,5770,0,0,1,0,1,0,0,0,0,0,1,0,0,0,1,0,1,0,1,0,1,0,1,1,1,0,0
33.569186,-117.640055,20,89.95,1648.45,0,4812,1,1,0,0,1,0,0,1,0,0,0,0,0,0,0,0,0,0,1,0,1,0,0,0,0,1,0
33.748478,-117.858918,72,79.35,5753.25,0,4278,1,0,1,0,1,0,0,0,0,0,1,0,1,0,0,0,1,0,1,0,1,0,1,1,0,0,0
33.748635,-117.906125,71,64.05,4492.9,0,4374,0,0,1,0,1,0,0,0,0,0,1,0,1,0,1,0,1,0,0,0,0,0,1,0,1,0,0
33.719869,-117.907063,38,101.15,3956.7,0,3738,1,0,1,1,1,0,1,1,0,0,0,0,0,0,1,0,0,0,1,0,1,0,0,1,1,0,0
33.714829,-117.872941,33,39.1,1309.0,0,2855,1,0,0,0,0,1,0,0,0,0,0,0,1,0,0,0,0,0,1,0,0,1,0,1,0,1,0
33.712036,-117.950113,23,34.6,813.45,0,4445,0,0,1,0,0,1,0,0,0,0,1,0,0,0,0,0,1,0,0,0,0,0,1,0,0,0,1
33.735802,-117.818805,58,19.55,1108.8,0,4801,1,0,1,0,1,0,0,0,1,1,0,1,0,1,0,1,0,1,0,1,0,1,0,1,0,1,0
33.738543,-117.785046,70,104.45,7349.35,0,5004,0,1,1,0,1,0,1,1,0,0,0,0,1,0,0,0,1,0,1,0,1,0,1,1,0,0,0
33.844983,-117.952151,4,70.5,294.2,0,2896,1,0,1,0,1,0,0,1,0,0,0,0,0,0,0,0,0,0,0,0,0,0,0,0,0,1,0
33.807864,-117.923782,45,20.35,929.2,0,4210,1,0,1,1,1,0,0,0,1,1,0,1,0,1,0,1,0,1,0,1,0,0,1,0,0,0,1
33.830209,-117.906099,36,19.45,754.5,0,5745,1,0,1,1,1,0,0,0,1,1,0,1,0,1,0,1,0,1,0,1,0,0,1,0,1,0,0
33.83796,-117.870494,54,69.9,3883.3,0,6092,1,0,0,0,1,0,0,0,0,0,1,0,1,0,0,0,1,0,1,0,0,0,0,1,0,0,1
33.848733,-117.788357,23,59.7,1414.2,0,3464,1,0,1,0,1,0,1,0,0,0,0,0,1,0,0,0,1,0,0,0,0,0,1,0,0,0,1
33.850452,-117.726668,41,78.35,3211.2,0,2894,0,0,1,0,1,0,1,0,0,0,1,0,1,0,1,0,0,0,1,0,0,1,0,1,1,0,0
33.930199,-117.862898,5,71.45,371.6,0,5171,1,1,0,0,1,0,0,1,0,0,0,0,0,0,0,0,0,0,0,0,0,0,0,1,0,0,1
33.924143,-117.79387,27,45.85,1246.4,0,2068,1,0,1,0,0,1,0,0,0,0,0,0,1,0,1,0,0,0,0,0,1,1,0,1,1,0,0
33.879983,-117.895482,1,95.85,95.85,0,3270,0,0,0,0,1,0,0,1,0,0,0,0,0,0,0,0,1,0,1,0,1,0,0,1,0,1,0
33.868316,-117.929029,67,35.7,2545.7,0,5655,0,0,1,0,0,1,0,0,0,0,1,0,0,0,0,0,1,0,0,0,0,0,1,0,1,0,0
33.877639,-117.961212,72,89.55,6448.85,0,4993,0,1,1,0,1,0,1,0,0,0,1,0,1,0,1,0,1,0,1,0,1,0,1,1,1,0,0
33.902211,-117.914922,56,24.95,1468.9,0,5243,0,0,1,1,1,0,1,0,1,1,0,1,0,1,0,1,0,1,0,1,0,0,1,1,1,0,0
33.787165,-117.931889,44,24.85,1013.6,0,5331,1,0,1,0,1,0,1,0,1,1,0,1,0,1,0,1,0,1,0,1,0,1,0,0,0,1,0
33.786738,-117.982564,66,100.8,6690.75,0,5469,0,1,1,0,1,0,1,1,0,0,0,0,1,0,0,0,0,0,1,0,1,0,0,1,0,1,0
33.766476,-117.969795,69,105.35,7240.65,0,5268,0,0,1,0,1,0,1,1,0,0,0,0,0,0,1,0,1,0,1,0,1,0,1,0,0,0,0
33.925833,-117.559639,40,19.65,830.25,0,3878,0,0,0,0,1,0,0,0,1,1,0,1,0,1,0,1,0,1,0,1,0,0,1,0,1,0,0
33.817473,-117.810462,30,54.45,1588.7,0,2613,1,0,1,1,1,0,1,0,0,0,1,0,0,0,0,0,0,0,0,0,0,0,0,1,0,0,0
33.828779,-117.848299,11,70.5,829.3,0,5541,0,0,0,0,1,0,0,0,0,0,0,0,0,0,0,0,1,0,1,0,1,0,0,0,0,0,1
33.784597,-117.844535,15,20.1,302.45,0,4359,0,0,0,0,1,0,0,0,1,1,0,1,0,1,0,1,0,1,0,1,0,1,0,0,1,0,0
33.81859,-117.821288,11,69.35,712.25,0,2288,1,0,0,0,1,0,0,0,0,0,0,0,0,0,1,0,0,0,1,0,1,0,0,1,0,1,0
33.787796,-117.875928,64,19.8,1336.65,0,5384,0,0,1,0,1,0,0,0,1,1,0,1,0,1,0,1,0,1,0,1,0,1,0,0,0,0,0
33.792791,-117.789749,72,74.4,5360.75,0,5590,1,1,1,0,1,0,0,0,0,0,1,0,1,0,1,0,1,0,1,0,0,0,1,0,0,0,0
33.881158,-117.854783,72,93.05,6735.05,0,4988,1,1,1,0,1,0,1,1,0,0,1,0,1,0,1,0,1,0,0,0,0,0,1,1,0,0,0
33.893823,-117.531446,1,51.2,51.2,0,3699,0,0,0,1,1,0,0,0,0,0,1,0,0,0,0,0,0,0,0,0,0,0,0,0,0,0,1
33.918043,-117.617809,15,65.6,1010.0,0,2976,0,0,0,0,1,0,0,0,0,0,1,0,1,0,1,0,1,0,0,0,0,1,0,0,1,0,0
33.833686,-117.513063,60,80.55,4847.05,0,4159,0,0,0,0,1,0,1,0,0,0,0,0,0,0,1,0,1,0,1,0,1,1,0,0,1,0,0
33.819385,-117.600213,56,52.7,3019.7,0,4753,1,0,0,0,1,0,0,0,0,0,1,0,0,0,1,0,0,0,0,0,0,1,0,0,0,0,1
33.762351,-117.488725,8,20.85,161.65,0,4249,0,0,0,0,1,0,0,0,1,1,0,1,0,1,0,1,0,1,0,1,0,0,1,0,0,0,1
33.884073,-117.732197,49,52.15,2583.75,0,5224,0,0,1,0,1,0,1,0,0,0,0,0,0,0,0,0,0,0,0,0,0,0,0,1,1,0,0
34.278697,-119.167798,70,114.95,7711.25,0,4511,1,0,0,0,1,0,1,1,0,0,1,0,1,0,1,0,1,0,1,0,1,0,1,1,0,0,0
34.205504,-118.993111,52,104.45,5481.25,0,5490,1,1,1,0,1,0,0,1,0,0,1,0,0,0,1,0,1,0,1,0,1,1,0,1,0,0,0
34.441398,-119.513163,72,113.65,8124.2,0,6469,0,0,1,0,1,0,1,1,0,0,1,0,1,0,1,0,1,0,1,0,1,0,1,1,1,0,0
34.408161,-118.865111,40,20.6,827.3,0,3091,0,0,0,0,1,0,0,0,1,1,0,1,0,1,0,1,0,1,0,1,0,0,1,1,0,0,0
34.581308,-118.931948,40,91.55,3673.6,0,5742,0,1,0,0,1,0,0,1,0,0,0,0,0,0,0,0,0,0,1,0,1,0,0,1,0,1,0
34.223244,-119.18012,1,49.85,49.85,0,5323,1,0,0,1,1,0,0,0,0,0,0,0,0,0,1,0,0,0,0,0,0,0,0,1,0,1,0
34.156629,-119.117218,30,19.8,576.65,0,4006,1,0,1,0,1,0,0,0,1,1,0,1,0,1,0,1,0,1,0,1,0,1,0,0,1,0,0
34.110124,-119.100972,44,104.15,4495.65,0,2944,0,1,1,0,1,0,1,1,0,0,0,0,0,0,1,0,1,0,1,0,1,0,0,0,0,1,0
34.296813,-118.685703,7,48.2,340.35,0,5525,0,1,0,0,1,0,0,0,0,0,1,0,0,0,0,0,0,0,0,0,0,0,0,1,0,1,0
34.269449,-118.768471,72,25.1,1789.9,0,5751,1,1,0,0,1,0,1,0,1,1,0,1,0,1,0,1,0,1,0,1,0,0,1,1,1,0,0
34.297628,-119.014627,8,100.15,908.55,0,5157,0,1,0,0,1,0,1,1,0,0,0,0,0,0,0,0,1,0,1,0,1,0,0,1,1,0,0
34.037342,-119.80079,3,55.9,157.55,0,4648,1,0,0,1,1,0,0,0,0,0,1,0,0,0,1,0,0,0,0,0,0,0,0,0,0,0,1
34.406256,-119.726936,8,64.4,581.7,0,4537,1,1,1,0,1,0,0,0,0,0,0,0,0,0,1,0,1,0,0,0,1,0,0,1,1,0,0
34.460197,-119.802602,5,85.3,420.45,0,2689,0,0,0,0,1,0,0,1,0,0,0,0,1,0,0,0,0,0,1,0,0,0,0,1,0,0,1
34.489983,-120.091246,72,107.45,7576.7,0,5246,0,0,1,1,1,0,1,1,0,0,1,0,0,0,1,0,1,0,1,0,1,0,1,0,0,0,1
35.116307,-118.817644,54,91.3,4965.0,0,5907,0,0,1,0,1,0,1,0,0,0,1,0,1,0,1,0,1,0,1,0,1,0,1,0,1,0,0
35.916943,-120.129921,72,85.95,6151.9,0,6450,1,0,1,0,1,0,1,0,0,0,0,0,1,0,1,0,1,0,1,0,1,0,1,0,0,0,0
35.865795,-118.69759,1,45.2,45.2,0,4576,1,1,0,0,1,0,0,0,0,0,0,0,0,0,0,0,0,0,0,0,0,0,0,0,0,1,0
36.186867,-120.387793,69,79.2,5420.65,0,4072,1,0,1,1,1,0,1,1,0,0,0,0,0,0,1,0,0,0,0,0,0,0,1,1,1,0,0
36.04533,-119.532424,48,55.5,2627.35,0,4975,0,0,0,0,1,0,0,0,0,0,1,0,1,0,0,0,0,0,0,0,0,0,1,0,1,0,0
35.846067,-119.004073,8,90.25,743.75,0,4969,0,0,1,0,1,0,1,1,0,0,0,0,0,0,0,0,1,0,0,0,1,0,0,1,0,1,0
35.858054,-119.305858,71,91.25,6589.6,0,5529,1,0,1,0,1,0,1,0,0,0,1,0,1,0,1,0,1,0,1,0,1,0,1,1,0,0,1
34.907911,-119.234281,67,100.9,6733.15,0,4078,1,0,1,0,1,0,0,1,0,0,1,0,1,0,0,0,0,0,1,0,1,1,0,1,1,0,0
36.29878,-119.201028,34,97.7,3410.0,0,5789,1,0,1,1,1,0,1,1,0,0,0,0,1,0,0,0,0,0,1,0,1,0,0,1,0,0,0
35.215731,-119.57013,3,69.85,199.85,0,4764,0,0,0,0,1,0,0,1,0,0,0,0,0,0,0,0,0,0,0,0,0,0,0,1,0,1,0
34.827662,-118.999073,9,65.6,593.3,0,2205,0,0,1,0,1,0,0,0,0,0,0,0,1,0,0,0,1,0,1,0,0,1,0,1,0,0,1
35.735694,-118.738483,71,104.65,7288.4,0,6101,1,0,1,1,1,0,0,1,0,0,1,0,1,0,1,0,0,0,1,0,1,1,0,1,0,0,0
36.29223,-119.622676,57,90.45,5229.8,0,5076,1,0,0,0,1,0,1,1,0,0,0,0,0,0,0,0,1,0,1,0,0,0,1,1,1,0,0
36.217864,-120.080117,72,63.7,4464.8,0,4921,1,0,0,0,0,1,0,0,0,0,1,0,1,0,1,0,1,0,1,0,1,0,1,1,0,0,0
36.385818,-119.224243,48,104.5,5068.05,0,3847,0,1,1,1,1,0,0,1,0,0,1,0,0,0,1,0,1,0,1,0,1,0,0,1,0,1,0
35.852892,-118.397782,18,20.1,401.85,0,5586,1,0,0,0,1,0,0,0,1,1,0,1,0,1,0,1,0,1,0,1,0,1,0,0,0,0,1
35.996923,-120.000951,43,104.3,4451.85,0,3927,1,0,1,1,1,0,1,1,0,0,0,0,0,0,1,0,1,0,1,0,1,1,0,1,1,0,0
35.607875,-118.466318,72,93.25,6688.95,0,5197,0,0,1,0,1,0,1,0,0,0,1,0,1,0,1,0,1,0,1,0,1,0,1,1,0,0,0
35.245035,-118.905553,35,73.45,2661.1,0,4719,1,0,1,0,1,0,1,0,0,0,0,0,0,0,0,0,1,0,1,0,1,1,0,1,0,0,0
36.444232,-119.718285,4,20.7,73.05,0,4676,1,0,0,0,1,0,0,0,1,1,0,1,0,1,0,1,0,1,0,1,0,0,0,0,0,0,1
34.845861,-118.885163,49,25.25,1211.65,0,5616,0,0,1,1,1,0,1,0,1,1,0,1,0,1,0,1,0,1,0,1,0,0,1,0,0,0,1
36.462671,-118.997291,71,100.5,7030.65,0,4080,0,0,1,1,1,0,1,1,0,0,1,0,1,0,1,0,0,0,1,0,0,0,1,0,0,0,0
36.303666,-119.825657,11,90.6,1020.2,0,2004,1,0,1,1,1,0,0,1,0,0,0,0,0,0,0,0,0,0,1,0,1,0,0,0,0,1,0
36.205465,-119.085807,63,89.4,5597.65,0,5004,1,0,1,0,1,0,1,0,0,0,1,0,1,0,1,0,1,0,1,0,1,0,1,1,1,0,0
35.637715,-119.893068,65,95.45,6223.3,0,4168,0,1,0,0,1,0,1,1,0,0,0,0,1,0,1,0,0,0,1,0,0,0,0,1,0,0,0
35.666886,-119.186717,49,20.45,1024.65,0,4784,0,0,0,1,1,0,0,0,1,1,0,1,0,1,0,1,0,1,0,1,0,0,1,0,1,0,0
34.956577,-119.750142,4,19.95,82.9,0,2951,0,0,1,1,1,0,0,0,1,1,0,1,0,1,0,1,0,1,0,1,0,0,0,1,0,1,0
35.676978,-118.101378,72,109.15,7789.6,0,4807,0,0,1,0,1,0,1,1,0,0,0,0,1,0,1,0,1,0,1,0,1,1,0,0,1,0,0
35.957019,-119.330928,26,85.7,2067.0,0,3935,0,1,1,0,1,0,0,1,0,0,0,0,0,0,1,0,0,0,1,0,0,0,0,1,1,0,0
36.008958,-118.891593,35,102.05,3452.55,0,3199,0,1,1,0,1,0,1,1,0,0,0,0,0,0,1,0,0,0,1,0,1,0,0,0,0,0,0
35.861928,-118.636698,57,94.7,5468.95,0,4507,0,0,0,0,1,0,1,1,0,0,0,0,1,0,0,0,1,0,0,0,1,1,0,0,0,1,0
35.809921,-119.127437,28,64.4,1802.15,0,2434,1,0,1,1,1,0,1,0,0,0,0,0,1,0,0,0,0,0,0,0,1,0,0,0,0,1,0
36.527243,-118.594938,25,26.8,733.55,0,3428,0,0,1,0,1,0,1,0,1,1,0,1,0,1,0,1,0,1,0,1,0,1,0,1,0,0,1
35.490705,-119.286833,47,66.05,3021.45,0,3404,0,0,1,0,1,0,0,0,0,0,1,0,0,0,1,0,0,0,1,0,0,1,0,1,1,0,0
36.245926,-118.693138,57,65.2,3687.85,0,4491,0,0,1,1,1,0,1,0,0,0,1,0,1,0,0,0,1,0,0,0,0,0,0,0,0,0,0
36.175255,-119.813805,16,85.05,1391.15,0,3739,1,1,1,0,1,0,1,1,0,0,0,0,0,0,0,0,0,0,1,0,0,0,0,1,1,0,0
36.141319,-119.129075,5,55.8,274.35,0,2612,1,0,0,0,1,0,0,0,0,0,1,0,0,0,1,0,0,0,0,0,0,0,0,1,0,0,1
36.413433,-118.854708,72,19.95,1322.85,0,5092,1,0,1,1,1,0,0,0,1,1,0,1,0,1,0,1,0,1,0,1,0,0,1,0,0,0,0
36.185471,-119.375243,48,45.0,2196.3,0,5269,0,0,1,1,0,1,0,0,0,0,1,0,0,0,1,0,0,0,0,0,1,1,0,0,1,0,0
35.316263,-119.402559,68,114.9,7843.55,0,5782,0,0,1,0,1,0,1,1,0,0,1,0,1,0,1,0,1,0,1,0,1,0,1,0,0,0,0
36.303793,-119.375646,30,106.4,3211.9,0,5503,0,0,0,0,1,0,1,1,0,0,1,0,0,0,0,0,1,0,1,0,1,0,0,0,0,0,0
35.652242,-119.4464,3,46.1,130.15,0,4047,0,0,1,0,1,0,0,0,0,0,0,0,0,0,0,0,0,0,0,0,0,0,0,1,0,0,1
35.55647,-118.244914,14,39.7,692.35,0,3162,0,1,0,0,0,1,0,0,0,0,1,0,0,0,1,0,1,0,0,0,0,0,1,0,0,0,1
35.690535,-118.552784,4,20.05,85.5,0,4462,0,0,0,1,1,0,0,0,1,1,0,1,0,1,0,1,0,1,0,1,0,0,0,1,0,0,0
36.464635,-119.094348,71,95.75,6849.4,0,4865,0,0,1,1,1,0,1,1,0,0,0,0,1,0,1,0,0,0,0,0,1,0,1,1,1,0,0
35.710244,-118.881679,8,24.4,203.95,0,2028,1,0,1,0,1,0,1,0,1,1,0,1,0,1,0,1,0,1,0,1,0,1,0,0,0,0,1
36.391777,-119.372842,61,33.6,2117.2,0,6495,1,0,1,1,0,1,0,0,0,0,1,0,0,0,1,0,0,0,0,0,0,0,0,0,0,0,0
36.37559,-119.211689,72,90.45,6565.85,0,4461,1,0,1,1,1,0,1,1,0,0,0,0,1,0,1,0,1,0,0,0,0,0,1,0,0,0,0
35.383937,-119.020428,5,84.0,424.75,0,4456,0,0,0,0,1,0,1,1,0,0,0,0,0,0,0,0,0,0,1,0,0,0,0,1,0,1,0
35.339796,-119.023552,49,67.4,3306.85,0,5075,0,0,0,0,1,0,0,0,0,0,1,0,1,0,1,0,1,0,0,0,0,0,1,0,0,0,0
35.391733,-118.984109,8,19.7,168.9,0,5498,1,0,0,0,1,0,0,0,1,1,0,1,0,1,0,1,0,1,0,1,0,0,0,1,0,0,0
35.449881,-118.841442,3,80.35,253.8,0,4203,1,0,0,0,1,0,0,1,0,0,0,0,0,0,0,0,0,0,0,0,1,0,0,1,0,1,0
35.280113,-118.962329,9,19.6,197.4,0,4406,1,0,1,1,1,0,0,0,1,1,0,1,0,1,0,1,0,1,0,1,0,0,1,0,0,0,1
35.559617,-118.925185,67,54.2,3838.2,0,6005,1,0,1,1,1,0,0,0,0,0,1,0,1,0,0,0,0,0,0,0,0,0,1,1,0,0,0
35.342891,-119.064803,46,45.2,2065.15,0,3150,1,0,0,0,1,0,0,0,0,0,0,0,0,0,0,0,0,0,0,0,0,0,0,1,1,0,0
35.16207,-119.194488,67,75.1,5064.45,0,4931,0,0,1,0,1,0,1,0,0,0,1,0,1,0,1,0,0,0,0,0,1,1,0,0,0,0,1
35.392599,-119.245341,55,19.7,1140.05,0,4888,0,0,1,0,1,0,0,0,1,1,0,1,0,1,0,1,0,1,0,1,0,1,0,0,0,1,0
35.140938,-119.051348,33,72.75,2447.45,0,4959,1,0,1,0,1,0,1,0,0,0,1,0,1,0,1,0,0,0,1,0,0,0,0,1,0,0,0
35.233745,-120.626442,62,20.05,1263.9,0,6444,1,0,1,1,1,0,0,0,1,1,0,1,0,1,0,1,0,1,0,1,0,0,1,0,1,0,0
35.236549,-120.727344,49,39.2,1838.15,0,4810,1,0,1,1,0,1,0,0,0,0,1,0,0,0,0,0,0,0,0,0,1,0,0,1,0,1,0
35.176236,-120.483243,1,44.75,44.75,0,5479,1,0,0,0,1,0,0,0,0,0,0,0,0,0,0,0,0,0,0,0,0,0,0,1,0,1,0
35.453912,-120.69461,14,82.65,1185.0,0,4965,1,0,1,0,1,0,1,1,0,0,0,0,1,0,1,0,0,0,0,0,0,0,0,1,0,1,0
35.186644,-120.728305,18,93.9,1743.9,0,3728,1,1,0,0,1,0,1,1,0,0,0,0,0,0,1,0,1,0,1,0,0,0,0,0,0,0,0
35.591387,-121.032256,72,117.15,8529.5,0,4743,0,0,1,0,1,0,1,1,0,0,1,0,1,0,1,0,1,0,1,0,1,0,1,1,1,0,0
34.866032,-120.536546,64,99.25,6549.45,0,5213,1,0,0,0,1,0,1,1,0,0,1,0,0,0,1,0,1,0,0,0,1,0,1,0,1,0,0
35.511833,-120.918713,69,112.55,7806.5,0,5532,1,0,1,0,1,0,1,1,0,0,1,0,1,0,1,0,1,0,1,0,1,0,1,1,0,0,0
35.480896,-120.469476,1,25.7,25.7,0,5249,0,0,0,0,1,0,1,0,1,1,0,1,0,1,0,1,0,1,0,1,0,0,0,1,0,1,0
35.120833,-120.61843,71,90.3,6287.3,0,6291,1,0,1,1,1,0,1,0,0,0,1,0,1,0,1,0,1,0,1,0,1,0,1,0,1,0,0
34.936,-120.594655,66,49.4,3251.85,0,5232,0,0,1,1,1,0,0,0,0,0,0,0,0,0,0,0,1,0,0,0,0,1,0,1,1,0,0
34.601055,-120.382917,2,19.4,50.6,0,3954,1,0,0,0,1,0,0,0,1,1,0,1,0,1,0,1,0,1,0,1,0,0,0,0,0,0,1
34.757477,-120.550507,71,109.7,7904.25,0,5011,0,1,1,0,1,0,0,1,0,0,1,0,1,0,1,0,1,0,1,0,1,0,1,1,0,0,0
34.758699,-120.275839,11,61.25,729.95,0,2738,1,0,0,0,1,0,0,0,0,0,0,0,1,0,0,0,0,0,1,0,0,1,0,1,0,1,0
34.70434,-120.02609,47,55.3,2654.05,0,5491,1,0,0,1,1,0,0,0,0,0,1,0,1,0,0,0,0,0,0,0,0,0,0,1,0,1,0
35.059695,-120.604741,60,103.75,5969.95,0,6237,1,0,1,1,1,0,1,1,0,0,0,0,1,0,0,0,1,0,1,0,1,0,0,1,0,0,0
35.634222,-120.728341,11,19.5,226.8,0,5825,1,0,0,0,1,0,0,0,1,1,0,1,0,1,0,1,0,1,0,1,0,1,0,0,0,0,1
35.165668,-120.655842,29,39.5,1082.75,0,5103,0,0,0,0,0,1,0,0,0,0,1,0,1,0,0,0,1,0,0,0,0,1,0,0,1,0,0
35.996008,-120.85305,21,26.05,565.75,0,4302,1,0,1,1,0,1,0,0,0,0,0,0,0,0,0,0,0,0,0,0,0,0,0,1,0,1,0
35.886767,-120.608661,48,91.05,4370.75,0,3594,1,1,1,0,1,0,1,1,0,0,0,0,0,0,1,0,0,0,0,0,1,0,0,1,1,0,0
35.746484,-121.223355,3,29.65,90.05,0,5880,0,0,0,1,0,1,0,0,0,0,0,0,1,0,0,0,0,0,0,0,0,0,0,0,0,0,1
35.303926,-120.256567,43,50.2,2169.4,0,5284,0,0,1,1,1,0,0,0,0,0,0,0,1,0,0,0,0,0,0,0,0,0,0,0,0,0,1
34.943523,-120.256729,5,105.3,550.6,0,4024,1,0,0,0,1,0,1,1,0,0,0,0,1,0,1,0,0,0,1,0,1,0,0,0,0,1,0
34.818227,-120.418784,1,55.45,55.45,0,5286,0,0,0,0,1,0,0,0,0,0,0,0,0,0,0,0,0,0,0,0,1,0,0,1,0,1,0
34.95934,-120.490081,71,85.45,6300.85,0,5280,1,0,1,1,1,0,1,0,0,0,1,0,0,0,1,0,1,0,1,0,1,1,0,0,0,1,0
34.630356,-120.032564,8,19.8,160.05,0,5698,0,0,1,0,1,0,0,0,1,1,0,1,0,1,0,1,0,1,0,1,0,1,0,0,0,1,0
35.634488,-120.293534,8,59.25,436.6,0,3003,1,0,0,0,1,0,1,0,0,0,0,0,0,0,0,0,0,0,1,0,0,0,0,1,0,1,0
34.624399,-120.137875,20,90.7,1781.35,0,2927,1,0,0,0,1,0,1,1,0,0,0,0,0,0,1,0,0,0,1,0,0,0,0,1,1,0,0
35.097323,-118.171288,71,79.05,5552.5,0,5466,1,0,0,0,1,0,1,1,0,0,0,0,1,0,0,0,0,0,0,0,0,1,0,1,1,0,0
35.151491,-117.927597,31,90.7,2835.5,0,2364,0,1,1,0,1,0,1,1,0,0,0,0,0,0,1,0,0,0,1,0,0,1,0,1,0,1,0
34.501452,-118.207862,38,95.0,3591.25,0,5148,0,1,1,0,1,0,1,1,0,0,1,0,1,0,0,0,0,0,0,0,1,1,0,0,1,0,0
37.245505,-118.062943,2,30.25,63.75,0,4387,0,0,1,1,0,1,0,0,0,0,0,0,1,0,0,0,0,0,0,0,0,0,0,1,0,0,1
37.04584,-118.397236,12,49.85,617.15,0,2873,0,0,1,0,0,1,0,0,0,0,0,0,0,0,1,0,0,0,1,0,1,0,0,1,0,0,0
34.95703,-117.73045,9,93.0,870.25,0,2267,0,0,0,1,1,0,0,1,0,0,1,0,0,0,1,0,1,0,0,0,1,0,0,0,0,0,0
38.184583,-119.286558,11,54.55,601.25,0,4143,1,1,0,1,1,0,0,0,0,0,0,0,1,0,0,0,1,0,0,0,0,0,0,1,0,1,0
35.358953,-118.527064,6,19.7,111.65,0,2276,1,0,0,1,1,0,0,0,1,1,0,1,0,1,0,1,0,1,0,1,0,0,0,0,0,0,1
36.319181,-117.593053,71,84.8,6046.1,0,5643,0,0,1,0,1,0,0,0,0,0,1,0,1,0,1,0,1,0,1,0,1,1,0,1,0,0,0
34.966777,-117.961179,42,94.45,3923.8,0,5643,0,0,1,1,1,0,1,1,0,0,1,0,1,0,0,0,0,0,1,0,0,1,0,1,1,0,0
37.730269,-119.055813,45,20.85,892.15,0,2844,0,0,1,1,1,0,0,0,1,1,0,1,0,1,0,1,0,1,0,1,0,0,1,0,0,0,1
36.560498,-117.962461,28,60.0,1682.05,0,2797,1,0,1,1,0,1,0,0,0,0,0,0,1,0,1,0,1,0,1,0,1,1,0,1,1,0,0
35.214982,-118.59049,43,80.45,3398.9,0,5357,0,0,1,0,1,0,1,1,0,0,0,0,1,0,0,0,0,0,0,0,0,0,0,0,0,1,0
34.659579,-118.584212,60,84.95,4984.85,0,4104,1,0,0,1,1,0,1,0,0,0,1,0,0,0,1,0,1,0,1,0,1,0,1,1,0,1,0
34.712708,-117.889656,7,49.65,305.55,0,2750,1,0,1,1,0,1,0,0,0,0,1,0,0,0,1,0,1,0,0,0,1,0,1,0,1,0,0
34.741406,-118.38111,25,20.2,507.9,0,4129,0,0,1,0,1,0,0,0,1,1,0,1,0,1,0,1,0,1,0,1,0,1,0,1,0,0,0
34.505273,-117.955054,27,100.5,2673.45,0,5939,1,0,0,0,1,0,1,1,0,0,0,0,0,0,1,0,0,0,1,0,1,1,0,1,0,0,0
34.500091,-117.765862,10,35.75,389.8,0,2263,1,0,0,0,0,1,0,0,0,0,0,0,1,0,0,0,1,0,0,0,0,0,0,0,0,1,0
36.590415,-118.073839,27,86.45,2401.05,0,5990,0,1,0,0,1,0,1,1,0,0,0,0,1,0,1,0,0,0,0,0,0,0,0,1,0,0,0
37.550074,-118.837167,11,53.8,651.55,0,5899,0,0,0,0,1,0,0,0,0,0,0,0,0,0,1,0,1,0,0,0,0,1,0,0,0,0,0
36.296851,-117.865469,4,38.55,156.1,0,3824,1,0,1,1,0,1,0,0,0,0,1,0,0,0,0,0,0,0,1,0,0,0,0,0,1,0,0
34.536232,-118.082935,68,39.9,2796.35,0,6270,1,0,0,0,0,1,0,0,0,0,0,0,0,0,1,0,0,0,0,0,1,0,0,1,0,0,0
34.613476,-118.256358,1,70.05,70.05,0,2469,1,1,0,0,1,0,0,1,0,0,0,0,0,0,0,0,0,0,0,0,0,0,0,1,0,1,0
34.557711,-118.029441,18,20.1,407.05,0,2910,0,0,0,0,1,0,0,0,1,1,0,1,0,1,0,1,0,1,0,1,0,1,0,0,0,0,1
35.405722,-117.773354,26,20.3,511.25,0,5712,1,0,0,0,1,0,0,0,1,1,0,1,0,1,0,1,0,1,0,1,0,0,0,1,0,1,0
35.603913,-117.67828,17,35.65,646.05,0,5977,0,0,1,0,0,1,0,0,0,0,0,0,1,0,1,0,0,0,0,0,0,0,0,1,1,0,0
35.74837,-117.384948,59,82.95,4903.15,0,5295,1,1,1,0,1,0,0,1,0,0,1,0,1,0,1,0,0,0,0,0,0,1,0,1,1,0,0
34.39583,-117.734568,30,55.65,1653.85,0,5445,1,0,0,0,1,0,0,0,0,0,1,0,0,0,1,0,0,0,0,0,0,0,1,1,0,0,1
37.375816,-119.739935,50,25.2,1306.3,0,4015,0,1,1,0,1,0,1,0,1,1,0,1,0,1,0,1,0,1,0,1,0,1,0,0,0,1,0
36.991762,-119.242874,9,50.8,463.6,0,5535,1,0,0,0,0,1,0,0,0,0,1,0,0,0,1,0,1,0,0,0,1,1,0,0,0,0,1
36.64545,-118.924982,3,19.65,60.65,0,4943,0,0,1,1,1,0,0,0,1,1,0,1,0,1,0,1,0,1,0,1,0,0,0,0,0,0,1
37.458367,-119.345011,14,59.8,824.85,0,5962,0,0,0,1,1,0,0,0,0,0,0,0,0,0,1,0,0,0,1,0,0,0,0,1,1,0,0
37.17277,-119.2997,31,73.55,2094.65,0,2057,0,1,0,0,1,0,0,1,0,0,1,0,0,0,0,0,0,0,0,0,0,0,0,1,1,0,0
36.798882,-120.019511,7,61.4,438.9,0,2845,0,0,0,0,1,0,0,0,0,0,1,0,1,0,1,0,0,0,0,0,0,0,0,0,0,1,0
36.5276,-119.865999,17,19.9,329.75,0,3526,1,0,1,0,1,0,0,0,1,1,0,1,0,1,0,1,0,1,0,1,0,1,0,0,0,0,0
37.100948,-120.270136,32,19.45,674.55,0,4363,1,0,1,1,1,0,0,0,1,1,0,1,0,1,0,1,0,1,0,1,0,0,0,1,1,0,0
36.917652,-119.593757,2,81.5,162.55,0,4267,0,1,0,0,1,0,0,1,0,0,0,0,0,0,0,0,0,0,1,0,0,0,0,0,0,0,1
37.212191,-119.749323,72,109.55,7887.25,0,5723,0,0,1,1,1,0,1,1,0,0,1,0,1,0,1,0,0,0,1,0,1,0,1,0,1,0,0
36.657462,-119.595293,27,74.4,1972.35,0,4331,0,0,1,1,1,0,0,1,0,0,1,0,0,0,0,0,0,0,0,0,0,0,0,0,0,0,1
37.045728,-120.630682,7,74.9,490.55,0,5335,1,0,0,0,1,0,0,1,0,0,0,0,0,0,1,0,0,0,0,0,0,0,0,1,0,1,0
36.785618,-120.625382,11,59.65,683.25,0,2136,1,0,1,1,1,0,0,0,0,0,0,0,0,0,1,0,0,0,1,0,0,0,0,1,0,0,0
37.483535,-119.679414,72,110.45,8058.85,0,4754,0,0,1,1,1,0,1,1,0,0,1,0,0,0,1,0,1,0,1,0,1,0,1,1,0,0,0
37.027663,-119.69056,4,74.45,294.45,0,4093,0,1,0,0,1,0,1,1,0,0,0,0,0,0,0,0,0,0,0,0,0,0,0,1,0,1,0
36.520537,-120.118055,71,24.55,1719.15,0,4555,0,0,0,0,1,0,1,0,1,1,0,1,0,1,0,1,0,1,0,1,0,0,1,0,0,1,0
36.727418,-120.123526,47,24.55,1160.45,0,3629,1,0,1,1,1,0,1,0,1,1,0,1,0,1,0,1,0,1,0,1,0,0,1,0,0,0,1
36.478239,-119.52137,57,90.65,5199.8,0,5636,1,1,1,0,1,0,0,1,0,0,0,0,1,0,1,0,0,0,1,0,0,1,0,1,0,1,0
37.290606,-119.216328,50,105.05,5163.3,0,5324,1,1,1,0,1,0,1,1,0,0,1,0,0,0,1,0,0,0,1,0,1,0,1,1,1,0,0
36.995162,-120.955099,8,20.45,162.3,0,5624,1,0,0,0,1,0,0,0,1,1,0,1,0,1,0,1,0,1,0,1,0,0,0,1,1,0,0
36.902954,-120.194274,48,19.55,883.35,0,5461,0,0,1,1,1,0,0,0,1,1,0,1,0,1,0,1,0,1,0,1,0,0,1,0,0,0,1
37.004068,-119.930027,70,19.7,1341.5,0,6072,0,0,0,0,1,0,0,0,1,1,0,1,0,1,0,1,0,1,0,1,0,1,0,0,0,0,0
36.687292,-120.437354,1,70.45,70.45,0,2706,1,0,0,1,1,0,0,0,0,0,1,0,1,0,0,0,1,0,0,0,1,0,0,1,0,0,0
36.696759,-119.024051,8,85.65,659.45,0,2512,1,0,1,0,1,0,1,1,0,0,0,0,0,0,0,0,0,0,0,0,1,0,0,1,0,0,0
37.140104,-119.657092,60,20.55,1205.05,0,4020,1,0,1,1,1,0,0,0,1,1,0,1,0,1,0,1,0,1,0,1,0,0,1,0,0,0,1
36.633498,-119.298895,49,97.95,4917.9,0,4301,1,0,1,1,1,0,1,1,0,0,0,0,0,0,0,0,1,0,1,0,1,1,0,1,0,1,0
36.622237,-119.521126,29,20.0,599.3,0,4128,0,0,0,0,1,0,0,0,1,1,0,1,0,1,0,1,0,1,0,1,0,1,0,0,0,0,1
36.841655,-119.797113,67,25.25,1733.15,0,5887,0,0,1,0,1,0,1,0,1,1,0,1,0,1,0,1,0,1,0,1,0,0,1,1,1,0,0
36.594542,-119.905245,67,70.9,4677.1,0,4361,1,0,1,0,1,0,1,0,0,0,1,0,1,0,1,0,1,0,0,0,0,0,1,0,1,0,0
37.252057,-119.95783,6,19.85,119.3,0,5060,0,0,1,1,1,0,0,0,1,1,0,1,0,1,0,1,0,1,0,1,0,0,0,0,0,0,1
36.636638,-119.421842,47,106.35,4849.1,0,3723,0,0,0,0,1,0,1,1,0,0,0,0,1,0,1,0,0,0,1,0,1,0,0,1,0,1,0
36.452211,-119.94575,53,99.5,5424.25,0,4754,0,0,0,0,1,0,0,1,0,0,1,0,1,0,1,0,1,0,0,0,1,0,1,0,0,0,1
36.819628,-119.440414,69,84.7,5878.9,0,5345,1,0,1,0,1,0,0,0,0,0,1,0,1,0,1,0,1,0,1,0,1,0,1,1,0,0,1
36.600193,-120.153393,3,86.05,244.85,0,2500,1,0,0,0,1,0,0,1,0,0,1,0,0,0,0,0,0,0,0,0,1,0,0,1,0,0,1
36.545322,-119.642281,4,44.55,220.75,0,2124,1,0,0,0,1,0,0,0,0,0,0,0,0,0,0,0,0,0,0,0,0,0,0,0,0,0,1
37.223,-119.001021,56,75.85,4261.2,0,5314,1,0,1,1,1,0,1,0,0,0,1,0,1,0,0,0,1,0,0,0,1,0,1,1,1,0,0
36.545353,-119.338535,61,25.0,1501.75,0,6421,1,1,1,0,1,0,1,0,1,1,0,1,0,1,0,1,0,1,0,1,0,0,1,0,0,0,0
36.993666,-119.348267,2,45.0,89.75,0,5225,0,0,1,0,1,0,0,0,0,0,0,0,0,0,0,0,0,0,0,0,0,0,0,1,0,1,0
37.287758,-119.548156,12,20.5,255.5,0,2891,1,0,1,1,1,0,0,0,1,1,0,1,0,1,0,1,0,1,0,1,0,0,0,0,0,0,1
36.719141,-119.202677,28,90.45,2509.25,0,5823,0,0,1,1,1,0,1,1,0,0,0,0,0,0,0,0,1,0,0,0,1,1,0,1,0,1,0
36.749403,-119.787574,24,60.45,1440.75,0,5095,1,0,0,0,1,0,0,0,0,0,1,0,1,0,0,0,1,0,0,0,0,0,0,0,0,0,0
36.768774,-119.762633,68,78.45,5333.35,0,5071,0,0,1,1,1,0,1,0,0,0,1,0,1,0,1,0,1,0,0,0,1,1,0,1,0,1,0
36.799648,-119.801247,39,100.55,3895.35,0,3124,1,0,0,1,1,0,1,1,0,0,0,0,0,0,0,0,1,0,1,0,1,0,1,0,0,0,1
36.78724,-119.827813,42,20.35,869.9,0,2127,0,0,1,0,1,0,0,0,1,1,0,1,0,1,0,1,0,1,0,1,0,0,0,0,1,0,0
36.822715,-119.761826,6,90.75,512.25,0,4297,0,0,1,0,1,0,1,1,0,0,0,0,1,0,0,0,0,0,0,0,1,0,0,1,0,1,0
36.878709,-119.7645,38,20.25,814.75,0,4411,0,0,1,0,1,0,0,0,1,1,0,1,0,1,0,1,0,1,0,1,0,1,0,1,1,0,0
36.732694,-119.783786,18,20.05,388.6,0,2782,1,0,0,0,1,0,0,0,1,1,0,1,0,1,0,1,0,1,0,1,0,0,1,0,1,0,0
36.78979,-119.929894,4,19.6,93.45,0,4580,0,0,1,0,1,0,0,0,1,1,0,1,0,1,0,1,0,1,0,1,0,0,0,0,0,0,1
36.623632,-119.741322,27,53.8,1389.85,0,2563,1,0,1,0,1,0,0,0,0,0,0,0,1,0,0,0,1,0,0,0,0,0,0,1,0,1,0
36.793601,-119.761131,41,70.2,2894.55,0,5365,1,0,0,1,1,0,0,0,0,0,1,0,1,0,1,0,0,0,1,0,0,1,0,0,0,0,1
36.751489,-119.68072,50,75.5,4025.6,0,5141,1,0,1,1,1,0,0,0,0,0,1,0,0,0,0,0,1,0,1,0,1,1,0,0,0,1,0
36.757345,-119.818274,72,20.35,1354.4,0,4949,1,0,1,1,1,0,0,0,1,1,0,1,0,1,0,1,0,1,0,1,0,0,1,0,0,1,0
36.64152,-121.622188,70,26.05,1856.4,0,4467,0,0,0,0,1,0,1,0,1,1,0,1,0,1,0,1,0,1,0,1,0,1,0,0,1,0,0
36.667794,-121.601306,44,20.6,926.0,0,2471,1,0,1,1,1,0,0,0,1,1,0,1,0,1,0,1,0,1,0,1,0,1,0,0,0,0,0
36.77462,-121.664714,34,20.1,682.1,0,2272,0,0,1,1,1,0,0,0,1,1,0,1,0,1,0,1,0,1,0,1,0,1,0,1,0,0,0
36.624338,-121.615669,72,24.3,1778.7,0,4397,0,1,1,0,1,0,1,0,1,1,0,1,0,1,0,1,0,1,0,1,0,0,1,0,0,0,0
36.092975,-121.549826,71,24.5,1816.2,0,4058,1,0,1,0,1,0,1,0,1,1,0,1,0,1,0,1,0,1,0,1,0,0,1,1,0,1,0
36.554618,-121.922239,64,110.5,7069.25,0,5718,0,0,0,0,1,0,1,1,0,0,0,0,1,0,1,0,1,0,1,0,1,0,1,1,1,0,0
36.460611,-121.852507,72,25.25,1841.2,0,4551,0,0,1,0,1,0,1,0,1,1,0,1,0,1,0,1,0,1,0,1,0,0,1,1,0,0,0
36.596271,-121.442274,29,90.1,2656.7,0,3553,1,1,1,0,1,0,0,1,0,0,1,0,0,0,1,0,0,0,0,0,1,1,0,0,0,0,0
36.52588,-121.396719,23,68.75,1689.45,0,3519,0,0,1,0,1,0,0,0,0,0,1,0,0,0,1,0,1,0,0,0,1,1,0,1,0,0,0
36.248708,-121.386617,52,19.2,1054.75,0,4203,1,0,1,1,1,0,0,0,1,1,0,1,0,1,0,1,0,1,0,1,0,0,1,0,0,0,1
36.220761,-120.980777,64,115.1,7334.05,0,5213,0,0,0,0,1,0,1,1,0,0,1,0,1,0,1,0,1,0,1,0,1,0,1,1,0,0,0
36.362741,-121.869685,24,99.65,2404.85,0,5207,1,0,0,0,1,0,1,1,0,0,0,0,1,0,0,0,0,0,1,0,1,0,0,1,0,0,0
36.618337,-121.926417,2,91.45,171.45,0,4889,1,0,1,0,1,0,1,1,0,0,0,0,0,0,1,0,0,0,1,0,0,0,0,1,0,1,0
36.587497,-121.944815,34,84.75,2839.45,0,2020,0,0,1,1,1,0,0,0,0,0,1,0,1,0,1,0,1,0,1,0,1,0,1,0,0,0,1
36.625114,-121.823565,53,78.75,3942.45,0,5052,1,0,1,1,1,0,1,0,0,0,0,0,0,0,1,0,1,0,1,0,1,1,0,1,0,0,1
36.414216,-121.360597,47,20.25,873.4,0,2070,0,0,1,1,1,0,0,0,1,1,0,1,0,1,0,1,0,1,0,1,0,0,1,0,1,0,0
36.624641,-121.647195,72,19.9,1529.65,0,5730,1,0,0,1,1,0,0,0,1,1,0,1,0,1,0,1,0,1,0,1,0,0,1,0,1,0,0
37.509366,-122.306132,72,97.75,6991.6,0,4054,1,0,1,1,1,0,1,1,0,0,1,0,1,0,0,0,1,0,0,0,1,0,1,1,1,0,0
37.45567,-122.407992,7,100.4,715.0,0,5041,0,0,0,0,1,0,0,1,0,0,0,0,0,0,1,0,1,0,1,0,1,0,0,1,0,1,0
37.285677,-122.224165,71,24.45,1681.6,0,4742,0,0,1,0,1,0,1,0,1,1,0,1,0,1,0,1,0,1,0,1,0,0,1,1,1,0,0
37.266388,-122.26308,41,101.1,4016.2,0,2227,0,1,0,0,1,0,0,1,0,0,0,0,0,0,1,0,1,0,1,0,1,1,0,1,0,0,0
37.349546,-122.134356,67,50.9,3281.65,0,5281,1,0,1,1,0,1,0,0,0,0,1,0,0,0,0,0,0,0,1,0,1,0,1,0,1,0,0
37.352911,-122.093002,69,107.2,7317.1,0,5935,1,0,1,0,1,0,1,1,0,0,1,0,1,0,1,0,1,0,0,0,1,1,0,1,1,0,0
37.449551,-122.183762,70,92.2,6474.45,0,5264,0,1,1,0,1,0,1,0,0,0,1,0,1,0,1,0,1,0,1,0,1,0,1,1,0,0,0
37.369709,-122.215844,72,113.4,8164.1,0,6347,1,0,0,0,1,0,1,1,0,0,1,0,1,0,1,0,1,0,1,0,1,0,1,0,0,0,0
37.601248,-122.403099,34,40.55,1325.85,0,3897,1,0,1,1,0,1,0,0,0,0,0,0,0,0,0,0,1,0,1,0,0,0,1,1,0,1,0
37.540582,-122.509594,65,26.0,1654.85,0,5352,0,0,1,1,1,0,1,0,1,1,0,1,0,1,0,1,0,1,0,1,0,0,1,0,1,0,0
37.515556,-122.502311,70,111.95,7795.95,0,4182,0,0,0,0,1,0,1,1,0,0,1,0,1,0,1,0,1,0,1,0,1,0,1,1,1,0,0
37.380662,-122.086022,72,53.8,3952.45,0,4954,0,0,1,1,0,1,0,0,0,0,1,0,0,0,1,0,0,0,1,0,1,0,1,1,1,0,0
37.388349,-122.075299,35,72.1,2495.15,0,5510,1,0,0,1,1,0,0,0,0,0,0,0,0,0,0,0,1,0,1,0,1,1,0,1,0,0,1
37.573633,-122.455167,12,78.85,876.75,0,2495,0,0,1,0,1,0,1,0,0,0,1,0,0,0,1,0,0,0,1,0,1,1,0,0,0,1,0
37.22565,-122.297533,62,70.75,4263.45,0,4133,0,0,1,1,1,0,0,0,0,0,1,0,0,0,1,0,1,0,1,0,0,1,0,1,0,0,0
37.461251,-122.235414,25,76.15,1992.95,0,3955,0,0,0,0,1,0,0,0,0,0,1,0,0,0,0,0,1,0,1,0,1,0,0,1,1,0,0
37.410567,-122.297152,52,39.1,1982.1,0,4247,0,0,0,0,0,1,0,0,0,0,1,0,1,0,0,0,1,0,0,0,0,0,1,0,0,0,1
37.499411,-122.196318,8,69.95,562.7,0,2939,1,1,0,0,1,0,0,1,0,0,0,0,0,0,0,0,0,0,0,0,0,0,0,1,1,0,0
37.527497,-122.230941,2,20.05,33.7,0,4978,1,0,0,0,1,0,0,0,1,1,0,1,0,1,0,1,0,1,0,1,0,0,0,0,0,0,1
37.624436,-122.430661,56,20.05,1090.1,0,5172,0,0,1,1,1,0,0,0,1,1,0,1,0,1,0,1,0,1,0,1,0,0,1,0,0,0,1
37.497915,-122.267361,12,19.45,227.45,0,4862,0,0,0,0,1,0,0,0,1,1,0,1,0,1,0,1,0,1,0,1,0,0,0,0,0,0,0
37.331762,-122.341444,47,26.9,1250.85,0,2382,0,0,1,0,1,0,1,0,1,1,0,1,0,1,0,1,0,1,0,1,0,1,0,0,0,1,0
37.654436,-122.426468,2,19.2,37.2,0,4577,1,1,0,0,1,0,0,0,1,1,0,1,0,1,0,1,0,1,0,1,0,0,0,0,0,1,0
37.378541,-122.020456,18,50.0,892.7,0,4952,0,0,0,0,1,0,0,0,0,0,0,0,0,0,1,0,0,0,0,0,0,0,0,1,0,0,1
37.3511,-122.037311,8,60.0,487.75,0,5862,0,0,0,0,1,0,0,0,0,0,1,0,0,0,0,0,0,0,1,0,0,0,0,1,0,1,0
37.421633,-122.009613,45,84.55,3713.95,0,3289,1,0,1,0,1,0,1,1,0,0,1,0,0,0,1,0,0,0,0,0,0,0,0,1,0,0,1
37.7795,-122.419233,3,45.45,141.7,0,3666,1,0,0,0,1,0,0,0,0,0,0,0,0,0,0,0,0,0,0,0,0,0,0,0,0,0,1
37.773147,-122.411287,38,20.05,678.2,0,4539,0,0,0,0,1,0,0,0,1,1,0,1,0,1,0,1,0,1,0,1,0,1,0,0,0,0,1
37.791222,-122.402241,72,115.55,8425.3,0,5890,1,0,1,0,1,0,1,1,0,0,1,0,1,0,1,0,1,0,1,0,1,0,1,1,0,1,0
37.768881,-122.395521,71,99.0,7061.65,0,4305,0,0,1,1,1,0,1,1,0,0,1,0,1,0,1,0,0,0,1,0,0,0,1,1,1,0,0
37.791998,-122.408653,66,50.55,3364.55,0,4652,1,0,1,1,0,1,0,0,0,0,0,0,0,0,0,0,1,0,1,0,1,0,1,0,0,0,0
37.801776,-122.402293,13,25.0,332.5,0,4734,0,0,1,1,1,0,1,0,1,1,0,1,0,1,0,1,0,1,0,1,0,0,1,1,0,0,0
37.720498,-122.443119,65,91.55,5963.95,0,4921,0,0,1,1,1,0,1,0,0,0,1,0,1,0,1,0,1,0,1,0,1,0,1,0,0,0,0
37.786031,-122.437301,15,19.35,278.85,0,2742,1,0,1,1,1,0,0,0,1,1,0,1,0,1,0,1,0,1,0,1,0,0,1,0,0,0,1
37.74441,-122.486764,72,24.85,1871.85,0,4067,0,0,1,0,1,0,1,0,1,1,0,1,0,1,0,1,0,1,0,1,0,0,1,0,1,0,0
37.781304,-122.461522,42,100.4,4303.65,0,3265,0,0,1,1,1,0,0,1,0,0,0,0,0,0,1,0,1,0,1,0,1,0,1,1,0,1,0
37.776718,-122.495781,71,25.0,1753.0,0,4066,0,0,1,0,1,0,1,0,1,1,0,1,0,1,0,1,0,1,0,1,0,0,1,0,0,0,0
37.731505,-122.384532,35,19.25,617.65,0,4988,0,0,0,0,1,0,0,0,1,1,0,1,0,1,0,1,0,1,0,1,0,0,0,0,0,0,0
37.736535,-122.45732,53,108.25,5935.1,0,5989,0,0,1,1,1,0,0,1,0,0,0,0,1,0,1,0,1,0,1,0,1,0,0,1,0,0,0
37.746699,-122.442833,48,20.15,982.95,0,4399,1,0,0,0,1,0,0,0,1,1,0,1,0,1,0,1,0,1,0,1,0,0,1,0,1,0,0
37.722302,-122.491129,30,101.3,2974.5,0,2440,0,1,0,1,1,0,1,1,0,0,0,0,0,0,0,0,1,0,1,0,1,0,0,1,0,1,0
37.802071,-122.411004,10,20.0,198.7,0,2411,1,0,0,0,1,0,0,0,1,1,0,1,0,1,0,1,0,1,0,1,0,0,0,0,1,0,0
37.721052,-122.413573,12,105.3,1275.65,0,5913,0,0,0,1,1,0,1,1,0,0,0,0,1,0,1,0,0,0,1,0,1,0,0,1,0,1,0
37.444314,-122.149996,57,69.85,4003.0,0,4759,0,1,0,0,1,0,0,0,0,0,1,0,0,0,1,0,1,0,1,0,0,0,1,0,0,0,0
37.45809,-122.115398,58,65.25,3791.6,0,5912,0,0,1,0,1,0,0,0,0,0,1,0,1,0,0,0,0,0,1,0,0,0,0,1,1,0,0
37.386978,-122.177746,37,19.8,813.3,0,5336,0,0,0,0,1,0,0,0,1,1,0,1,0,1,0,1,0,1,0,1,0,0,1,0,0,0,1
37.424342,-122.165641,44,19.6,780.25,0,5584,0,0,1,1,1,0,0,0,1,1,0,1,0,1,0,1,0,1,0,1,0,0,0,0,0,0,1
37.416159,-122.131337,27,20.05,552.9,0,2400,1,0,0,1,1,0,0,0,1,1,0,1,0,1,0,1,0,1,0,1,0,1,0,0,1,0,0
37.590421,-122.306467,8,49.4,408.25,0,2907,0,0,0,0,1,0,0,0,0,0,0,0,0,0,0,0,1,0,0,0,0,0,0,0,0,1,0
37.538309,-122.305109,25,88.4,2191.15,0,4849,0,1,1,0,1,0,0,1,0,0,0,0,1,0,1,0,0,0,0,0,1,0,0,0,0,0,0
37.556094,-122.272437,57,100.6,5611.7,0,6351,0,0,1,1,1,0,1,1,0,0,0,0,1,0,0,0,0,0,1,0,1,0,0,1,0,1,0
37.774633,-122.274434,12,19.45,246.25,0,4788,0,0,0,0,1,0,0,0,1,1,0,1,0,1,0,1,0,1,0,1,0,0,0,0,0,0,1
37.724817,-122.224363,62,20.3,1296.15,0,4574,0,0,1,1,1,0,0,0,1,1,0,1,0,1,0,1,0,1,0,1,0,0,1,0,0,0,0
37.791481,-121.903253,65,107.65,7082.85,0,4193,0,0,1,0,1,0,1,1,0,0,0,0,1,0,1,0,1,0,1,0,1,0,1,1,0,0,0
37.855717,-121.994813,71,80.45,5662.25,0,4518,0,0,1,0,1,0,1,0,0,0,0,0,0,0,1,0,1,0,1,0,1,0,1,1,0,0,0
38.542448,-122.419923,21,58.85,1215.45,0,2845,0,0,1,1,1,0,0,0,0,0,0,0,1,0,0,0,0,0,1,0,0,1,0,1,1,0,0
37.980057,-121.801599,71,109.6,7854.15,0,4564,1,0,1,0,1,0,1,1,0,0,1,0,1,0,1,0,0,0,1,0,1,1,0,1,0,1,0
38.113533,-122.11926,7,75.15,525.0,0,4216,0,0,0,0,1,0,0,1,0,0,0,0,0,0,1,0,0,0,0,0,0,0,0,1,0,1,0
38.050558,-121.646924,72,73.0,5265.2,0,5127,0,0,0,0,1,0,0,0,0,0,1,0,1,0,1,0,1,0,0,0,1,0,1,1,1,0,0
38.140719,-121.838298,1,70.1,70.1,0,2475,0,0,0,0,1,0,0,1,0,0,0,0,0,0,0,0,0,0,0,0,0,0,0,0,0,1,0
37.908242,-121.682472,72,98.65,7129.45,0,4616,0,0,1,1,1,0,1,1,0,0,0,0,1,0,1,0,1,0,0,0,1,0,1,1,0,0,0
37.83323,-121.601461,64,111.45,7266.95,0,5129,0,0,1,1,1,0,1,1,0,0,0,0,1,0,1,0,1,0,1,0,1,1,0,1,0,1,0
38.629618,-122.593216,72,114.9,8496.7,0,4589,0,0,0,0,1,0,1,1,0,0,1,0,1,0,1,0,1,0,1,0,1,0,1,1,0,1,0
37.881842,-121.848111,29,100.55,2878.75,0,4847,0,0,0,0,1,0,1,1,0,0,0,0,0,0,1,0,0,0,1,0,1,0,0,0,0,0,0
37.950248,-122.022455,13,20.4,261.3,0,4883,0,0,0,0,1,0,0,0,1,1,0,1,0,1,0,1,0,1,0,1,0,0,1,1,0,0,1
37.990118,-122.012188,31,104.35,3205.6,0,5320,0,0,0,0,1,0,1,1,0,0,1,0,1,0,0,0,0,0,1,0,1,0,0,0,0,1,0
37.924838,-122.289145,14,80.45,1137.05,0,5772,0,0,1,1,1,0,1,0,0,0,0,0,1,0,0,0,1,0,1,0,1,0,0,0,1,0,0
37.572273,-121.964583,72,91.35,6697.2,0,5378,0,0,0,0,1,0,1,0,0,0,1,0,1,0,1,0,1,0,1,0,1,0,1,1,0,0,0
37.674002,-122.076796,25,19.9,505.45,0,4134,1,0,1,1,1,0,0,0,1,1,0,1,0,1,0,1,0,1,0,1,0,1,0,0,0,1,0
37.639215,-122.037554,18,68.35,1299.8,0,5993,1,0,0,0,1,0,0,0,0,0,1,0,0,0,1,0,1,0,1,0,0,0,0,1,0,1,0
37.62984,-122.120843,71,79.1,5564.85,0,5872,1,0,1,0,1,0,0,0,0,0,0,0,1,0,1,0,1,0,1,0,1,0,1,1,1,0,0
37.708327,-122.083473,28,51.0,1381.8,0,5195,1,1,1,1,1,0,1,0,0,0,0,0,0,0,0,0,0,0,0,0,0,1,0,1,0,1,0
37.991259,-122.214945,2,80.55,188.1,0,5346,0,0,0,1,1,0,1,1,0,0,1,0,0,0,0,0,0,0,0,0,0,0,0,0,1,0,0
37.907777,-122.127161,17,66.7,1077.05,0,2814,1,0,1,1,1,0,1,0,0,0,0,0,1,0,1,0,1,0,0,0,0,0,0,1,0,0,1
37.571748,-121.659562,56,86.4,4922.4,0,4449,1,0,0,0,1,0,1,1,0,0,1,0,1,0,0,0,0,0,0,0,0,0,0,1,0,1,0
37.722727,-122.02157,60,50.05,2911.5,0,5493,0,0,1,0,0,1,0,0,0,0,1,0,1,0,1,0,0,0,0,0,1,1,0,0,0,1,0
38.014457,-122.115432,33,25.7,826.1,0,3378,0,0,0,0,1,0,1,0,1,1,0,1,0,1,0,1,0,1,0,1,0,0,1,0,1,0,0
37.555473,-122.080312,1,83.4,83.4,0,5960,0,0,0,0,1,0,0,1,0,0,1,0,1,0,0,0,1,0,0,0,0,0,0,1,0,0,1
38.489789,-122.27011,63,84.65,5377.8,0,4604,1,0,1,0,1,0,1,1,0,0,1,0,0,0,0,0,1,0,0,0,0,0,1,1,1,0,0
37.504133,-122.032347,55,64.75,3617.1,0,4634,0,0,0,0,1,0,0,0,0,0,0,0,1,0,1,0,0,0,0,0,1,0,1,1,0,0,1
37.999406,-121.686241,65,100.15,6643.5,0,4915,0,0,1,0,1,0,1,1,0,0,1,0,1,0,0,0,1,0,1,0,0,1,0,1,0,0,0
37.996462,-122.293716,63,25.25,1559.3,0,4530,1,0,0,0,1,0,1,0,1,1,0,1,0,1,0,1,0,1,0,1,0,0,1,0,0,0,1
38.006047,-121.916834,70,113.0,7987.6,0,4588,0,1,1,0,1,0,1,1,0,0,1,0,1,0,1,0,1,0,1,0,1,0,1,1,1,0,0
37.633361,-121.862395,36,40.65,1547.35,0,2564,0,0,1,1,0,1,0,0,0,0,1,0,0,0,1,0,1,0,0,0,0,0,1,0,1,0,0
38.035707,-122.196821,22,94.95,2142.8,0,4242,1,0,0,0,1,0,0,1,0,0,0,0,1,0,1,0,1,0,0,0,1,0,0,1,0,0,0
38.148862,-121.737696,5,59.9,287.85,0,3662,0,1,0,0,1,0,0,0,0,0,1,0,1,0,0,0,1,0,0,0,0,0,0,0,1,0,0
37.717196,-122.159338,1,19.8,19.8,0,3129,0,0,0,0,1,0,0,0,1,1,0,1,0,1,0,1,0,1,0,1,0,0,0,0,1,0,0
37.704384,-122.126703,56,81.8,4534.45,0,4399,1,0,0,0,1,0,0,0,0,0,0,0,1,0,1,0,1,0,1,0,1,0,1,1,1,0,0
37.687264,-122.15728,2,20.0,40.9,0,2237,0,0,0,0,1,0,0,0,1,1,0,1,0,1,0,1,0,1,0,1,0,0,0,1,0,0,1
37.676249,-122.132415,35,59.6,2094.9,0,2187,1,0,0,0,1,0,1,0,0,0,1,0,0,0,1,0,0,0,0,0,0,0,0,1,0,1,0
37.766556,-121.976784,64,25.0,1584.8,0,5538,0,0,1,0,1,0,1,0,1,1,0,1,0,1,0,1,0,1,0,1,0,0,1,0,1,0,0
38.197907,-122.017258,15,84.35,1302.65,0,3314,0,0,0,0,1,0,1,1,0,0,1,0,0,0,1,0,0,0,0,0,0,0,0,1,1,0,0
37.59485,-122.051521,1,55.55,55.55,0,2207,1,0,0,0,1,0,0,0,0,0,0,0,0,0,0,0,0,0,0,0,1,0,0,0,0,0,1
37.685052,-121.912061,70,75.35,5437.75,0,6477,0,0,1,1,1,0,0,0,0,0,1,0,0,0,0,0,1,0,1,0,1,0,1,0,1,0,0
38.105733,-122.186338,39,59.3,2209.15,0,5843,0,0,0,0,1,0,0,0,0,0,0,0,0,0,0,0,1,0,0,0,1,1,0,0,0,1,0
38.093701,-122.276589,29,66.1,1912.15,0,5590,0,0,0,0,1,0,1,0,0,0,1,0,0,0,0,0,0,0,0,0,1,0,0,1,0,1,0
37.862128,-122.075197,14,18.8,255.55,0,5751,0,0,1,1,1,0,0,0,1,1,0,1,0,1,0,1,0,1,0,1,0,0,1,0,0,0,1
37.900662,-122.052782,61,86.45,5175.3,0,4471,0,0,0,0,1,0,1,0,0,0,1,0,0,0,1,0,1,0,1,0,1,0,1,0,1,0,0
37.916648,-122.008483,13,52.1,670.65,0,4929,1,0,0,1,1,0,0,0,0,0,1,0,0,0,0,0,0,0,0,0,0,0,0,1,1,0,0
38.421458,-122.365048,66,47.4,3177.25,0,6435,0,0,0,0,0,1,0,0,0,0,1,0,1,0,1,0,1,0,0,0,0,0,1,1,0,0,1
37.803883,-122.208417,59,109.15,6557.75,0,5186,0,0,1,0,1,0,1,1,0,0,1,0,1,0,1,0,0,0,1,0,1,1,0,1,1,0,0
37.739113,-122.175602,62,94.95,5791.85,0,4262,1,0,1,1,1,0,1,1,0,0,1,0,1,0,0,0,0,0,1,0,0,1,0,1,1,0,0
37.758019,-122.138678,33,93.55,3055.5,0,4414,1,1,1,0,1,0,0,1,0,0,1,0,1,0,0,0,1,0,0,0,1,1,0,1,0,1,0
37.792489,-122.244314,66,79.5,5196.1,0,4285,1,0,0,1,1,0,0,0,0,0,0,0,1,0,1,0,1,0,1,0,1,0,1,1,1,0,0
37.80707,-122.297401,72,115.05,8405.0,0,5905,0,0,0,0,1,0,1,1,0,0,1,0,1,0,1,0,1,0,1,0,1,0,1,0,1,0,0
37.808731,-122.238708,51,95.15,5000.05,0,6492,0,0,1,1,1,0,1,1,0,0,1,0,0,0,0,0,1,0,1,0,0,1,0,1,0,0,1
37.828416,-122.216005,63,105.4,6713.2,0,4551,1,0,0,0,1,0,1,1,0,0,0,0,1,0,0,0,1,0,1,0,1,0,0,0,0,1,0
37.809014,-122.269739,27,20.1,562.6,0,3428,1,0,0,0,1,0,0,0,1,1,0,1,0,1,0,1,0,1,0,1,0,1,0,0,0,0,0
37.787186,-122.14633,4,20.05,91.45,0,3460,0,1,0,0,1,0,0,0,1,1,0,1,0,1,0,1,0,1,0,1,0,0,0,0,0,0,1
37.750553,-122.197175,42,20.7,828.85,0,5320,1,0,1,1,1,0,0,0,1,1,0,1,0,1,0,1,0,1,0,1,0,0,1,0,0,0,1
37.866009,-122.286228,29,20.35,617.35,0,4840,0,0,0,0,1,0,0,0,1,1,0,1,0,1,0,1,0,1,0,1,0,1,0,0,0,0,1
37.871416,-122.246597,30,19.7,625.05,0,3302,1,0,0,0,1,0,0,0,1,1,0,1,0,1,0,1,0,1,0,1,0,1,0,0,0,0,1
37.890274,-122.295192,71,85.45,6029.9,0,5394,1,0,1,1,1,0,0,0,0,0,1,0,1,0,1,0,1,0,1,0,1,0,1,0,0,0,0
37.897753,-122.279391,46,40.4,1842.7,0,2519,1,0,1,0,0,1,0,0,0,0,1,0,0,0,1,0,1,0,0,0,0,0,1,0,1,0,0
37.872902,-122.303708,69,105.2,7386.05,0,6247,1,0,0,0,1,0,1,1,0,0,0,0,1,0,0,0,1,0,1,0,1,1,0,1,0,0,0
37.945288,-122.383941,72,100.65,7334.05,0,6380,0,0,1,0,1,0,1,1,0,0,1,0,1,0,1,0,0,0,1,0,0,0,1,0,0,0,0
37.921034,-122.341798,28,91.0,2626.15,0,2448,1,0,0,0,1,0,0,1,0,0,0,0,0,0,1,0,1,0,0,0,1,0,0,0,0,1,0
37.980269,-122.342635,72,116.75,8277.05,0,5098,0,1,1,0,1,0,1,1,0,0,1,0,1,0,1,0,1,0,1,0,1,0,1,1,1,0,0
38.018065,-122.546024,7,59.1,369.25,0,4770,0,0,0,0,1,0,0,0,0,0,1,0,0,0,0,0,0,0,0,0,1,1,0,1,0,1,0
37.946617,-122.563571,22,49.8,1049.05,0,4667,0,0,0,0,1,0,0,0,0,0,1,0,0,0,0,0,0,0,0,0,0,0,0,1,0,1,0
37.885629,-122.46858,72,19.3,1414.8,0,4722,1,0,0,0,1,0,0,0,1,1,0,1,0,1,0,1,0,1,0,1,0,0,1,0,0,0,0
38.343282,-122.9755,8,19.65,169.75,0,4535,1,0,1,1,1,0,0,0,1,1,0,1,0,1,0,1,0,1,0,1,0,0,0,0,1,0,0
38.377165,-123.037957,52,81.4,4354.45,0,4628,1,0,1,0,1,0,1,0,0,0,1,0,1,0,1,0,1,0,0,0,1,1,0,1,1,0,0
37.943087,-122.72379,68,38.9,2719.2,0,5278,0,0,0,0,0,1,0,0,0,0,1,0,0,0,1,0,1,0,0,0,0,0,1,0,0,0,1
37.924014,-122.511694,71,87.95,6365.35,0,4278,0,0,1,0,1,0,1,0,0,0,1,0,1,0,1,0,1,0,1,0,1,0,1,0,0,0,0
38.34719,-122.697822,2,19.85,51.6,0,3300,1,0,0,0,1,0,0,0,1,1,0,1,0,1,0,1,0,1,0,1,0,0,0,0,0,0,1
38.24458,-122.956268,34,96.35,3190.25,0,5425,0,1,0,0,1,0,1,1,0,0,0,0,1,0,0,0,1,0,1,0,0,0,0,1,0,1,0
37.971751,-122.611873,35,24.15,812.5,0,5097,0,0,0,0,0,1,0,0,0,0,0,0,0,0,0,0,0,0,0,0,0,0,0,0,0,1,0
38.326215,-122.718742,61,19.1,1143.8,0,4376,0,0,1,1,1,0,0,0,1,1,0,1,0,1,0,1,0,1,0,1,0,1,0,0,1,0,0
38.010092,-122.689442,1,44.0,44.0,0,2785,1,0,0,0,1,0,0,0,0,0,0,0,0,0,0,0,0,0,0,0,0,0,0,0,0,1,0
38.021772,-122.691744,53,60.6,3297.0,0,4854,0,0,1,1,1,0,0,0,0,0,0,0,0,0,1,0,0,0,0,0,1,1,0,0,1,0,0
37.937082,-122.532369,72,25.65,1887.0,0,5613,0,0,1,0,1,0,1,0,1,1,0,1,0,1,0,1,0,1,0,1,0,0,1,0,0,0,0
38.065359,-122.665566,41,53.95,2215.4,0,3920,1,1,1,0,0,1,0,0,0,0,0,0,1,0,1,0,0,0,1,0,1,0,0,1,0,1,0
38.112166,-122.634384,24,20.4,482.8,0,3071,0,0,1,0,1,0,0,0,1,1,0,1,0,1,0,1,0,1,0,1,0,1,0,0,1,0,0
38.052209,-122.775567,8,29.35,216.45,0,5369,1,0,0,0,0,1,0,0,0,0,1,0,0,0,0,0,0,0,0,0,0,0,0,0,0,0,1
38.325599,-122.642352,1,20.45,20.45,0,2184,1,0,0,0,1,0,0,0,1,1,0,1,0,1,0,1,0,1,0,1,0,0,0,1,0,0,1
38.237018,-122.77872,54,95.1,5064.85,0,4825,0,0,0,0,1,0,1,1,0,0,0,0,0,0,1,0,1,0,0,0,1,0,1,1,0,0,0
38.235021,-122.557332,41,25.25,996.45,0,3461,1,0,0,0,1,0,1,0,1,1,0,1,0,1,0,1,0,1,0,1,0,0,0,1,0,0,0
38.060264,-122.830646,19,44.9,839.65,0,5842,0,0,1,0,1,0,0,0,0,0,0,0,0,0,0,0,0,0,0,0,0,0,0,0,0,0,1
37.99272,-122.575026,72,92.65,6733.0,0,6342,0,0,1,1,1,0,1,0,0,0,1,0,1,0,1,0,1,0,1,0,1,0,1,0,0,0,0
38.00474,-122.663717,62,43.7,2618.3,0,5254,1,0,0,0,0,1,0,0,0,0,1,0,1,0,1,0,1,0,0,0,0,0,1,1,0,0,0
37.942551,-122.491642,56,72.6,4084.35,0,6357,0,1,1,1,1,0,0,0,0,0,1,0,0,0,0,0,1,0,1,0,1,0,1,1,1,0,0
38.240769,-122.901041,32,18.95,613.95,0,4735,1,0,1,1,1,0,0,0,1,1,0,1,0,1,0,1,0,1,0,1,0,0,1,0,0,0,1
38.339996,-122.935056,21,20.5,402.85,0,5654,1,0,0,0,1,0,0,0,1,1,0,1,0,1,0,1,0,1,0,1,0,0,0,0,1,0,0
38.005839,-122.638155,62,19.95,1244.8,0,4803,1,0,1,1,1,0,0,0,1,1,0,1,0,1,0,1,0,1,0,1,0,1,0,0,0,0,0
37.449537,-121.994813,2,24.5,46.4,0,5786,0,0,0,0,0,1,0,0,0,0,0,0,0,0,0,0,0,0,0,0,0,0,0,0,0,1,0
37.013471,-121.877877,27,20.6,581.85,0,2924,1,0,0,1,1,0,0,0,1,1,0,1,0,1,0,1,0,1,0,1,0,0,1,0,0,0,1
37.078873,-122.090386,25,61.05,1540.2,0,3695,0,0,0,0,0,1,0,0,0,0,1,0,1,0,1,0,0,0,1,0,1,1,0,0,0,1,0
37.106902,-122.100006,49,106.65,5168.1,0,5154,1,0,0,0,1,0,1,1,0,0,0,0,1,0,0,0,1,0,1,0,1,1,0,1,0,0,0
37.279689,-121.954567,63,108.25,6780.1,0,5331,0,0,0,0,1,0,1,1,0,0,1,0,1,0,1,0,0,0,1,0,1,0,0,0,1,0,0
36.977025,-121.952864,4,20.4,94.5,0,4929,0,0,0,1,1,0,0,0,1,1,0,1,0,1,0,1,0,1,0,1,0,0,0,0,1,0,0
36.784481,-121.759054,1,55.3,55.3,0,2849,0,0,1,0,1,0,0,0,0,0,0,0,0,0,0,0,0,0,1,0,0,0,0,1,0,0,1
37.306612,-122.080621,11,20.25,208.0,0,4032,1,0,0,0,1,0,0,0,1,1,0,1,0,1,0,1,0,1,0,1,0,0,0,0,0,0,1
37.114335,-122.237162,52,72.95,3829.75,0,4368,1,1,0,0,1,0,1,1,0,0,0,0,0,0,0,0,0,0,0,0,0,0,0,1,0,0,0
37.089111,-122.062213,60,89.45,5294.6,0,4340,0,1,1,0,1,0,1,1,0,0,0,0,1,0,0,0,0,0,0,0,1,0,0,0,0,1,0
36.936228,-121.785559,64,104.65,6889.8,0,6443,1,0,0,0,1,0,1,1,0,0,0,0,0,0,1,0,1,0,1,0,1,1,0,1,1,0,0
37.03889,-121.528955,43,75.2,3254.35,0,3976,0,0,1,1,1,0,0,0,0,0,1,0,0,0,1,0,0,0,1,0,1,0,1,0,0,0,0
36.875409,-121.279679,61,101.15,6383.9,0,5177,0,0,1,0,1,0,1,1,0,0,0,0,0,0,0,0,1,0,1,0,1,1,0,0,0,0,0
37.160194,-121.945611,66,68.75,4447.55,0,5454,1,0,0,0,1,0,1,0,0,0,1,0,1,0,1,0,1,0,0,0,0,0,1,0,0,0,0
37.441931,-121.878502,67,111.05,7321.05,0,6103,1,0,1,0,1,0,0,1,0,0,1,0,1,0,1,0,1,0,1,0,1,0,1,1,0,1,0
37.161544,-121.649371,42,99.0,4135.0,0,4545,0,0,1,0,1,0,0,1,0,0,0,0,0,0,1,0,1,0,1,0,1,0,1,1,1,0,0
37.051166,-122.056194,31,21.0,697.7,0,5225,0,0,1,1,1,0,0,0,1,1,0,1,0,1,0,1,0,1,0,1,0,0,1,0,0,0,1
36.525703,-120.952122,7,19.4,168.65,0,5873,1,0,0,0,1,0,0,0,1,1,0,1,0,1,0,1,0,1,0,1,0,0,0,1,0,0,1
37.084697,-121.606417,34,77.2,2753.8,0,3997,1,0,1,1,1,0,1,0,0,0,0,0,0,0,1,0,0,0,1,0,1,1,0,0,0,0,0
37.351214,-121.952417,3,19.45,69.25,0,2787,1,0,0,0,1,0,0,0,1,1,0,1,0,1,0,1,0,1,0,1,0,1,0,1,0,0,1
37.348129,-121.98469,19,24.85,434.8,0,2958,0,0,1,1,0,1,0,0,0,0,0,0,0,0,0,0,0,0,0,0,0,0,0,1,0,0,1
36.974575,-121.991149,3,41.35,107.25,0,5534,1,0,0,0,0,1,0,0,0,0,1,0,0,0,1,0,1,0,0,0,0,0,0,0,0,0,1
37.007882,-122.065975,46,19.6,851.2,0,5092,1,0,1,0,1,0,0,0,1,1,0,1,0,1,0,1,0,1,0,1,0,0,0,0,0,1,0
37.070177,-122.010077,69,84.45,5848.6,0,5629,0,0,1,1,1,0,1,1,0,0,1,0,0,0,1,0,0,0,0,0,0,1,0,0,0,0,0
37.257772,-122.051824,5,20.25,109.8,0,5064,1,0,0,0,1,0,0,0,1,1,0,1,0,1,0,1,0,1,0,1,0,0,0,0,0,0,1
37.023669,-121.946461,1,19.65,19.65,0,3625,1,0,0,0,1,0,0,0,1,1,0,1,0,1,0,1,0,1,0,1,0,0,0,0,0,0,0
36.931654,-121.752383,26,20.65,595.5,0,2194,1,0,0,0,1,0,0,0,1,1,0,1,0,1,0,1,0,1,0,1,0,1,0,1,1,0,0
37.284265,-121.827673,25,99.3,2513.5,0,3847,1,0,0,0,1,0,0,1,0,0,0,0,0,0,1,0,1,0,1,0,1,0,1,0,0,0,0
37.343827,-121.883119,64,81.05,5135.35,0,5168,1,0,1,1,1,0,0,1,0,0,1,0,1,0,0,0,0,0,0,0,0,0,0,0,0,1,0
37.333851,-121.891147,30,67.6,2000.2,0,4104,1,0,1,1,1,0,1,0,0,0,1,0,1,0,1,0,1,0,0,0,0,0,0,0,0,1,0
37.350284,-121.852855,13,70.15,931.75,0,4599,1,0,0,0,1,0,0,1,0,0,0,0,0,0,0,0,0,0,0,0,0,0,0,1,0,1,0
37.311088,-121.961786,64,115.0,7396.15,0,5189,0,0,1,0,1,0,1,1,0,0,1,0,1,0,1,0,1,0,1,0,1,1,0,1,0,1,0
37.255479,-121.889838,46,84.8,3958.85,0,5756,0,0,0,1,1,0,1,1,0,0,0,0,0,0,1,0,1,0,0,0,0,0,0,1,0,0,0
37.233226,-121.78809,12,19.7,260.9,0,3423,0,0,0,0,1,0,0,0,1,1,0,1,0,1,0,1,0,1,0,1,0,1,0,0,0,0,1
37.32886,-121.834567,13,63.15,816.8,0,5916,0,0,1,1,1,0,0,0,0,0,1,0,0,0,1,0,0,0,0,0,1,0,0,1,0,0,1
37.238758,-121.828375,67,74.0,4868.4,0,4188,0,0,1,1,1,0,1,0,0,0,1,0,1,0,0,0,1,0,1,0,0,0,1,0,1,0,0
37.257063,-121.923037,24,29.1,688.0,0,4636,1,0,1,0,0,1,0,0,0,0,0,0,0,0,1,0,0,0,0,0,0,0,0,0,0,1,0
37.294926,-121.894763,6,50.05,288.35,0,3929,1,0,0,0,1,0,0,0,0,0,0,0,0,0,0,0,1,0,0,0,0,0,0,0,0,0,1
37.316146,-121.936285,10,20.0,185.4,0,2706,1,0,0,0,1,0,0,0,1,1,0,1,0,1,0,1,0,1,0,1,0,0,0,0,0,1,0
37.305622,-122.000887,13,74.65,966.25,0,4172,0,0,0,0,1,0,0,1,0,0,0,0,1,0,0,0,0,0,0,0,0,1,0,1,0,0,1
37.424655,-121.74841,7,44.4,265.8,0,3410,1,1,0,0,0,1,0,0,0,0,0,0,1,0,0,0,1,0,0,0,1,0,0,1,0,1,0
37.371862,-121.860349,38,85.4,3297.0,0,5292,1,0,1,1,1,0,1,0,0,0,1,0,0,0,1,0,1,0,1,0,1,0,1,1,0,0,0
37.42765,-121.945416,43,94.1,4107.3,0,4392,0,0,1,0,1,0,1,1,0,0,1,0,1,0,0,0,0,0,0,0,1,0,0,1,0,1,0
37.270938,-121.851046,25,108.9,2809.05,0,4398,0,0,0,0,1,0,1,1,0,0,0,0,1,0,1,0,1,0,1,0,1,0,1,0,0,1,0
37.246064,-121.749494,27,56.2,1567.55,0,5978,1,0,0,1,1,0,0,0,0,0,1,0,1,0,0,0,0,0,0,0,0,1,0,0,0,0,1
37.218705,-121.762429,72,26.1,1851.45,0,5475,1,0,1,1,1,0,1,0,1,1,0,1,0,1,0,1,0,1,0,1,0,0,1,0,0,0,1
37.382909,-121.634151,71,85.45,6028.95,0,4777,1,0,0,1,1,0,1,1,0,0,1,0,1,0,0,0,0,0,0,0,0,1,0,1,1,0,0
37.339533,-121.777179,24,88.95,2072.75,0,5557,0,0,0,0,1,0,1,1,0,0,0,0,0,0,1,0,0,0,1,0,0,0,0,1,1,0,0
37.954089,-121.329761,57,74.35,4317.35,0,5548,1,0,0,0,1,0,0,0,0,0,1,0,0,0,1,0,0,0,1,0,1,0,1,1,0,0,0
37.974498,-121.319568,15,48.85,736.8,0,5584,0,0,0,0,1,0,0,0,0,0,0,0,1,0,0,0,0,0,0,0,0,0,0,0,0,1,0
37.965695,-121.260051,4,80.1,336.15,0,2333,1,0,0,0,1,0,1,1,0,0,1,0,0,0,0,0,0,0,0,0,0,0,0,1,0,1,0
37.902422,-121.440029,28,56.05,1522.65,0,4468,0,0,0,0,1,0,0,0,0,0,1,0,1,0,0,0,0,0,0,0,0,0,0,0,0,1,0
38.044523,-121.348048,55,89.8,4959.6,0,5875,0,0,1,0,1,0,1,1,0,0,1,0,0,0,0,0,0,0,1,0,0,0,0,1,0,0,0
37.946282,-121.139499,55,19.1,1001.5,0,4391,1,0,0,1,1,0,0,0,1,1,0,1,0,1,0,1,0,1,0,1,0,1,0,0,0,0,0
38.029729,-121.387999,20,20.35,442.6,0,2522,0,0,1,1,1,0,0,0,1,1,0,1,0,1,0,1,0,1,0,1,0,0,0,0,0,0,1
38.200231,-121.235034,62,106.05,6703.5,0,6361,0,0,1,1,1,0,1,1,0,0,0,0,1,0,0,0,1,0,1,0,1,1,0,1,1,0,0
38.32153,-120.236358,43,19.65,779.25,0,3678,0,0,0,0,1,0,0,0,1,1,0,1,0,1,0,1,0,1,0,1,0,0,1,1,0,0,0
38.183918,-120.898817,60,59.85,3483.45,0,4029,0,0,1,0,1,0,0,0,0,0,1,0,1,0,0,0,1,0,0,0,0,0,1,0,0,0,0
38.233879,-120.861666,58,86.1,4890.5,0,5666,1,0,1,0,1,0,1,0,0,0,1,0,1,0,1,0,0,0,1,0,1,0,1,1,0,1,0
38.227285,-121.02789,7,19.45,136.75,0,5084,1,0,0,1,1,0,0,0,1,1,0,1,0,1,0,1,0,1,0,1,0,1,0,0,0,0,1
37.943954,-120.67108,2,97.1,184.15,0,5745,1,0,1,1,1,0,0,1,0,0,1,0,0,0,0,0,0,0,1,0,1,0,0,0,0,1,0
37.956963,-120.863055,37,36.65,1315.0,0,2494,1,1,0,0,0,1,0,0,0,0,0,0,1,0,1,0,0,0,0,0,0,0,0,0,0,1,0
37.873283,-121.292034,65,103.9,6767.1,0,5669,0,1,1,1,1,0,1,1,0,0,0,0,0,0,1,0,1,0,1,0,1,1,0,1,0,0,0
38.358464,-120.579304,39,19.75,757.95,0,3944,0,0,1,1,1,0,0,0,1,1,0,1,0,1,0,1,0,1,0,1,0,0,1,0,0,0,1
38.047746,-121.030499,68,24.55,1657.4,0,6042,1,0,0,0,1,0,1,0,1,1,0,1,0,1,0,1,0,1,0,1,0,0,1,0,0,0,1
38.166791,-121.14207,62,48.7,3008.55,0,5453,0,0,1,1,0,1,0,0,0,0,1,0,1,0,0,0,1,0,1,0,0,0,1,0,0,0,0
38.128087,-121.4078,72,109.55,8165.1,0,6452,0,0,1,0,1,0,1,1,0,0,1,0,1,0,1,0,0,0,1,0,1,0,1,1,0,1,0
38.304194,-120.592431,41,20.65,875.55,0,5062,0,0,1,0,1,0,0,0,1,1,0,1,0,1,0,1,0,1,0,1,0,0,1,0,1,0,0
38.147852,-120.440124,4,55.2,220.65,0,4042,0,0,0,0,1,0,0,0,0,0,1,0,1,0,0,0,0,0,0,0,0,0,0,0,0,1,0
38.196497,-120.61689,53,24.05,1301.9,0,4865,1,0,0,0,1,0,1,0,1,1,0,1,0,1,0,1,0,1,0,1,0,1,0,0,0,0,0
38.156971,-120.849231,39,20.45,790.0,0,2165,1,0,1,0,1,0,0,0,1,1,0,1,0,1,0,1,0,1,0,1,0,0,1,1,0,0,0
38.192608,-120.957842,63,19.25,1237.65,0,4538,1,0,1,0,1,0,0,0,1,1,0,1,0,1,0,1,0,1,0,1,0,0,1,0,0,0,1
38.41935,-120.469545,15,26.35,378.6,0,2723,1,0,0,0,1,0,1,0,1,1,0,1,0,1,0,1,0,1,0,1,0,0,0,1,0,1,0
38.392686,-120.415951,13,43.8,592.65,0,4369,0,0,1,0,1,0,0,0,0,0,0,0,0,0,0,0,0,0,0,0,0,1,0,0,0,1,0
38.169605,-121.310964,1,50.15,50.15,0,4014,1,0,0,0,1,0,0,0,0,0,0,0,1,0,0,0,0,0,0,0,0,0,0,1,0,0,1
37.321233,-120.656354,1,20.45,20.45,0,5925,1,0,0,0,1,0,0,0,1,1,0,1,0,1,0,1,0,1,0,1,0,0,1,0,0,0,1
37.818589,-120.256995,60,61.4,3638.25,0,6209,1,0,0,0,1,0,0,0,0,0,1,0,1,0,1,0,0,0,0,0,0,0,1,0,0,1,0
37.553469,-120.952825,40,70.75,2921.75,0,5507,1,0,1,0,1,0,1,0,0,0,0,0,1,0,0,0,1,0,1,0,0,1,0,0,1,0,0
38.085839,-120.37855,66,61.15,4017.45,0,5133,0,0,0,0,1,0,0,0,0,0,1,0,1,0,1,0,0,0,0,0,0,0,1,1,0,0,0
37.722127,-120.110174,42,20.25,854.9,0,4439,1,0,1,1,1,0,0,0,1,1,0,1,0,1,0,1,0,1,0,1,0,1,0,0,0,0,1
37.420273,-120.66527,66,63.85,4174.35,0,4657,0,1,0,0,1,0,1,0,0,0,1,0,1,0,0,0,1,0,0,0,0,1,0,1,1,0,0
37.435664,-121.049056,49,98.7,4920.55,0,6148,1,0,0,0,1,0,1,1,0,0,0,0,1,0,0,0,0,0,1,0,1,0,0,0,0,1,0
37.524721,-120.757977,41,20.0,810.3,0,5913,0,0,0,0,1,0,0,0,1,1,0,1,0,1,0,1,0,1,0,1,0,0,1,0,0,0,1
37.127386,-120.506422,41,19.3,772.4,0,4180,0,0,1,1,1,0,0,0,1,1,0,1,0,1,0,1,0,1,0,1,0,0,1,0,0,0,0
37.654551,-119.822984,23,84.4,1936.85,0,2177,0,0,1,1,1,0,0,1,0,0,1,0,1,0,0,0,1,0,0,0,0,0,0,0,0,0,1
37.818543,-121.006907,3,25.1,79.8,0,2013,1,0,0,0,0,1,0,0,0,0,0,0,0,0,0,0,0,0,0,0,0,0,0,0,0,1,0
37.902968,-119.667544,4,48.25,202.25,0,2682,0,0,0,0,0,1,0,0,0,0,1,0,0,0,1,0,1,0,0,0,1,0,0,0,0,0,1
37.147198,-121.120161,52,19.85,1070.5,0,5432,0,0,1,1,1,0,0,0,1,1,0,1,0,1,0,1,0,1,0,1,0,0,1,0,0,0,1
37.394536,-120.890747,11,94.2,999.9,0,2405,0,0,0,0,1,0,0,1,0,0,0,0,1,0,1,0,1,0,0,0,1,0,0,1,0,1,0
37.479926,-120.230424,2,62.15,113.1,0,5766,0,0,1,0,1,0,0,0,0,0,1,0,0,0,0,0,0,0,0,0,1,0,0,1,0,0,1
37.5923,-120.853288,26,79.3,2015.8,0,5168,0,0,1,0,1,0,1,1,0,0,0,0,1,0,0,0,0,0,0,0,0,0,0,0,0,0,0
37.84771,-120.486589,24,56.25,1454.25,0,3607,1,0,1,1,1,0,0,0,0,0,1,0,0,0,1,0,0,0,0,0,0,1,0,1,1,0,0
37.555631,-120.911653,12,20.3,246.7,0,4177,0,0,0,0,1,0,0,0,1,1,0,1,0,1,0,1,0,1,0,1,0,0,0,0,0,0,1
37.666587,-120.411517,60,99.0,6017.9,0,4763,1,1,1,0,1,0,1,1,0,0,0,0,0,0,0,0,1,0,1,0,1,0,0,1,0,1,0
37.80821,-121.308401,64,90.6,5817.45,0,5240,0,0,1,1,1,0,1,0,0,0,1,0,1,0,1,0,1,0,1,0,1,0,1,1,0,0,1
37.249377,-120.249581,66,85.9,5595.3,0,5137,1,0,1,0,1,0,0,0,0,0,1,0,1,0,1,0,1,0,1,0,1,0,1,1,0,0,0
37.361987,-120.748394,60,79.2,4765.0,0,5687,0,0,0,0,1,0,1,1,0,0,0,0,0,0,1,0,0,0,0,0,0,1,0,1,0,0,0
38.109125,-120.078597,17,70.35,1201.65,0,2704,1,0,1,1,1,0,1,0,0,0,1,0,0,0,1,0,0,0,1,0,0,1,0,1,0,0,0
37.830267,-121.201018,42,19.35,867.3,0,3433,1,0,1,1,1,0,0,0,1,1,0,1,0,1,0,1,0,1,0,1,0,0,1,0,0,0,1
37.750822,-121.238423,1,50.15,50.15,0,3043,1,0,0,0,1,0,1,0,0,0,0,0,0,0,0,0,0,0,0,0,0,0,0,1,0,1,0
37.526791,-119.99437,47,63.8,3007.25,0,5144,0,0,1,1,1,0,0,0,0,0,0,0,1,0,0,0,1,0,0,0,1,0,1,0,0,0,0
37.255637,-120.493537,10,20.55,252.75,0,4907,0,0,1,0,1,0,0,0,1,1,0,1,0,1,0,1,0,1,0,1,0,0,0,1,0,0,1
37.581496,-119.972762,70,88.55,6306.5,0,4097,1,1,1,0,1,0,1,0,0,0,1,0,1,0,1,0,1,0,1,0,1,0,1,1,1,0,0
38.121601,-120.133915,67,101.4,6841.05,0,5269,1,1,0,0,1,0,1,1,0,0,0,0,0,0,1,0,0,0,1,0,1,0,0,1,1,0,0
37.621458,-121.012295,1,44.6,44.6,0,4864,1,0,0,0,1,0,0,0,0,0,0,0,0,0,0,0,0,0,0,0,0,0,0,0,0,0,1
37.639029,-120.964772,4,63.75,226.2,0,2624,1,0,0,0,1,0,0,0,0,0,0,0,1,0,0,0,1,0,1,0,0,0,0,1,0,0,0
37.672906,-120.946594,66,109.25,7082.5,0,5865,0,0,1,1,1,0,1,1,0,0,1,0,1,0,1,0,0,0,1,0,1,0,1,0,0,0,0
37.716186,-121.025836,12,84.6,1017.35,0,4807,0,0,0,0,1,0,0,1,0,0,0,0,1,0,0,0,0,0,0,0,1,0,0,1,0,1,0
37.670526,-120.877572,24,20.45,527.35,0,4690,0,0,0,0,1,0,0,0,1,1,0,1,0,1,0,1,0,1,0,1,0,1,0,0,1,0,0
37.612612,-121.108568,26,85.75,2146.5,0,3178,1,0,0,0,1,0,0,1,0,0,0,0,1,0,0,0,0,0,1,0,0,0,0,1,0,1,0
37.785033,-120.776141,57,107.95,5969.85,0,4687,1,0,1,0,1,0,1,1,0,0,0,0,0,0,1,0,1,0,1,0,1,0,1,0,0,1,0
38.224869,-119.755729,42,22.95,1014.25,0,4650,0,0,1,1,1,0,1,0,1,1,0,1,0,1,0,1,0,1,0,1,0,0,1,0,0,1,0
37.750778,-121.13238,64,19.45,1225.65,0,5113,0,0,1,0,1,0,0,0,1,1,0,1,0,1,0,1,0,1,0,1,0,0,1,0,1,0,0
37.713152,-121.08739,19,19.7,386.5,0,4431,1,0,0,0,1,0,0,0,1,1,0,1,0,1,0,1,0,1,0,1,0,1,0,1,1,0,0
37.982716,-120.343732,22,87.0,1850.65,0,5233,1,0,1,0,1,0,0,1,0,0,0,0,0,0,1,0,0,0,1,0,0,0,0,1,0,0,0
37.316807,-120.855753,12,79.95,1043.4,0,2968,1,0,0,0,1,0,0,1,0,0,0,0,0,0,0,0,0,0,0,0,1,0,0,1,0,0,0
37.680968,-121.446049,31,64.0,1910.75,0,5191,0,0,1,0,1,0,0,0,0,0,1,0,0,0,0,0,1,0,0,0,1,1,0,1,0,1,0
37.939768,-120.188002,11,64.9,716.1,0,2775,0,0,0,0,1,0,0,0,0,0,0,0,0,0,0,0,0,0,1,0,1,0,0,1,0,1,0
37.474396,-120.875917,68,25.75,1686.15,0,5434,1,0,1,1,1,0,1,0,1,1,0,1,0,1,0,1,0,1,0,1,0,0,1,0,0,0,1
37.529656,-120.854357,72,90.15,6716.45,0,4606,0,1,1,1,1,0,1,0,0,0,1,0,1,0,1,0,1,0,1,0,1,0,1,1,0,0,0
38.107441,-120.230625,67,116.1,7839.85,0,5896,1,1,0,0,1,0,1,1,0,0,1,0,1,0,1,0,1,0,1,0,1,0,1,1,1,0,0
37.609095,-121.263381,60,104.95,6236.75,0,5926,0,0,0,0,1,0,0,1,0,0,1,0,0,0,1,0,1,0,1,0,1,0,0,1,0,0,0
37.421299,-120.599587,58,50.0,2919.85,0,4704,1,0,1,1,0,1,0,0,0,0,1,0,1,0,1,0,0,0,1,0,0,1,0,0,0,0,1
38.488431,-122.752839,1,20.45,20.45,0,2664,1,0,0,0,1,0,0,0,1,1,0,1,0,1,0,1,0,1,0,1,0,0,0,0,0,0,1
38.394091,-122.739814,37,19.85,717.5,0,5707,0,0,1,0,1,0,0,0,1,1,0,1,0,1,0,1,0,1,0,1,0,1,0,1,0,0,0
38.468893,-122.580539,13,19.95,253.8,0,2252,1,0,0,0,1,0,0,0,1,1,0,1,0,1,0,1,0,1,0,1,0,1,0,1,0,1,0
39.225694,-123.717354,43,26.45,1110.05,0,3881,1,0,0,0,1,0,1,0,1,1,0,1,0,1,0,1,0,1,0,1,0,0,1,0,0,0,0
38.731055,-123.316553,6,63.4,348.8,0,3909,0,0,0,0,0,1,0,0,0,0,1,0,1,0,1,0,1,0,1,0,1,0,1,1,0,0,1
39.025867,-123.381544,71,53.95,3888.65,0,4094,1,0,0,0,0,1,0,0,0,0,1,0,1,0,1,0,1,0,1,0,0,0,1,0,0,0,0
39.361283,-123.784599,72,95.1,6843.15,0,5584,0,0,1,1,1,0,1,1,0,0,1,0,1,0,0,0,0,0,1,0,0,0,1,1,0,1,0
38.578807,-123.19338,6,74.1,450.9,0,4716,0,1,0,0,1,0,0,1,0,0,1,0,0,0,0,0,0,0,0,0,0,0,0,1,0,1,0
38.965804,-122.631779,12,35.5,432.25,0,2562,1,0,1,1,0,1,0,0,0,0,0,0,1,0,0,0,1,0,0,0,0,0,0,0,0,0,1
38.801936,-122.938935,21,79.2,1742.45,0,4900,0,0,1,0,1,0,0,1,0,0,0,0,0,0,1,0,1,0,0,0,0,1,0,0,0,1,0
38.838088,-122.73203,6,48.8,297.35,0,4538,0,0,1,1,1,0,0,0,0,0,0,0,0,0,0,0,1,0,0,0,0,0,0,1,0,0,1
39.756049,-123.358701,43,55.45,2444.25,0,3350,0,0,0,0,1,0,0,0,0,0,0,0,1,0,0,0,1,0,0,0,0,1,0,0,0,1,0
38.445603,-123.063756,35,25.4,949.8,0,5070,0,0,1,1,1,0,1,0,1,1,0,1,0,1,0,1,0,1,0,1,0,0,1,1,1,0,0
39.108252,-123.645121,32,93.5,2970.8,0,5804,1,1,1,0,1,0,1,1,0,0,0,0,1,0,1,0,0,0,0,0,1,0,0,1,0,1,0
38.499302,-122.92444,52,63.9,3334.95,0,5380,1,0,0,0,0,1,0,0,0,0,1,0,1,0,1,0,1,0,1,0,1,0,1,0,1,0,0
39.455555,-123.683979,32,64.85,2010.95,0,4895,1,0,0,0,1,0,0,0,0,0,0,0,0,0,0,0,0,0,1,0,1,1,0,1,0,0,0
38.493888,-122.777141,72,63.8,4684.3,0,6107,0,0,1,1,0,1,0,0,0,0,1,0,1,0,1,0,1,0,1,0,1,0,1,1,0,0,0
38.731771,-123.064272,51,44.45,2181.55,0,6087,1,0,0,0,0,1,0,0,0,0,1,0,0,0,0,0,1,0,0,0,1,0,0,1,1,0,0
38.368744,-122.522642,68,19.95,1303.25,0,6492,1,0,1,1,1,0,0,0,1,1,0,1,0,1,0,1,0,1,0,1,0,0,1,1,0,0,0
39.045246,-122.743181,8,43.35,371.4,0,2560,1,1,1,0,0,1,0,0,0,0,0,0,1,0,1,0,0,0,0,0,1,0,0,1,0,0,1
38.434362,-122.86891,49,49.65,2409.9,0,4283,1,0,1,0,0,1,0,0,0,0,0,0,1,0,0,0,0,0,1,0,1,0,1,0,1,0,0
38.848082,-123.50608,72,85.1,6155.4,0,4147,0,0,1,0,1,0,0,0,0,0,1,0,1,0,1,0,1,0,1,0,1,0,1,0,0,0,1
38.93706,-123.118111,54,89.8,4667.0,0,4980,1,0,0,0,1,0,0,1,0,0,1,0,0,0,1,0,0,0,1,0,0,0,0,0,0,0,1
38.93496,-122.792243,50,103.05,5153.5,0,5905,0,0,1,1,1,0,0,1,0,0,0,0,0,0,1,0,1,0,1,0,1,1,0,0,0,0,1
38.419525,-122.521585,69,116.0,8182.85,0,4216,0,0,1,0,1,0,1,1,0,0,1,0,1,0,1,0,1,0,1,0,1,0,1,1,0,1,0
39.080469,-122.955176,1,69.9,69.9,0,3358,1,0,0,0,1,0,0,1,0,0,0,0,0,0,0,0,0,0,0,0,0,0,0,1,0,1,0
39.806141,-123.531098,68,95.1,6683.4,0,5748,1,0,1,1,1,0,0,1,0,0,1,0,1,0,0,0,1,0,0,0,1,0,1,0,0,0,0
39.245911,-123.77214,40,40.25,1564.05,0,4288,1,0,0,1,0,1,0,0,0,0,1,0,1,0,0,0,1,0,0,0,0,1,0,0,0,0,1
38.925545,-122.549083,31,25.75,755.6,0,5472,1,0,1,1,1,0,1,0,1,1,0,1,0,1,0,1,0,1,0,1,0,0,1,0,0,0,1
39.141934,-122.770679,33,105.35,3465.05,0,4738,0,1,0,1,1,0,1,1,0,0,0,0,1,0,1,0,0,0,1,0,1,0,0,1,0,0,0
38.966713,-123.586412,55,113.6,6292.7,0,5754,1,1,1,0,1,0,1,1,0,0,0,0,1,0,1,0,1,0,1,0,1,0,1,1,0,1,0
39.305545,-123.743697,68,24.0,1664.3,0,5440,1,0,1,1,1,0,1,0,1,1,0,1,0,1,0,1,0,1,0,1,0,0,1,1,0,0,0
38.787446,-122.58675,12,19.4,198.1,0,3713,0,0,1,1,1,0,0,0,1,1,0,1,0,1,0,1,0,1,0,1,0,0,0,0,0,0,0
38.471049,-123.015549,71,86.1,6045.9,0,6286,1,0,1,0,1,0,0,0,0,0,1,0,1,0,1,0,1,0,1,0,1,0,1,1,0,0,0
39.182916,-123.552571,40,102.65,4108.15,0,3655,1,0,0,0,1,0,1,1,0,0,0,0,1,0,1,0,0,0,1,0,1,0,0,1,0,0,1
39.12334,-122.838198,64,92.85,5980.75,0,5206,0,0,1,1,1,0,1,1,0,0,0,0,1,0,1,0,0,0,0,0,1,1,0,1,0,1,0
38.415003,-122.998726,53,97.75,5043.2,0,4488,1,0,1,0,1,0,1,1,0,0,0,0,1,0,0,0,1,0,0,0,1,1,0,0,0,0,0
39.408634,-123.045516,72,97.95,7114.25,0,4256,1,0,1,0,1,0,1,1,0,0,1,0,1,0,1,0,0,0,1,0,0,0,1,1,1,0,0
39.298065,-123.25211,46,19.95,907.05,0,4006,1,0,0,0,1,0,0,0,1,1,0,1,0,1,0,1,0,1,0,1,0,0,1,0,0,1,0
38.522328,-122.97932,40,24.6,973.95,0,2601,1,0,0,0,1,0,1,0,1,1,0,1,0,1,0,1,0,1,0,1,0,0,1,1,0,0,1
38.398815,-122.861923,12,50.95,605.75,0,2716,1,0,0,0,0,1,0,0,0,0,1,0,1,0,0,0,1,0,1,0,0,0,0,1,0,0,0
38.25485,-122.461799,9,75.6,661.55,0,4990,1,0,0,0,1,0,0,1,0,0,1,0,0,0,0,0,0,0,0,0,0,0,0,0,0,1,0
39.134075,-123.23422,51,80.75,4116.9,0,6032,0,0,1,1,1,0,1,1,0,0,0,0,0,0,0,0,1,0,0,0,0,0,0,1,0,1,0
39.220368,-122.907693,49,90.4,4494.65,0,5804,1,0,1,1,1,0,0,1,0,0,0,0,1,0,1,0,0,0,1,0,0,0,0,1,1,0,0
39.492046,-123.375818,56,60.25,3282.75,0,4835,0,0,0,0,1,0,0,0,0,0,1,0,0,0,1,0,1,0,0,0,0,1,0,1,1,0,0
38.527297,-122.810044,4,20.2,55.7,0,4267,1,0,0,0,1,0,0,0,1,1,0,1,0,1,0,1,0,1,0,1,0,0,0,1,0,1,0
39.222323,-122.985488,20,64.15,1274.45,0,5969,1,0,1,0,1,0,0,0,0,0,1,0,0,0,0,0,1,0,0,0,1,1,0,1,0,0,1
38.888351,-123.239647,26,20.25,493.95,0,5158,0,0,1,1,1,0,0,0,1,1,0,1,0,1,0,1,0,1,0,1,0,0,0,1,1,0,0
40.166028,-123.584144,51,99.0,5038.15,0,5787,1,0,0,0,1,0,0,1,0,0,0,0,1,0,1,0,0,0,1,0,1,0,0,1,0,1,0
40.309088,-123.668201,4,80.3,324.2,0,3132,0,0,0,0,1,0,1,1,0,0,0,0,1,0,0,0,0,0,0,0,0,0,0,1,0,0,1
40.965011,-124.015255,1,19.55,19.55,0,5537,0,0,0,0,1,0,0,0,1,1,0,1,0,1,0,1,0,1,0,1,0,0,0,0,1,0,0
40.839958,-124.003757,27,100.75,2793.55,0,3160,1,0,1,1,1,0,1,1,0,0,1,0,1,0,0,0,1,0,1,0,0,0,0,0,0,1,0
40.94338,-123.831799,12,53.75,648.65,0,5385,1,0,0,0,1,0,0,0,0,0,0,0,1,0,0,0,1,0,0,0,0,0,0,1,0,0,1
40.854512,-123.450097,34,25.6,917.15,0,5854,0,0,1,1,1,0,1,0,1,1,0,1,0,1,0,1,0,1,0,1,0,1,0,1,1,0,0
40.497283,-123.93037,24,58.35,1346.9,0,5428,1,0,1,0,1,0,1,0,0,0,1,0,0,0,0,0,1,0,0,0,0,1,0,1,0,1,0
40.4785,-124.301372,14,46.35,672.7,0,2056,0,1,0,0,0,1,0,0,0,0,0,0,0,0,0,0,0,0,1,0,1,0,0,1,0,1,0
40.726949,-124.217378,59,113.75,6561.25,0,6251,1,0,1,0,1,0,1,1,0,0,1,0,1,0,1,0,1,0,1,0,1,0,1,0,0,1,0
40.584991,-124.121504,3,90.4,268.45,0,5625,1,0,0,0,1,0,0,1,0,0,0,0,1,0,1,0,0,0,0,0,1,0,0,0,0,1,0
40.057784,-123.679461,65,109.3,7337.55,0,6087,0,0,1,1,1,0,1,1,0,0,1,0,0,0,1,0,1,0,1,0,1,0,1,0,0,1,0
40.342928,-124.063329,59,90.3,5194.05,0,4617,0,0,1,1,1,0,1,0,0,0,1,0,1,0,1,0,1,0,1,0,1,0,1,0,1,0,0
41.163637,-123.704841,72,65.25,4478.85,0,6412,1,0,1,1,0,1,0,0,0,0,1,0,1,0,1,0,1,0,1,0,1,0,1,1,1,0,0
40.664483,-123.865325,3,60.65,196.9,0,2111,1,0,0,0,1,0,0,0,0,0,0,0,0,0,0,0,1,0,0,0,1,0,0,0,0,0,1
40.7666,-123.80458,19,24.1,439.2,0,2378,1,0,0,1,1,0,1,0,1,1,0,1,0,1,0,1,0,1,0,1,0,0,0,1,1,0,0
40.665952,-124.240051,1,19.5,19.5,0,3753,1,0,0,0,1,0,0,0,1,1,0,1,0,1,0,1,0,1,0,1,0,0,0,1,0,0,1
40.390301,-123.412327,24,85.95,2107.15,0,5421,1,0,0,0,1,0,0,1,0,0,0,0,1,0,1,0,1,0,0,0,0,0,0,1,0,1,0
40.210895,-123.86,57,53.5,3035.8,0,5521,1,1,0,0,1,0,0,0,0,0,0,0,0,0,1,0,1,0,0,0,0,1,0,1,0,1,0
40.267158,-123.805913,72,25.45,1866.45,0,4118,0,0,0,0,1,0,1,0,1,1,0,1,0,1,0,1,0,1,0,1,0,0,1,0,1,0,0
41.336354,-124.044354,67,20.5,1430.95,0,4416,1,0,0,0,1,0,0,0,1,1,0,1,0,1,0,1,0,1,0,1,0,0,1,0,0,0,0
41.269521,-123.546958,52,20.85,1071.6,0,4886,1,0,1,1,1,0,0,0,1,1,0,1,0,1,0,1,0,1,0,1,0,1,0,1,1,0,0
40.274302,-124.210902,71,89.9,6457.15,0,4444,1,0,1,1,1,0,1,0,0,0,1,0,1,0,1,0,1,0,1,0,1,0,1,0,1,0,0
40.184094,-123.745487,26,26.0,684.05,0,2244,0,0,1,0,1,0,1,0,1,1,0,1,0,1,0,1,0,1,0,1,0,1,0,0,0,0,1
40.142256,-123.852927,35,113.2,3914.05,0,5723,0,0,0,0,1,0,1,1,0,0,1,0,1,0,1,0,1,0,1,0,1,0,1,1,0,0,1
40.485849,-124.163234,55,69.05,3842.6,0,4318,0,0,1,1,1,0,0,1,0,0,0,0,0,0,0,0,0,0,0,0,0,0,1,1,1,0,0
40.89866,-123.539754,33,20.1,670.35,0,3700,0,0,1,1,1,0,0,0,1,1,0,1,0,1,0,1,0,1,0,1,0,0,1,0,0,0,1
40.809636,-124.189977,72,109.65,7880.25,0,6181,1,0,1,0,1,0,1,1,0,0,1,0,1,0,1,0,0,0,1,0,1,0,1,1,0,1,0
40.440636,-124.098739,1,19.2,19.2,0,3383,1,0,0,1,1,0,0,0,1,1,0,1,0,1,0,1,0,1,0,1,0,0,0,1,0,0,1
41.444606,-123.471895,37,90.0,3371.75,0,4048,0,1,1,0,1,0,0,1,0,0,0,0,0,0,1,0,1,0,1,0,0,0,0,0,0,1,0
40.363446,-123.835041,12,34.0,442.45,0,3215,1,0,0,0,0,1,0,0,0,0,0,0,1,0,0,0,1,0,0,0,0,0,0,0,0,0,1
41.162295,-124.027381,1,20.4,20.4,0,4540,1,0,1,1,1,0,0,0,1,1,0,1,0,1,0,1,0,1,0,1,0,1,0,0,0,0,1
40.310119,-123.909449,62,38.6,2345.55,0,4558,1,0,1,0,0,1,0,0,0,0,1,0,1,0,0,0,1,0,0,0,0,0,1,1,1,0,0
40.949012,-123.655847,1,25.25,25.25,0,4831,0,0,0,0,0,1,0,0,0,0,0,0,0,0,0,0,0,0,0,0,0,0,0,0,0,0,0
39.873371,-123.741474,18,60.6,1156.35,0,4459,0,0,0,0,1,0,1,0,0,0,1,0,0,0,1,0,0,0,0,0,0,0,0,1,0,0,1
40.053159,-123.995867,2,74.75,144.8,0,4545,1,0,0,0,1,0,0,1,0,0,0,0,1,0,0,0,0,0,0,0,0,0,0,1,0,1,0
40.170357,-123.417298,19,20.6,414.95,0,2276,1,0,1,1,1,0,0,0,1,1,0,1,0,1,0,1,0,1,0,1,0,0,0,0,0,0,1
38.99003,-121.114408,9,20.4,181.8,0,5380,1,0,0,0,1,0,0,0,1,1,0,1,0,1,0,1,0,1,0,1,0,0,0,0,0,0,1
38.912881,-121.082766,27,81.7,2212.55,0,2445,1,0,0,0,1,0,0,0,0,0,1,0,0,0,1,0,1,0,1,0,1,1,0,0,0,1,0
38.681651,-122.130569,24,20.3,459.95,0,3740,0,1,0,0,1,0,0,0,1,1,0,1,0,1,0,1,0,1,0,1,0,0,0,1,0,0,1
38.384648,-121.578701,11,20.0,211.95,0,3731,0,0,0,0,1,0,0,0,1,1,0,1,0,1,0,1,0,1,0,1,0,1,0,0,0,0,1
38.880622,-120.973865,1,25.0,25.0,0,2371,1,0,0,0,1,0,1,0,1,1,0,1,0,1,0,1,0,1,0,1,0,0,0,1,0,0,1
38.311609,-121.554034,38,80.45,3162.65,0,2926,1,1,0,1,1,0,1,1,0,0,1,0,0,0,0,0,0,0,0,0,0,0,0,1,0,0,1
38.508735,-121.678813,9,19.75,210.65,0,2427,0,0,1,1,1,0,0,0,1,1,0,1,0,1,0,1,0,1,0,1,0,0,1,0,0,0,1
38.544002,-121.685559,54,65.65,3566.7,0,5725,1,0,1,1,1,0,1,0,0,0,1,0,1,0,0,0,1,0,0,0,0,0,1,1,1,0,0
38.683605,-120.811852,29,71.0,2080.1,0,4226,0,0,0,0,1,0,1,0,0,0,0,0,0,0,0,0,0,0,1,0,1,1,0,1,1,0,0
38.392821,-121.799917,44,89.2,4040.2,0,2925,1,1,1,0,1,0,1,1,0,0,0,0,0,0,1,0,0,0,1,0,0,0,0,1,0,1,0
38.69549,-121.307864,59,86.75,5186.0,0,5020,1,0,1,1,1,0,0,0,0,0,1,0,1,0,1,0,1,0,1,0,1,0,1,1,0,1,0
38.434138,-121.30587,18,61.5,1087.45,0,3479,0,0,1,1,1,0,0,0,0,0,1,0,1,0,0,0,1,0,0,0,0,1,0,1,0,0,1
38.349195,-121.902943,67,25.1,1672.15,0,6388,1,1,0,0,1,0,1,0,1,1,0,1,0,1,0,1,0,1,0,1,0,0,1,0,1,0,0
38.834469,-122.127193,33,34.05,1113.95,0,3044,1,0,0,1,0,1,0,0,0,0,1,0,0,0,0,0,1,0,0,0,0,1,0,0,1,0,0
38.652065,-121.25441,5,19.95,107.05,0,4281,1,0,0,0,1,0,0,0,1,1,0,1,0,1,0,1,0,1,0,1,0,0,0,0,0,0,1
38.513484,-120.704613,2,19.95,38.15,0,4079,0,0,0,0,1,0,0,0,1,1,0,1,0,1,0,1,0,1,0,1,0,0,0,0,0,0,1
38.672638,-121.147403,72,89.7,6339.3,0,4193,1,0,1,1,1,0,1,0,0,0,1,0,1,0,1,0,1,0,1,0,1,0,1,0,1,0,0
39.031876,-120.811141,9,20.4,184.1,0,4195,1,0,0,1,1,0,0,0,1,1,0,1,0,1,0,1,0,1,0,1,0,0,0,0,0,0,1
38.274451,-121.259201,67,26.3,1688.9,0,6066,1,0,1,1,1,0,1,0,1,1,0,1,0,1,0,1,0,1,0,1,0,0,1,0,0,0,1
38.9386,-120.785514,8,20.7,137.6,0,3330,0,0,0,0,1,0,0,0,1,1,0,1,0,1,0,1,0,1,0,1,0,0,0,1,0,0,1
38.375325,-121.507935,17,19.45,369.05,0,5347,1,0,0,0,1,0,0,0,1,1,0,1,0,1,0,1,0,1,0,1,0,0,1,0,1,0,0
38.33788,-120.954202,68,110.8,7553.6,0,4545,0,0,1,0,1,0,1,1,0,0,1,0,1,0,1,0,0,0,1,0,1,0,1,1,0,0,0
38.336216,-120.76901,25,69.3,1813.1,0,4442,0,1,1,0,1,0,0,1,0,0,0,0,0,0,0,0,0,0,0,0,0,0,0,1,0,1,0
38.875508,-121.765866,67,49.35,3321.35,0,5905,1,0,0,0,0,1,0,0,0,0,1,0,0,0,1,0,1,0,1,0,0,1,0,1,0,0,0
38.631489,-120.015167,32,20.35,707.5,0,2433,1,0,0,0,1,0,0,0,1,1,0,1,0,1,0,1,0,1,0,1,0,1,0,0,1,0,0
38.922812,-121.312005,67,105.6,7112.15,0,5768,0,1,1,0,1,0,1,1,0,0,1,0,1,0,0,0,0,0,1,0,1,1,0,1,0,1,0
38.809175,-121.171375,72,64.45,4641.1,0,5295,1,1,1,0,0,1,0,0,0,0,1,0,1,0,1,0,1,0,1,0,1,0,1,1,1,0,0
38.674276,-121.961866,1,49.9,49.9,0,3239,1,0,0,1,1,0,0,0,0,0,0,0,1,0,0,0,0,0,0,0,0,0,0,1,0,1,0
38.671295,-121.388251,48,65.65,3094.65,0,5427,0,0,1,0,1,0,0,0,0,0,0,0,1,0,1,0,0,0,0,0,1,1,0,1,0,1,0
38.736685,-121.251984,61,103.3,6518.35,0,5401,0,0,1,0,1,0,1,1,0,0,0,0,0,0,1,0,1,0,1,0,1,1,0,1,0,0,0
38.859093,-121.182872,2,44.45,82.7,0,5694,0,0,0,0,1,0,0,0,0,0,0,0,0,0,0,0,0,0,0,0,0,0,0,0,0,1,0
38.546999,-120.271114,71,89.9,6342.7,0,5835,0,0,1,1,1,0,1,0,0,0,1,0,1,0,1,0,1,0,1,0,1,0,1,0,0,0,0
38.733714,-120.795213,37,55.05,2030.75,0,3839,1,0,1,0,1,0,1,0,0,0,1,0,0,0,0,0,0,0,0,0,0,0,0,1,0,0,1
38.833554,-121.498102,65,104.1,6700.05,0,4024,1,0,1,1,1,0,1,1,0,0,0,0,0,0,1,0,1,0,1,0,1,0,1,1,0,0,0
38.489273,-120.891614,67,106.6,7244.7,0,5895,0,0,0,1,1,0,1,1,0,0,0,0,1,0,0,0,1,0,1,0,1,1,0,1,0,0,0
38.724322,-120.991237,50,70.5,3486.65,0,4022,1,0,1,1,1,0,1,0,0,0,1,0,0,0,0,0,1,0,1,0,0,0,1,1,1,0,0
38.688764,-121.457596,25,19.6,411.15,0,2888,1,0,1,1,1,0,0,0,1,1,0,1,0,1,0,1,0,1,0,1,0,1,0,0,0,1,0
38.545775,-120.743325,64,24.05,1559.15,0,4582,0,0,1,1,1,0,1,0,1,1,0,1,0,1,0,1,0,1,0,1,0,0,1,1,0,0,1
38.7904,-121.236973,25,38.1,970.4,0,2315,1,0,1,0,0,1,0,0,0,0,0,0,0,0,1,0,0,0,1,0,0,1,0,1,1,0,0
38.984756,-121.345074,24,34.25,828.2,0,2525,1,1,1,0,0,1,0,0,0,0,0,0,0,0,1,0,1,0,0,0,0,0,0,0,0,0,1
38.598936,-120.963092,37,100.05,3810.55,0,2904,0,0,0,0,1,0,1,1,0,0,0,0,0,0,1,0,0,0,1,0,1,0,0,1,0,1,0
38.470423,-121.114897,21,68.65,1493.2,0,2006,0,0,0,0,1,0,0,1,0,0,0,0,0,0,0,0,0,0,0,0,0,0,0,1,0,1,0
38.606703,-120.586659,1,45.8,45.8,0,2614,1,0,0,0,1,0,0,0,0,0,0,0,0,0,0,0,0,0,0,0,0,0,0,1,0,0,1
38.432145,-120.77069,10,75.75,777.3,0,4525,0,0,0,0,1,0,1,1,0,0,0,0,0,0,0,0,0,0,0,0,0,0,0,1,0,0,1
38.333133,-121.920151,51,96.4,4911.05,0,4745,1,0,1,0,1,0,1,1,0,0,1,0,1,0,0,0,0,0,0,0,1,1,0,1,1,0,0
38.419088,-122.024568,10,20.55,187.35,0,3595,0,0,0,0,1,0,0,0,1,1,0,1,0,1,0,1,0,1,0,1,0,0,0,1,0,0,1
38.481902,-120.603668,6,50.95,307.6,0,3474,0,0,0,0,0,1,0,0,0,0,1,0,1,0,0,0,1,0,0,0,1,0,0,0,1,0,0
38.240419,-121.587535,47,90.5,4318.35,0,3413,1,0,1,1,1,0,1,0,0,0,1,0,1,0,1,0,1,0,1,0,1,0,1,1,0,0,1
38.627951,-121.593287,61,79.4,4820.55,0,4666,0,0,1,1,1,0,1,0,0,0,1,0,1,0,1,0,1,0,0,0,1,1,0,1,0,1,0
39.043387,-121.409837,52,58.75,3038.55,0,5122,0,0,0,0,0,1,0,0,0,0,1,0,1,0,1,0,0,0,1,0,1,0,1,1,0,0,0
38.392559,-121.225093,35,59.45,2136.9,0,3682,0,0,1,1,1,0,1,0,0,0,1,0,1,0,0,0,0,0,0,0,0,0,0,1,1,0,0
38.578604,-122.024579,71,105.7,7472.15,0,4420,1,0,1,0,1,0,1,1,0,0,0,0,1,0,1,0,0,0,1,0,1,1,0,1,0,0,0
39.218096,-120.79153,45,53.3,2296.25,0,2929,1,0,1,0,1,0,0,0,0,0,1,0,0,0,1,0,0,0,0,0,0,0,1,0,1,0,0
39.084645,-120.894014,2,24.3,38.45,0,2515,1,0,0,0,0,1,0,0,0,0,0,0,0,0,0,0,0,0,0,0,0,0,0,0,0,0,1
39.23754,-120.720196,51,59.9,3043.6,0,5233,1,0,0,0,1,0,1,0,0,0,1,0,0,0,0,0,1,0,0,0,0,1,0,0,1,0,0
39.170376,-120.838404,60,23.95,1506.4,0,5449,1,0,1,1,1,0,1,0,1,1,0,1,0,1,0,1,0,1,0,1,0,1,0,0,1,0,0
38.766036,-120.209673,9,20.15,163.7,0,4004,1,0,0,0,1,0,0,0,1,1,0,1,0,1,0,1,0,1,0,1,0,1,0,1,0,0,1
39.003358,-121.022539,17,95.65,1640.0,0,3139,1,0,0,0,1,0,1,1,0,0,0,0,0,0,1,0,1,0,0,0,1,0,0,1,0,0,0
39.279068,-120.414275,46,81.0,3846.35,0,4280,1,0,1,1,1,0,0,0,0,0,1,0,0,0,1,0,1,0,1,0,1,0,1,0,0,0,1
38.805481,-120.13287,68,82.45,5646.6,0,5308,0,0,0,0,1,0,0,0,0,0,1,0,1,0,1,0,1,0,1,0,1,0,1,1,1,0,0
38.591134,-121.161585,4,20.5,79.05,0,3233,0,0,1,0,1,0,0,0,1,1,0,1,0,1,0,1,0,1,0,1,0,1,0,0,0,0,0
38.784329,-121.373245,28,54.4,1516.6,0,4711,1,0,0,1,1,0,0,0,0,0,0,0,1,0,0,0,1,0,0,0,0,1,0,1,1,0,0
38.35363,-121.44195,39,58.6,2224.5,0,5662,0,0,0,0,1,0,0,0,0,0,0,0,1,0,0,0,0,0,1,0,0,1,0,1,1,0,0
38.684437,-121.055634,11,84.8,888.75,0,4924,1,0,0,0,1,0,0,1,0,0,0,0,0,0,1,0,0,0,0,0,1,0,0,0,0,1,0
38.823278,-121.281856,71,61.4,4310.35,0,5119,0,0,1,0,0,1,0,0,0,0,0,0,1,0,1,0,1,0,1,0,1,0,1,1,1,0,0
38.694081,-121.694431,2,20.4,42.9,0,3000,1,0,0,1,1,0,0,0,1,1,0,1,0,1,0,1,0,1,0,1,0,0,0,0,0,0,1
38.608405,-121.449942,17,20.15,353.65,0,4650,0,0,0,0,1,0,0,0,1,1,0,1,0,1,0,1,0,1,0,1,0,1,0,0,0,0,1
38.574856,-121.46504,55,94.45,5073.1,0,5577,0,0,1,0,1,0,1,1,0,0,0,0,1,0,1,0,0,0,1,0,0,0,0,1,1,0,0
38.550722,-121.457314,58,79.8,4526.85,0,5709,0,0,0,0,1,0,1,1,0,0,1,0,0,0,0,0,0,0,0,0,0,0,0,1,0,0,0
38.53508,-121.444144,9,74.05,678.45,0,2003,1,1,0,0,1,0,1,1,0,0,0,0,0,0,0,0,0,0,0,0,0,0,0,1,0,1,0
38.625096,-121.383658,26,49.15,1237.3,0,2752,1,0,0,0,1,0,0,0,0,0,0,0,0,0,0,0,1,0,0,0,0,0,0,0,0,0,0
38.512569,-121.495184,50,19.4,1023.95,0,6233,0,0,0,0,1,0,0,0,1,1,0,1,0,1,0,1,0,1,0,1,0,0,1,0,1,0,0
38.475465,-121.443625,72,113.65,8182.75,0,5411,0,0,1,0,1,0,1,1,0,0,1,0,1,0,1,0,1,0,1,0,1,0,1,1,0,0,0
38.517295,-121.439819,43,106.0,4532.3,0,3528,0,0,0,1,1,0,0,1,0,0,1,0,1,0,0,0,1,0,1,0,1,1,0,1,1,0,0
38.590035,-121.412455,56,25.95,1444.05,0,4246,1,0,0,0,1,0,1,0,1,1,0,1,0,1,0,1,0,1,0,1,0,0,1,1,0,0,0
38.542532,-121.378826,1,19.1,19.1,0,3313,0,0,0,0,1,0,0,0,1,1,0,1,0,1,0,1,0,1,0,1,0,0,0,0,0,0,1
38.486938,-121.395805,72,100.55,7325.1,0,6082,1,0,1,0,1,0,1,1,0,0,1,0,1,0,0,0,1,0,0,0,1,0,1,1,0,0,0
38.486502,-121.334051,36,95.4,3474.2,0,5111,1,0,1,0,1,0,1,1,0,0,0,0,0,0,0,0,0,0,1,0,1,0,0,1,0,1,0
38.490508,-121.284171,5,75.15,392.65,0,5900,1,0,0,0,1,0,0,0,0,0,0,0,0,0,1,0,1,0,1,0,1,0,0,0,0,0,0
38.445939,-121.496855,44,89.15,3990.75,0,4368,0,1,0,0,1,0,0,1,0,0,0,0,1,0,1,0,0,0,0,0,1,1,0,0,1,0,0
38.619049,-121.517552,70,107.9,7475.85,0,5899,0,1,1,1,1,0,1,1,0,0,0,0,1,0,1,0,1,0,1,0,1,1,0,1,0,1,0
38.646209,-121.52446,44,19.5,835.5,0,4220,1,0,0,0,1,0,0,0,1,1,0,1,0,1,0,1,0,1,0,1,0,1,0,0,1,0,0
38.691607,-121.602284,69,24.95,1718.35,0,4106,0,0,1,0,1,0,1,0,1,1,0,1,0,1,0,1,0,1,0,1,0,0,1,1,1,0,0
38.660442,-121.346321,68,19.5,1193.55,0,5443,1,1,1,1,1,0,0,0,1,1,0,1,0,1,0,1,0,1,0,1,0,1,0,0,0,0,0
38.687367,-121.34848,16,69.95,1205.5,0,5596,1,0,0,0,1,0,0,1,0,0,0,0,0,0,0,0,0,0,0,0,0,0,0,1,1,0,0
38.715498,-121.363411,68,82.85,5776.45,0,5184,1,0,1,1,1,0,0,0,0,0,1,0,1,0,0,0,1,0,1,0,1,0,1,0,0,0,0
38.585826,-121.376263,4,19.0,78.9,0,3022,1,0,0,0,1,0,0,0,1,1,0,1,0,1,0,1,0,1,0,1,0,0,0,0,0,0,1
39.19514,-121.503883,26,38.85,1025.15,0,3970,0,0,1,1,0,1,0,0,0,0,1,0,1,0,0,0,1,0,0,0,0,0,0,0,1,0,0
39.467828,-120.841386,5,20.35,122.0,0,3161,1,0,0,1,1,0,0,0,1,1,0,1,0,1,0,1,0,1,0,1,0,0,0,0,1,0,0
38.982373,-122.047751,70,95.0,6602.9,0,6259,1,0,1,0,1,0,1,1,0,0,0,0,1,0,1,0,0,0,1,0,0,1,0,1,0,0,0
39.396585,-121.38029,24,74.4,1712.9,0,4310,1,0,1,0,1,0,0,0,0,0,1,0,0,0,0,0,1,0,1,0,1,1,0,0,0,0,0
39.657228,-121.37778,72,78.45,5682.25,0,4032,0,1,1,0,1,0,1,0,0,0,1,0,1,0,1,0,1,0,0,0,1,0,1,0,0,0,0
39.457388,-121.818201,1,74.3,74.3,0,3063,1,0,0,0,1,0,0,1,0,0,0,0,0,0,0,0,1,0,0,0,0,0,0,1,0,0,1
39.292334,-121.320597,70,51.05,3635.15,0,4042,1,0,1,0,0,1,0,0,0,0,0,0,1,0,1,0,1,0,0,0,1,1,0,1,0,0,0
39.440687,-121.263583,36,19.2,702.9,0,3043,0,0,1,1,1,0,0,0,1,1,0,1,0,1,0,1,0,1,0,1,0,0,0,0,0,0,0
40.171312,-121.120605,41,109.1,4454.25,0,4854,0,0,1,1,1,0,1,1,0,0,0,0,1,0,1,0,1,0,1,0,1,1,0,1,0,0,0
39.681488,-121.83721,14,76.45,1117.55,0,2292,1,0,0,0,1,0,0,1,0,0,0,0,0,0,1,0,0,0,0,0,0,0,0,0,0,1,0
40.080342,-120.957805,13,72.8,930.05,0,2862,1,0,1,1,1,0,1,0,0,0,0,0,1,0,1,0,1,0,1,0,0,0,0,1,0,1,0
39.381174,-121.21191,6,18.95,110.15,0,5920,1,0,0,0,1,0,0,0,1,1,0,1,0,1,0,1,0,1,0,1,0,0,0,0,0,0,1
39.607831,-121.777959,15,101.75,1669.4,0,2919,0,0,1,0,1,0,0,1,0,0,1,0,0,0,1,0,0,0,1,0,1,0,0,0,0,1,0
39.53222,-122.594879,47,75.45,3545.1,0,4995,0,0,0,0,1,0,0,1,0,0,1,0,0,0,0,0,0,0,0,0,0,0,0,0,1,0,0
39.531028,-121.24807,8,64.1,504.05,0,2804,0,0,0,0,1,0,0,0,0,0,0,0,0,0,1,0,1,0,0,0,1,0,0,0,0,0,1
40.077028,-121.494168,17,25.65,440.2,0,3090,1,0,0,0,0,1,0,0,0,0,0,0,0,0,0,0,0,0,0,0,0,0,0,1,0,0,1
39.597975,-122.032248,15,75.1,1151.55,0,4634,1,0,1,1,1,0,0,1,0,0,1,0,0,0,0,0,0,0,0,0,0,0,0,0,0,0,1
39.564113,-120.868836,26,95.85,2475.35,0,3834,0,0,0,0,1,0,0,1,0,0,1,0,0,0,1,0,1,0,0,0,1,1,0,1,0,0,0
39.194539,-120.988066,23,54.4,1249.25,0,2989,0,0,0,0,1,0,1,0,0,0,1,0,0,0,0,0,0,0,0,0,0,0,0,0,0,1,0
39.203817,-121.19584,4,72.75,317.75,0,4503,0,1,0,0,1,0,0,1,0,0,0,0,1,0,0,0,0,0,0,0,0,0,0,0,0,1,0
40.160386,-120.835428,29,19.85,535.05,0,2941,1,0,0,1,1,0,0,0,1,1,0,1,0,1,0,1,0,1,0,1,0,1,0,0,0,0,1
39.346898,-121.759537,25,19.05,461.3,0,2692,0,0,0,0,1,0,0,0,1,1,0,1,0,1,0,1,0,1,0,1,0,0,0,0,0,0,1
39.732767,-122.042298,3,94.85,335.75,0,4496,1,1,0,0,1,0,1,1,0,0,0,0,0,0,0,0,0,0,1,0,1,0,0,1,0,1,0
39.258746,-121.77697,69,46.25,3121.4,0,4180,0,0,1,1,0,1,0,0,0,0,1,0,1,0,1,0,1,0,0,0,0,0,1,0,0,0,0
39.933852,-121.584371,14,19.35,324.8,0,2400,1,0,0,0,1,0,0,0,1,1,0,1,0,1,0,1,0,1,0,1,0,1,0,0,0,0,1
39.281194,-122.226568,19,69.6,1394.55,0,3349,1,0,0,0,1,0,1,0,0,0,0,0,0,0,0,0,0,0,1,0,1,0,0,0,0,0,1
39.937017,-121.058043,39,90.7,3413.25,0,5028,1,1,0,0,1,0,1,1,0,0,0,0,1,0,0,0,0,0,0,0,1,0,0,0,0,1,0
39.068071,-121.832638,31,101.4,3143.65,0,2025,1,0,0,0,1,0,0,1,0,0,0,0,1,0,1,0,0,0,1,0,1,0,0,1,0,1,0
39.333737,-120.858667,24,20.25,439.75,0,3000,1,0,1,1,1,0,0,0,1,1,0,1,0,1,0,1,0,1,0,1,0,1,0,0,0,0,1
39.423046,-120.984472,14,48.8,664.4,0,2168,1,0,1,0,1,0,0,0,0,0,0,0,0,0,0,0,1,0,0,0,0,0,0,0,0,0,0
39.082568,-121.55325,64,74.35,4759.55,0,4781,0,0,1,0,1,0,0,0,0,0,1,0,1,0,1,0,1,0,0,0,1,0,1,1,0,0,1
39.342587,-121.249833,50,19.35,1033.0,0,5247,0,0,0,0,1,0,0,0,1,1,0,1,0,1,0,1,0,1,0,1,0,1,0,1,0,0,1
39.748037,-122.302169,52,68.75,3482.85,0,4172,1,0,1,1,1,0,0,0,0,0,0,0,1,0,1,0,1,0,1,0,0,1,0,1,0,1,0
39.624561,-121.552866,28,100.2,2688.45,0,5137,1,0,0,0,1,0,1,1,0,0,0,0,1,0,0,0,0,0,1,0,1,1,0,0,0,1,0
39.473896,-121.415927,21,20.85,435.25,0,5422,0,0,0,0,1,0,0,0,1,1,0,1,0,1,0,1,0,1,0,1,0,0,1,1,1,0,0
39.69676,-121.644379,17,19.35,307.0,0,2185,0,0,1,0,1,0,0,0,1,1,0,1,0,1,0,1,0,1,0,1,0,1,0,0,0,0,1
39.424957,-122.039307,58,45.0,2689.35,0,5006,1,0,1,0,0,1,0,0,0,0,0,0,0,0,0,0,0,0,1,0,1,1,0,1,1,0,0
39.903272,-121.843567,51,25.5,1281.25,0,5447,0,0,1,0,1,0,1,0,1,1,0,1,0,1,0,1,0,1,0,1,0,0,1,0,0,0,1
39.495768,-121.747472,72,48.9,3527.0,0,5415,1,0,1,1,0,1,0,0,0,0,1,0,0,0,1,0,1,0,1,0,0,0,1,0,0,0,1
39.176595,-121.291692,27,19.6,561.15,0,2896,0,0,0,0,1,0,0,0,1,1,0,1,0,1,0,1,0,1,0,1,0,0,1,1,0,0,1
39.904002,-121.527823,3,20.0,63.6,0,4258,0,0,0,0,1,0,0,0,1,1,0,1,0,1,0,1,0,1,0,1,0,0,0,0,0,0,1
39.288127,-122.415841,64,81.3,5129.3,0,5254,0,0,1,0,1,0,1,0,0,0,1,0,1,0,1,0,1,0,0,0,1,0,1,1,0,0,1
39.58458,-121.093256,45,95.2,4285.8,0,3363,0,0,1,0,1,0,0,1,0,0,0,0,0,0,0,0,1,0,1,0,1,0,1,1,1,0,0
40.053684,-120.743116,71,83.3,5894.5,0,4264,0,0,1,0,1,0,1,0,0,0,0,0,1,0,1,0,1,0,1,0,1,0,1,1,1,0,0
39.34128,-120.786867,58,20.3,1160.75,0,4424,0,0,1,1,1,0,0,0,1,1,0,1,0,1,0,1,0,1,0,1,0,0,1,0,1,0,0
39.117537,-122.284654,34,89.85,3091.75,0,3096,1,0,1,1,1,0,0,1,0,0,0,0,1,0,1,0,0,0,1,0,0,0,0,1,0,1,0
39.02741,-121.614982,15,19.8,272.95,0,4167,0,0,1,1,1,0,0,0,1,1,0,1,0,1,0,1,0,1,0,1,0,0,0,0,0,0,1
39.075694,-121.70606,66,54.65,3632.0,0,4051,1,0,1,1,0,1,0,0,0,0,0,0,0,0,1,0,1,0,1,0,1,0,1,0,0,0,0
40.587919,-122.464732,12,29.35,381.2,0,3606,1,1,0,0,0,1,0,0,0,0,0,0,1,0,0,0,0,0,0,0,0,0,0,1,1,0,0
40.527834,-122.318749,58,19.15,1035.5,0,6339,1,0,0,0,1,0,0,0,1,1,0,1,0,1,0,1,0,1,0,1,0,0,1,1,0,0,0
40.677649,-122.29467,3,19.1,52.0,0,3863,0,0,1,1,1,0,0,0,1,1,0,1,0,1,0,1,0,1,0,1,0,0,1,0,0,0,1
40.448632,-122.306657,9,80.55,653.9,0,3581,0,0,0,0,1,0,0,1,0,0,0,0,1,0,1,0,0,0,0,0,0,0,0,0,0,1,0
40.722733,-122.109666,3,20.25,71.2,0,4331,0,0,0,0,1,0,0,0,1,1,0,1,0,1,0,1,0,1,0,1,0,1,0,0,0,0,1
40.775272,-123.287414,40,106.0,4178.65,0,5118,1,0,1,0,1,0,1,1,0,0,0,0,1,0,1,0,0,0,1,0,1,1,0,1,0,0,0
41.096569,-121.879082,68,25.5,1821.8,0,5182,0,0,0,0,1,0,1,0,1,1,0,1,0,1,0,1,0,1,0,1,0,0,1,0,0,0,0
41.388397,-122.794636,50,79.6,4024.2,0,5592,0,0,0,0,1,0,1,0,0,0,0,0,1,0,0,0,1,0,1,0,1,0,1,1,0,0,1
41.486953,-120.913975,1,55.25,55.25,0,3255,1,0,0,0,1,0,0,0,0,0,0,0,0,0,0,0,0,0,0,0,1,0,0,1,0,1,0
40.936285,-121.572692,72,88.05,6520.8,0,6247,0,0,1,0,1,0,1,0,0,0,1,0,1,0,1,0,1,0,1,0,1,0,1,0,0,0,0
41.121108,-122.336613,40,20.4,854.9,0,3200,1,0,0,1,1,0,0,0,1,1,0,1,0,1,0,1,0,1,0,1,0,1,0,1,0,0,0
40.692523,-122.369876,72,117.6,8308.9,0,6173,0,0,1,1,1,0,1,1,0,0,1,0,1,0,1,0,1,0,1,0,1,0,1,1,0,0,0
40.243494,-121.154733,6,20.0,109.2,0,3142,0,0,0,0,1,0,0,0,1,1,0,1,0,1,0,1,0,1,0,1,0,0,0,0,0,0,1
39.913777,-122.289984,5,19.65,92.05,0,2878,0,0,0,0,1,0,0,0,1,1,0,1,0,1,0,1,0,1,0,1,0,0,0,1,1,0,0
40.336392,-122.448533,48,70.55,3420.5,0,3997,1,0,1,0,1,0,1,0,0,0,0,0,1,0,1,0,0,0,0,0,1,1,0,1,1,0,0
40.586588,-122.903677,64,65.8,4068.0,0,4754,0,0,1,1,1,0,0,0,0,0,1,0,0,0,0,0,1,0,1,0,0,1,0,0,0,0,1
41.212695,-122.392067,17,20.05,337.9,0,4828,0,0,0,0,1,0,0,0,1,1,0,1,0,1,0,1,0,1,0,1,0,1,0,0,1,0,0
41.405193,-123.008567,40,80.0,3168.75,0,2478,1,0,1,0,1,0,0,1,0,0,0,0,1,0,1,0,0,0,0,0,0,0,0,1,0,1,0
41.017282,-121.468945,41,35.4,1412.4,0,4375,0,0,1,1,0,1,0,0,0,0,1,0,0,0,1,0,0,0,0,0,0,1,0,0,1,0,0
39.84784,-122.544556,51,79.6,3974.7,0,4673,1,1,0,0,1,0,1,1,0,0,0,0,1,0,0,0,0,0,0,0,0,1,0,1,0,0,0
41.232128,-123.194748,41,80.25,3439.0,0,5757,1,0,1,0,1,0,1,1,0,0,0,0,1,0,0,0,0,0,0,0,0,0,0,1,0,1,0
40.740138,-122.587476,2,20.45,42.45,0,2606,0,0,0,0,1,0,0,0,1,1,0,1,0,1,0,1,0,1,0,1,0,0,0,1,0,0,1
41.411315,-122.697236,68,79.6,5461.45,0,5210,1,0,0,0,1,0,0,1,0,0,0,0,1,0,1,0,0,0,0,0,0,1,0,0,1,0,0
40.03194,-122.176023,24,24.7,571.75,0,5302,0,0,1,1,1,0,1,0,1,1,0,1,0,1,0,1,0,1,0,1,0,0,1,0,0,0,1
41.528541,-122.955018,70,77.3,5498.2,0,6252,1,0,1,0,1,0,1,0,0,0,1,0,0,0,1,0,1,0,0,0,1,0,1,0,1,0,0
41.599978,-122.539381,3,29.75,96.85,0,3425,1,0,0,0,0,1,0,0,0,0,0,0,0,0,0,0,1,0,0,0,0,0,0,1,0,1,0
41.831901,-123.487478,2,44.9,111.05,0,4370,1,0,0,0,1,0,0,0,0,0,0,0,0,0,0,0,0,0,0,0,0,0,0,0,0,0,0
40.789799,-121.474529,3,29.8,94.4,0,5614,1,0,1,0,0,1,0,0,0,0,0,0,1,0,0,0,0,0,0,0,0,0,0,0,1,0,0
41.962127,-122.527696,13,71.95,923.85,0,3605,0,0,0,0,1,0,0,0,0,0,1,0,0,0,0,0,0,0,1,0,1,0,0,1,0,1,0
40.648024,-123.465088,7,20.75,141.1,0,4476,1,0,0,0,1,0,0,0,1,1,0,1,0,1,0,1,0,1,0,1,0,0,0,0,0,0,1
40.524535,-122.647172,12,56.3,628.65,0,2047,1,0,1,1,1,0,0,0,0,0,0,0,0,0,0,0,0,0,1,0,0,0,0,1,0,0,1
40.913192,-123.06597,53,105.25,5576.3,0,6365,1,0,1,1,1,0,1,1,0,0,0,0,1,0,1,0,0,0,1,0,1,1,0,1,0,1,0
40.883853,-122.418258,63,19.55,1245.6,0,6002,1,0,1,1,1,0,0,0,1,1,0,1,0,1,0,1,0,1,0,1,0,0,1,0,0,0,1
40.704293,-122.803899,15,84.45,1287.85,0,4653,0,0,0,0,1,0,0,0,0,0,1,0,1,0,1,0,1,0,1,0,1,0,0,0,0,0,1
41.280478,-121.160249,36,53.65,1939.35,0,4113,1,0,1,1,1,0,0,0,0,0,1,0,1,0,0,0,0,0,0,0,0,1,0,0,0,0,1
40.059385,-122.091481,4,29.9,118.25,0,2914,1,1,1,0,0,1,0,0,0,0,0,0,0,0,1,0,0,0,0,0,0,0,0,1,0,1,0
41.10831,-121.360362,24,19.7,452.55,0,4642,0,0,1,1,1,0,0,0,1,1,0,1,0,1,0,1,0,1,0,1,0,0,1,0,0,0,1
41.251322,-122.105209,61,43.7,2696.55,0,4051,0,0,0,0,0,1,0,0,0,0,1,0,1,0,1,0,1,0,0,0,0,1,0,0,1,0,0
41.769709,-121.92063,16,55.3,875.35,0,3771,1,0,0,0,1,0,1,0,0,0,0,0,1,0,0,0,0,0,0,0,0,0,0,0,0,1,0
40.426679,-121.850421,65,19.85,1267.05,0,6009,1,0,1,1,1,0,0,0,1,1,0,1,0,1,0,1,0,1,0,1,0,0,1,1,1,0,0
40.331975,-121.460674,26,19.65,494.9,0,4184,0,0,1,1,1,0,0,0,1,1,0,1,0,1,0,1,0,1,0,1,0,0,1,0,1,0,0
40.531257,-122.148139,16,49.45,799.0,0,3446,1,0,0,0,1,0,0,0,0,0,0,0,0,0,0,0,1,0,0,0,0,0,0,1,0,0,1
40.877552,-121.885884,5,20.45,106.9,0,3353,1,0,0,1,1,0,0,0,1,1,0,1,0,1,0,1,0,1,0,1,0,0,1,0,0,0,1
41.33832,-122.290756,19,39.7,710.05,0,4034,0,0,0,0,0,1,0,0,0,0,0,0,1,0,0,0,0,0,0,0,1,0,0,1,0,1,0
41.082472,-121.195215,10,54.5,568.2,0,4163,1,0,0,0,1,0,1,0,0,0,1,0,0,0,0,0,0,0,0,0,0,0,0,1,1,0,0
40.582399,-122.195512,72,111.6,8012.75,0,5425,0,0,0,0,1,0,1,1,0,0,0,0,1,0,1,0,1,0,1,0,1,0,1,1,0,0,0
40.343213,-121.815412,10,55.55,551.3,0,2530,0,0,1,1,1,0,0,0,0,0,0,0,1,0,1,0,0,0,0,0,0,0,0,1,0,0,1
40.367964,-122.937379,11,20.55,184.95,0,3971,1,0,1,0,1,0,0,0,1,1,0,1,0,1,0,1,0,1,0,1,0,1,0,1,0,0,1
40.923558,-122.059933,17,62.1,1096.65,0,3937,1,0,1,1,1,0,1,0,0,0,1,0,0,0,0,0,1,0,0,0,0,1,0,1,0,0,1
41.737962,-123.07557,36,104.5,3684.95,0,4102,0,0,1,1,1,0,1,1,0,0,1,0,0,0,1,0,0,0,1,0,1,0,0,1,1,0,0
41.924174,-123.260788,17,101.8,1752.45,0,3296,1,1,0,0,1,0,0,1,0,0,0,0,1,0,1,0,0,0,1,0,1,0,0,1,0,1,0
40.617614,-122.512861,66,110.6,7210.85,0,5418,0,1,1,1,1,0,1,1,0,0,1,0,1,0,0,0,1,0,1,0,1,1,0,1,1,0,0
40.497441,-121.827524,61,84.9,5264.5,0,4413,1,0,1,1,1,0,0,0,0,0,1,0,1,0,1,0,1,0,1,0,1,1,0,0,0,0,0
40.021787,-122.127576,22,93.2,2157.3,0,4093,1,0,0,0,1,0,0,1,0,0,0,0,1,0,0,0,0,0,1,0,1,0,0,1,0,0,1
41.081847,-122.700545,1,24.4,24.4,0,3145,1,0,0,0,0,1,0,0,0,0,0,0,0,0,0,0,0,0,0,0,0,0,0,1,0,1,0
39.955164,-122.018567,6,70.55,433.95,0,4059,0,0,0,0,1,0,0,1,0,0,0,0,0,0,0,0,0,0,0,0,0,0,0,0,1,0,0
41.465121,-122.380947,68,85.0,5607.75,0,6221,0,0,1,1,1,0,0,0,0,0,1,0,1,0,1,0,1,0,1,0,1,0,1,1,1,0,0
41.764869,-122.671316,52,85.8,4433.3,0,5494,0,0,1,1,1,0,0,1,0,0,0,0,1,0,1,0,1,0,0,0,0,0,0,0,0,0,0
41.468877,-120.54229,10,91.1,964.35,0,3857,0,0,0,1,1,0,0,1,0,0,0,0,0,0,1,0,1,0,1,0,0,0,0,1,0,1,0
41.505916,-120.152505,72,20.1,1460.85,0,4598,0,0,1,1,1,0,0,0,1,1,0,1,0,1,0,1,0,1,0,1,0,0,1,0,0,0,0
39.872961,-120.198876,47,20.05,951.55,0,5183,1,0,1,1,1,0,0,0,1,1,0,1,0,1,0,1,0,1,0,1,0,1,0,0,0,0,1
39.745805,-120.580882,24,74.8,1821.2,0,5535,1,0,1,1,1,0,1,0,0,0,1,0,0,0,0,0,0,0,1,0,1,1,0,0,0,0,1
38.42528,-119.475741,65,24.8,1600.95,0,5826,1,0,0,0,1,0,1,0,1,1,0,1,0,1,0,1,0,1,0,1,0,1,0,0,1,0,0
41.750354,-120.403885,4,100.85,399.25,0,5354,0,0,0,0,1,0,1,1,0,0,0,0,0,0,0,0,1,0,1,0,1,0,0,1,0,0,1
40.198234,-120.18089,34,105.1,3634.8,0,3941,0,0,0,0,1,0,0,1,0,0,0,0,1,0,1,0,1,0,1,0,1,0,0,1,0,1,0
40.294034,-120.512622,14,20.4,292.4,0,4556,0,0,1,0,1,0,0,0,1,1,0,1,0,1,0,1,0,1,0,1,0,0,1,0,0,0,1
41.266008,-120.490731,13,20.0,218.55,0,5651,1,0,1,1,1,0,0,0,1,1,0,1,0,1,0,1,0,1,0,1,0,1,0,0,0,0,1
40.507272,-120.338228,65,79.4,5071.9,0,4023,0,0,1,1,1,0,1,0,0,0,0,0,1,0,0,0,1,0,1,0,1,0,1,1,0,0,0
39.637471,-120.226338,23,57.2,1423.35,0,4021,1,0,1,1,1,0,0,0,0,0,1,0,0,0,0,0,1,0,0,0,0,1,0,0,1,0,0
41.042003,-120.506086,55,58.6,3068.6,0,6231,1,0,1,0,1,0,0,0,0,0,1,0,1,0,1,0,0,0,0,0,0,0,1,0,0,1,0
38.735789,-119.85798,49,94.8,4690.65,0,4252,1,0,1,0,1,0,0,1,0,0,0,0,1,0,0,0,0,0,1,0,1,0,1,1,0,1,0
40.181279,-120.392967,60,102.5,6157.6,0,4968,1,0,1,0,1,0,1,1,0,0,0,0,1,0,1,0,0,0,1,0,1,1,0,0,0,0,0
39.786755,-120.445626,69,20.35,1442.65,0,5188,0,0,1,1,1,0,0,0,1,1,0,1,0,1,0,1,0,1,0,1,0,1,0,1,1,0,0
40.845738,-120.322219,40,84.9,3369.05,0,2904,1,0,0,0,1,0,1,1,0,0,0,0,0,0,0,0,0,0,1,0,0,0,0,1,0,1,0
39.672813,-120.456699,67,69.2,4671.65,0,4323,1,0,1,0,1,0,0,0,0,0,1,0,1,0,0,0,1,0,0,0,1,0,1,1,1,0,0
40.346634,-120.386422,13,20.85,272.35,0,3163,0,0,1,1,1,0,0,0,1,1,0,1,0,1,0,1,0,1,0,1,0,0,1,0,0,0,1
40.559177,-120.612113,41,88.5,3645.05,0,5984,0,0,0,1,1,0,1,1,0,0,0,0,1,0,0,0,0,0,1,0,0,0,0,1,0,0,0
41.027281,-120.669427,4,35.0,135.75,0,3523,0,0,0,0,0,1,0,0,0,0,1,0,0,0,1,0,0,0,0,0,0,0,0,0,0,0,1
38.636052,-119.489162,24,55.15,1319.85,0,2200,0,0,1,1,1,0,0,0,0,0,1,0,0,0,0,0,1,0,0,0,0,0,0,0,0,1,0
41.813521,-121.492666,5,50.95,229.4,0,3573,0,0,0,0,0,1,0,0,0,0,0,0,1,0,0,0,0,0,1,0,1,0,0,1,1,0,0
40.345949,-120.081187,5,64.0,370.25,0,4421,0,0,0,0,1,0,1,0,0,0,0,0,1,0,0,0,0,0,0,0,1,0,0,1,0,1,0
39.227434,-120.091806,72,80.2,5714.2,0,6087,0,0,1,1,1,0,1,0,0,0,1,0,1,0,1,0,1,0,1,0,0,0,1,0,0,0,0
39.117018,-120.212535,24,49.3,1233.25,0,5394,0,0,0,0,1,0,0,0,0,0,0,0,0,0,1,0,0,0,0,0,0,0,0,1,1,0,0
39.061227,-120.179546,42,84.35,3571.6,0,3363,0,0,1,0,1,0,1,0,0,0,1,0,0,0,1,0,1,0,1,0,1,0,1,0,1,0,0
39.246654,-120.029273,4,20.05,83.3,0,4596,0,0,0,0,1,0,0,0,1,1,0,1,0,1,0,1,0,1,0,1,0,0,0,0,0,0,1
39.178337,-120.162806,68,117.2,8035.95,0,4629,1,0,0,0,1,0,1,1,0,0,1,0,1,0,1,0,1,0,1,0,1,1,0,1,1,0,0
39.191797,-120.212401,33,20.1,579.4,0,3342,0,0,1,1,1,0,0,0,1,1,0,1,0,1,0,1,0,1,0,1,0,1,0,0,0,0,1
33.973616,-118.24902,69,109.95,7634.25,0,4297,1,1,1,0,1,0,1,1,0,0,0,0,1,0,1,0,1,0,1,0,1,0,1,1,0,1,0
33.949255,-118.246978,38,94.75,3653.0,0,3654,1,1,0,0,1,0,1,1,0,0,0,0,0,0,0,0,0,0,1,0,1,0,0,0,0,1,0
33.964131,-118.272783,3,80.0,241.3,0,4264,0,0,1,1,1,0,0,1,0,0,0,0,1,0,0,0,1,0,0,0,0,0,0,1,0,1,0
34.076259,-118.310715,48,79.65,3870.3,0,3246,0,0,1,1,1,0,1,0,0,0,0,0,1,0,0,0,1,0,1,0,1,0,1,0,0,1,0
34.059281,-118.30742,15,25.2,387.9,0,4411,0,0,1,0,1,0,1,0,1,1,0,1,0,1,0,1,0,1,0,1,0,0,1,0,0,0,1
34.048013,-118.293953,25,19.9,527.5,0,3048,0,0,0,0,1,0,0,0,1,1,0,1,0,1,0,1,0,1,0,1,0,1,0,0,1,0,0
34.008293,-118.346766,48,44.8,2104.55,0,2469,0,0,0,0,0,1,0,0,0,0,1,0,1,0,0,0,0,0,1,0,0,0,0,1,0,1,0
34.062125,-118.315709,1,20.3,20.3,0,4270,1,0,0,0,1,0,0,0,1,1,0,1,0,1,0,1,0,1,0,1,0,0,0,0,0,0,1
34.00709,-118.258681,1,19.2,19.2,0,2716,1,0,0,0,1,0,0,0,1,1,0,1,0,1,0,1,0,1,0,1,0,0,0,0,0,1,0
34.065875,-118.238728,37,80.05,3019.1,0,3364,0,0,0,0,1,0,0,1,0,0,0,0,1,0,1,0,0,0,0,0,0,1,0,0,0,1,0
34.044639,-118.240413,66,107.35,7051.95,0,4138,1,1,1,0,1,0,1,1,0,0,0,0,1,0,1,0,1,0,1,0,1,1,0,1,0,0,0
34.043144,-118.251977,26,47.85,1190.5,0,4362,0,0,1,0,0,1,0,0,0,0,1,0,1,0,1,0,0,0,1,0,0,1,0,0,0,0,0
34.039224,-118.266293,63,70.8,4448.8,0,5114,1,0,1,0,1,0,0,0,0,0,1,0,1,0,0,0,1,0,1,0,0,1,0,0,1,0,0
34.028735,-118.317236,18,59.1,1011.05,0,2422,1,1,1,0,1,0,0,0,0,0,1,0,0,0,0,0,0,0,0,0,1,0,0,1,1,0,0
34.049841,-118.33846,64,25.55,1714.95,0,4312,0,0,1,0,1,0,1,0,1,1,0,1,0,1,0,1,0,1,0,1,0,0,1,0,0,0,1
34.029043,-118.239504,28,20.25,535.35,0,4476,0,0,0,1,1,0,0,0,1,1,0,1,0,1,0,1,0,1,0,1,0,0,0,0,0,0,1
34.02381,-118.156582,1,75.55,75.55,0,3503,0,0,0,0,1,0,0,1,0,0,0,0,0,0,1,0,0,0,0,0,0,0,0,0,0,1,0
34.046174,-118.446333,66,95.3,6273.4,0,5706,1,0,1,0,1,0,1,1,0,0,0,0,1,0,1,0,0,0,0,0,1,1,0,0,0,1,0
34.078991,-118.263804,1,70.25,70.25,0,4063,0,0,0,0,1,0,0,1,0,0,0,0,0,0,0,0,0,0,0,0,0,0,0,1,0,1,0
34.127194,-118.295647,18,50.3,908.75,0,3740,0,0,1,0,1,0,0,0,0,0,0,0,0,0,0,0,1,0,0,0,0,0,0,1,0,0,1
34.089953,-118.294824,0,19.85,1397.475,0,2019,1,0,1,1,1,0,0,0,1,1,0,1,0,1,0,1,0,1,0,1,0,0,1,0,0,0,1
34.078821,-118.177576,12,19.35,212.3,0,2558,1,0,0,1,1,0,0,0,1,1,0,1,0,1,0,1,0,1,0,1,0,0,1,0,0,0,0
34.030578,-118.399613,12,25.0,316.2,0,4408,1,0,0,0,1,0,1,0,1,1,0,1,0,1,0,1,0,1,0,1,0,0,0,0,0,1,0
34.051809,-118.383843,55,20.3,1079.05,0,5153,0,0,1,1,1,0,0,0,1,1,0,1,0,1,0,1,0,1,0,1,0,0,1,0,0,0,1
34.070291,-118.349191,7,75.35,564.65,0,4989,0,0,0,0,1,0,1,1,0,0,0,0,0,0,0,0,0,0,0,0,0,0,0,1,0,1,0
34.088017,-118.327168,68,88.0,6161.9,0,5436,0,0,1,1,1,0,1,0,0,0,1,0,1,0,1,0,1,0,1,0,1,0,1,0,1,0,0
33.994524,-118.149953,49,43.8,2106.05,0,5651,0,1,0,0,1,0,0,0,0,0,0,0,0,0,0,0,0,0,0,0,0,0,0,0,0,0,1
34.137412,-118.207607,40,62.05,2511.55,0,2290,1,0,0,0,0,1,0,0,0,0,1,0,1,0,1,0,0,0,1,0,1,1,0,0,1,0,0
34.11572,-118.192754,16,20.1,318.6,0,4545,0,0,0,0,1,0,0,0,1,1,0,1,0,1,0,1,0,1,0,1,0,1,0,0,0,0,0
33.952714,-118.292061,72,101.35,7323.15,0,4497,0,0,1,0,1,0,1,1,0,0,0,0,1,0,1,0,0,0,1,0,1,1,0,1,0,1,0
33.954017,-118.402447,2,84.05,186.05,0,5039,0,1,0,0,1,0,1,1,0,0,0,0,0,0,0,0,0,0,0,0,1,0,0,1,0,1,0
34.108455,-118.362081,23,20.9,454.0,0,4076,1,0,1,1,1,0,0,0,1,1,0,1,0,1,0,1,0,1,0,1,0,0,1,0,0,0,1
33.958149,-118.308441,71,105.9,7521.95,0,5479,0,1,0,0,1,0,1,1,0,0,0,0,1,0,1,0,0,0,1,0,1,1,0,1,0,1,0
34.001617,-118.222274,12,85.05,999.8,0,2540,1,0,1,0,1,0,0,1,0,0,0,0,1,0,0,0,0,0,0,0,1,0,0,1,1,0,0
33.927254,-118.249826,54,44.1,2369.7,0,6205,0,0,0,0,0,1,0,0,0,0,1,0,0,0,0,0,1,0,0,0,1,1,0,0,0,0,0
33.92128,-118.274186,68,90.2,6297.65,0,4095,0,0,1,0,1,0,1,1,0,0,0,0,1,0,1,0,1,0,0,0,0,0,1,0,1,0,0
34.037251,-118.423573,27,53.45,1461.45,0,2191,1,0,0,0,1,0,0,0,0,0,1,0,0,0,0,0,1,0,0,0,0,0,0,0,0,0,1
34.108833,-118.229715,21,19.95,416.4,0,3632,1,0,0,0,1,0,0,0,1,1,0,1,0,1,0,1,0,1,0,1,0,0,0,1,0,0,1
34.057496,-118.413959,64,74.65,4869.35,0,5113,0,1,0,0,1,0,1,0,0,0,0,0,1,0,1,0,1,0,0,0,1,0,0,0,1,0,0
34.093781,-118.381061,57,57.5,3265.95,0,4133,1,0,1,0,0,1,0,0,0,0,0,0,1,0,1,0,1,0,1,0,1,0,1,1,0,0,0
34.102084,-118.451629,19,19.65,358.15,0,5596,1,0,0,0,1,0,0,0,1,1,0,1,0,1,0,1,0,1,0,1,0,0,1,0,0,0,1
33.970343,-118.171368,31,93.8,2939.8,0,2510,1,0,1,0,1,0,0,1,0,0,0,0,0,0,1,0,0,0,1,0,1,1,0,1,0,1,0
34.099891,-118.414338,52,89.25,4652.4,0,4624,1,0,0,0,1,0,1,0,0,0,1,0,1,0,1,0,1,0,1,0,1,0,1,1,0,0,1
34.063947,-118.383001,46,94.15,4408.45,0,3924,0,0,0,0,1,0,1,1,0,0,0,0,1,0,1,0,0,0,0,0,1,1,0,1,0,1,0
34.062095,-118.401508,11,55.6,580.8,0,5014,0,1,0,0,1,0,1,0,0,0,1,0,0,0,0,0,0,0,0,0,0,0,0,1,0,1,0
33.88151,-118.234451,53,48.7,2495.2,0,4116,0,0,1,1,0,1,0,0,0,0,1,0,1,0,1,0,0,0,0,0,1,0,0,1,0,0,0
33.912246,-118.236773,57,104.9,5913.95,0,5838,1,1,0,0,1,0,1,1,0,0,0,0,1,0,0,0,1,0,1,0,1,0,0,1,0,0,0
33.956228,-118.120993,71,19.9,1389.35,0,5789,0,0,1,1,1,0,0,0,1,1,0,1,0,1,0,1,0,1,0,1,0,0,1,0,0,0,0
33.940884,-118.128628,1,19.4,19.4,0,3160,0,0,1,1,1,0,0,0,1,1,0,1,0,1,0,1,0,1,0,1,0,0,0,1,0,0,1
33.921793,-118.140588,68,25.05,1629.2,0,4187,1,0,1,0,1,0,1,0,1,1,0,1,0,1,0,1,0,1,0,1,0,0,1,0,1,0,0
33.917145,-118.401554,72,84.45,6033.1,0,6297,1,0,1,0,1,0,0,0,0,0,1,0,1,0,1,0,1,0,1,0,1,0,1,0,0,0,1
33.890853,-118.297967,2,19.3,44.4,0,3009,0,0,0,0,1,0,0,0,1,1,0,1,0,1,0,1,0,1,0,1,0,0,0,0,0,0,1
33.90139,-118.315697,41,79.85,3320.75,0,5556,0,0,0,0,1,0,0,0,0,0,1,0,0,0,1,0,1,0,1,0,1,1,0,1,0,0,0
33.914775,-118.348083,72,25.55,1867.7,0,6425,1,0,1,1,1,0,1,0,1,1,0,1,0,1,0,1,0,1,0,1,0,0,1,0,1,0,0
33.923573,-118.200669,58,68.4,3972.25,0,5269,0,0,1,0,1,0,1,0,0,0,1,0,0,0,0,0,1,0,0,0,1,1,0,1,0,1,0
34.037037,-118.705803,7,20.65,155.9,0,2100,0,0,0,0,1,0,0,0,1,1,0,1,0,1,0,1,0,1,0,1,0,0,0,0,0,0,1
34.074572,-118.831181,65,55.15,3673.15,0,6205,0,0,1,0,1,0,0,0,0,0,1,0,0,0,1,0,0,0,0,0,0,0,0,1,0,0,1
33.889632,-118.39737,1,70.6,70.6,0,3530,1,0,0,0,1,0,0,1,0,0,0,0,0,0,0,0,0,0,0,0,0,0,0,1,0,0,1
33.988572,-118.186565,56,19.95,1126.75,0,4838,1,0,1,0,1,0,0,0,1,1,0,1,0,1,0,1,0,1,0,1,0,1,0,0,1,0,0
34.079449,-118.548306,4,19.0,73.45,0,4345,1,0,0,0,1,0,0,0,1,1,0,1,0,1,0,1,0,1,0,1,0,0,0,0,0,0,1
33.788208,-118.404955,58,44.1,2413.05,0,5040,0,0,1,1,1,0,0,0,0,0,0,0,0,0,0,0,0,0,0,0,0,1,0,1,0,0,1
33.753146,-118.367459,62,107.6,6912.7,0,4697,1,0,1,0,1,0,1,1,0,0,0,0,0,0,1,0,1,0,1,0,1,0,1,1,0,0,0
33.830453,-118.384565,26,61.55,1581.95,0,5156,1,0,0,0,1,0,1,0,0,0,1,0,1,0,0,0,0,0,0,0,0,1,0,0,0,1,0
33.873395,-118.37019,62,90.7,5586.45,0,5496,1,0,0,0,1,0,1,1,0,0,1,0,1,0,1,0,0,0,0,0,0,0,0,0,0,0,0
33.944624,-118.192615,58,99.25,5846.65,0,4098,0,0,1,1,1,0,0,1,0,0,1,0,1,0,0,0,0,0,1,0,1,1,0,0,1,0,0
34.115192,-118.61017,68,91.7,6424.7,0,4113,0,0,1,0,1,0,1,0,0,0,1,0,1,0,1,0,1,0,1,0,1,0,1,1,0,1,0
33.991782,-118.479229,61,100.7,6018.65,0,4804,0,0,1,1,1,0,1,1,0,0,1,0,1,0,1,0,0,0,0,0,1,1,0,1,1,0,0
33.977468,-118.445475,42,78.45,3373.4,0,3192,0,0,0,0,1,0,1,0,0,0,0,0,0,0,1,0,1,0,1,0,1,0,1,1,1,0,0
33.947305,-118.439841,18,84.3,1537.9,0,4612,1,0,0,0,1,0,1,1,0,0,0,0,0,0,0,0,0,0,1,0,0,0,0,0,0,0,0
33.956445,-118.358634,56,19.55,1080.55,0,5764,0,0,0,0,1,0,0,0,1,1,0,1,0,1,0,1,0,1,0,1,0,0,1,1,0,0,0
33.936291,-118.332639,4,20.45,82.85,0,4344,0,0,0,0,1,0,0,0,1,1,0,1,0,1,0,1,0,1,0,1,0,0,0,0,1,0,0
33.936827,-118.359824,35,55.6,2016.45,0,5964,0,0,0,1,1,0,0,0,0,0,1,0,1,0,0,0,0,0,0,0,0,1,0,0,1,0,0
33.958134,-118.330905,64,86.8,5327.25,0,4915,0,0,1,1,1,0,1,1,0,0,1,0,0,0,0,0,1,0,0,0,0,0,0,1,0,0,0
34.015481,-118.493231,31,20.95,683.25,0,5772,0,0,0,0,1,0,0,0,1,1,0,1,0,1,0,1,0,1,0,1,0,1,0,0,0,0,1
34.035849,-118.503508,67,20.05,1263.05,0,4934,0,1,1,0,1,0,0,0,1,1,0,1,0,1,0,1,0,1,0,1,0,0,1,1,0,0,0
34.026334,-118.474222,70,113.65,7714.65,0,6146,0,1,1,0,1,0,1,1,0,0,1,0,1,0,1,0,1,0,1,0,1,0,1,1,0,1,0
33.833181,-118.292062,2,59.5,130.5,0,5613,1,0,1,1,1,0,0,0,0,0,1,0,1,0,0,0,1,0,0,0,0,0,1,0,0,0,1
33.840399,-118.353714,29,87.8,2621.75,0,4780,0,0,1,1,1,0,0,1,0,0,0,0,0,0,0,0,0,0,1,0,1,0,0,1,1,0,0
33.867257,-118.330794,47,41.9,1875.25,0,2540,0,0,0,0,0,1,0,0,0,0,1,0,0,0,1,0,1,0,0,0,0,0,1,0,0,0,1
34.007353,-118.033683,12,69.85,837.5,0,5796,1,0,0,1,1,0,0,0,0,0,1,0,0,0,0,0,0,0,1,0,1,0,0,1,0,0,1
33.972119,-118.020188,8,56.3,401.5,0,3135,0,0,1,1,1,0,0,0,0,0,0,0,1,0,0,0,1,0,0,0,0,0,0,0,0,0,0
33.945318,-117.992066,54,109.55,6118.95,0,6130,1,0,1,0,1,0,1,1,0,0,1,0,1,0,1,0,0,0,1,0,1,0,0,0,0,1,0
33.929704,-118.01208,69,92.15,6480.9,0,5817,1,0,1,1,1,0,0,1,0,0,0,0,1,0,0,0,1,0,1,0,0,0,1,1,0,0,1
33.960891,-118.032222,26,69.5,1800.05,0,3866,0,0,0,0,1,0,1,0,0,0,1,0,1,0,0,0,0,0,1,0,0,0,0,1,0,0,0
33.976678,-118.065875,72,97.0,7104.2,0,6302,0,0,1,0,1,0,1,1,0,0,1,0,1,0,1,0,1,0,0,0,0,0,1,1,0,0,0
33.845706,-118.012204,70,58.35,4214.25,0,4093,0,0,0,0,0,1,0,0,0,0,1,0,0,0,1,0,1,0,1,0,1,0,1,1,0,0,0
33.818477,-118.038307,28,70.4,1992.2,0,5195,0,0,1,1,1,0,0,1,0,0,0,0,0,0,0,0,0,0,0,0,0,1,0,1,0,0,0
33.902045,-118.008961,21,94.3,1948.35,0,2058,0,0,1,0,1,0,1,1,0,0,0,0,0,0,0,0,0,0,1,0,1,0,0,1,0,1,0
33.905963,-118.08263,53,19.55,1007.9,0,4670,0,0,1,1,1,0,0,0,1,1,0,1,0,1,0,1,0,1,0,1,0,1,0,0,0,0,0
33.989524,-118.089299,53,95.95,5036.9,0,4523,1,0,0,1,1,0,0,1,0,0,1,0,1,0,1,0,0,0,0,0,1,1,0,0,0,1,0
33.801869,-117.995068,70,94.8,6859.05,0,5072,0,0,1,0,1,0,1,0,0,0,1,0,1,0,1,0,1,0,1,0,1,0,1,1,1,0,0
33.867593,-118.080637,61,107.75,6521.9,0,5364,1,0,0,0,1,0,1,1,0,0,1,0,1,0,1,0,0,0,1,0,1,1,0,1,0,1,0
33.8681,-118.067402,11,54.6,617.85,0,2573,0,0,0,0,1,0,0,0,0,0,1,0,0,0,0,0,1,0,0,0,0,1,0,1,0,0,1
33.391181,-118.421305,2,71.3,157.75,0,2274,1,0,0,0,1,0,0,1,0,0,0,0,0,0,0,0,0,0,0,0,0,0,0,1,1,0,0
33.887676,-118.127289,25,19.5,516.3,0,4761,1,0,0,0,1,0,0,0,1,1,0,1,0,1,0,1,0,1,0,1,0,1,0,1,0,0,0
33.798266,-118.300237,41,56.3,2364.0,0,2994,0,0,0,0,1,0,1,0,0,0,0,0,1,0,0,0,0,0,0,0,0,1,0,1,1,0,0
33.841027,-118.078097,71,90.55,6239.05,0,6009,0,0,1,1,1,0,1,0,0,0,1,0,1,0,1,0,1,0,1,0,1,0,1,1,1,0,0
33.830431,-118.074071,34,60.8,2042.05,0,4522,0,0,1,1,1,0,0,0,0,0,1,0,1,0,1,0,0,0,0,0,0,1,0,1,0,0,1
33.794209,-118.317354,29,98.8,2807.1,0,4580,1,0,0,0,1,0,0,1,0,0,0,0,0,0,1,0,1,0,1,0,1,0,0,1,1,0,0
33.79499,-118.065591,40,98.15,4116.8,0,4332,1,1,1,0,1,0,0,1,0,0,1,0,1,0,1,0,1,0,1,0,0,1,0,1,1,0,0
33.897122,-118.164432,36,35.35,1317.95,0,3314,1,0,1,0,0,1,0,0,0,0,1,0,0,0,1,0,0,0,0,0,0,1,0,0,0,0,1
33.736387,-118.284363,46,103.15,4594.65,0,3517,0,0,1,0,1,0,1,1,0,0,0,0,1,0,0,0,1,0,1,0,1,1,0,1,0,1,0
33.744119,-118.31448,58,107.75,6332.75,0,5121,0,0,0,0,1,0,1,1,0,0,1,0,1,0,1,0,0,0,1,0,1,1,0,1,0,1,0
33.75462,-118.071128,39,81.4,3213.75,0,4104,1,0,0,0,1,0,1,1,0,0,0,0,1,0,0,0,0,0,0,0,0,1,0,0,1,0,0
33.728273,-118.085304,52,95.7,4976.15,0,4415,0,0,1,1,1,0,1,1,0,0,0,0,1,0,1,0,0,0,1,0,0,1,0,1,1,0,0
33.782068,-118.262263,70,104.8,7308.95,0,5291,1,1,1,0,1,0,1,1,0,0,0,0,1,0,1,0,0,0,1,0,1,1,0,1,0,1,0
33.822295,-118.26411,65,70.95,4555.2,0,4871,1,1,1,0,1,0,0,1,0,0,0,0,0,0,0,0,0,0,0,0,0,1,0,1,0,0,0
33.859171,-118.252272,1,44.95,44.95,0,3256,1,0,0,0,1,0,0,0,0,0,0,0,0,0,0,0,0,0,0,0,0,0,0,1,0,0,1
33.752524,-118.210737,70,97.65,6982.5,0,4252,0,0,1,0,1,0,1,1,0,0,0,0,0,0,1,0,0,0,1,0,1,1,0,1,0,1,0
33.760458,-118.129725,29,35.65,1025.15,0,4107,0,1,1,1,0,1,0,0,0,0,0,0,1,0,1,0,0,0,0,0,0,0,0,1,0,0,1
33.864622,-118.179626,67,85.25,5714.2,0,6322,0,0,0,0,1,0,1,0,0,0,1,0,0,0,1,0,1,0,1,0,1,0,1,1,0,0,1
33.802664,-118.179971,1,19.5,19.5,0,5279,0,0,0,0,1,0,0,0,1,1,0,1,0,1,0,1,0,1,0,1,0,0,0,1,0,0,1
33.823943,-118.111335,30,25.1,789.55,0,5851,0,0,1,1,1,0,1,0,1,1,0,1,0,1,0,1,0,1,0,1,0,0,1,1,0,0,1
33.819814,-118.222416,48,100.05,4834.0,0,3468,0,0,1,0,1,0,0,1,0,0,0,0,0,0,1,0,1,0,1,0,1,0,0,1,1,0,0
33.781086,-118.199049,55,55.7,3131.8,0,4149,0,0,1,1,1,0,0,0,0,0,1,0,1,0,0,0,0,0,0,0,0,0,0,0,0,1,0
33.797638,-118.11662,37,91.15,3369.25,0,3194,1,0,0,0,1,0,1,1,0,0,1,0,0,0,0,0,0,0,1,0,0,0,0,1,0,1,0
33.778436,-118.118648,31,83.85,2674.15,0,4283,0,0,1,0,1,0,0,1,0,0,0,0,1,0,0,0,0,0,0,0,1,0,0,1,0,0,0
34.196837,-118.142236,4,45.9,199.75,0,3200,1,0,0,0,1,0,0,0,0,0,0,0,0,0,0,0,0,0,0,0,0,0,0,1,0,1,0
34.137319,-118.029837,72,25.1,1790.8,0,4185,1,0,1,1,1,0,1,0,1,1,0,1,0,1,0,1,0,1,0,1,0,0,1,1,1,0,0
34.145695,-117.95982,1,19.7,19.7,0,2004,1,0,1,1,1,0,0,0,1,1,0,1,0,1,0,1,0,1,0,1,0,0,0,0,0,0,1
34.234912,-118.153729,15,91.5,1400.3,0,4173,0,1,0,0,1,0,0,1,0,0,0,0,0,0,0,0,0,0,1,0,1,0,0,1,0,1,0
34.1528,-118.000482,8,51.3,411.6,0,2545,1,0,1,1,1,0,0,0,0,0,1,0,0,0,0,0,0,0,0,0,0,0,0,1,1,0,0
34.2112,-118.230625,35,21.1,741.0,0,5707,0,0,0,0,1,0,0,0,1,1,0,1,0,1,0,1,0,1,0,1,0,1,0,0,0,0,1
34.168686,-118.057505,56,104.75,5841.35,0,5128,0,1,0,0,1,0,1,1,0,0,0,0,1,0,1,0,0,0,1,0,1,0,0,0,0,1,0
34.282704,-118.312929,65,85.75,5688.45,0,4978,1,1,1,1,1,0,1,1,0,0,1,0,1,0,0,0,0,0,0,0,0,0,0,1,0,1,0
34.296574,-118.244839,2,20.3,31.9,0,2843,0,0,1,1,1,0,0,0,1,1,0,1,0,1,0,1,0,1,0,1,0,1,0,0,0,0,1
34.146635,-118.139225,65,100.75,6674.65,0,4368,1,1,1,0,1,0,1,1,0,0,1,0,0,0,0,0,0,0,1,0,1,1,0,1,0,1,0
34.167465,-118.165327,18,74.15,1345.75,0,5033,0,0,0,0,1,0,1,1,0,0,0,0,0,0,0,0,0,0,0,0,0,0,0,1,0,1,0
34.165383,-118.123752,23,78.55,1843.05,0,3127,0,0,0,0,1,0,1,0,0,0,1,0,0,0,1,0,0,0,1,0,1,1,0,1,0,1,0
34.139402,-118.128658,70,19.85,1433.8,0,4442,1,0,1,0,1,0,0,0,1,1,0,1,0,1,0,1,0,1,0,1,0,0,1,0,1,0,0
34.159007,-118.087353,4,50.7,214.55,0,4288,0,0,0,0,1,0,1,0,0,0,0,0,0,0,0,0,0,0,0,0,0,0,0,0,0,1,0
34.122671,-118.112911,19,45.0,865.85,0,4519,1,0,0,0,1,0,0,0,0,0,0,0,0,0,0,0,0,0,0,0,0,0,0,1,0,0,0
34.17051,-118.289463,18,77.8,1358.6,0,4228,0,0,0,0,1,0,0,1,0,0,0,0,1,0,1,0,0,0,0,0,0,0,0,0,0,1,0
34.167926,-118.267539,38,83.45,3147.15,0,2768,0,1,1,0,1,0,0,1,0,0,1,0,0,0,0,0,0,0,0,0,1,0,0,1,0,1,0
34.136306,-118.26036,47,94.8,4535.85,0,5022,1,0,0,0,1,0,1,1,0,0,1,0,1,0,0,0,0,0,1,0,0,1,0,0,0,0,0
34.13658,-118.245839,52,20.1,1078.75,0,4529,0,0,1,1,1,0,0,0,1,1,0,1,0,1,0,1,0,1,0,1,0,0,1,0,0,0,0
34.162515,-118.203869,9,59.9,542.4,0,5414,1,0,0,0,1,0,1,0,0,0,0,0,0,0,0,0,0,0,0,0,1,0,0,0,0,0,1
34.182378,-118.262922,26,90.1,2312.55,0,2068,0,0,1,0,1,0,1,0,0,0,1,0,1,0,1,0,1,0,1,0,1,1,0,1,1,0,0
34.239636,-118.245259,44,70.95,3250.45,0,3678,1,0,1,0,1,0,0,0,0,0,0,0,1,0,1,0,1,0,1,0,0,1,0,1,0,1,0
34.129058,-118.759788,3,29.2,98.5,0,4699,0,0,0,0,0,1,0,0,0,0,0,0,1,0,0,0,0,0,0,0,0,0,0,0,0,0,1
34.130861,-118.68346,2,46.6,87.9,0,5096,1,0,0,0,1,0,0,0,0,0,0,0,0,0,0,0,0,0,0,0,0,0,0,1,0,0,0
34.209532,-118.577563,25,74.3,1952.25,0,4815,1,0,0,0,1,0,0,1,0,0,1,0,0,0,0,0,0,0,0,0,0,0,0,0,0,0,0
34.199787,-118.68493,2,69.3,153.8,0,2901,0,1,1,0,1,0,0,1,0,0,0,0,0,0,0,0,0,0,0,0,0,0,0,1,0,1,0
34.172071,-118.946262,58,94.3,5610.15,0,6166,0,0,1,0,1,0,1,1,0,0,0,0,1,0,1,0,0,0,0,0,1,1,0,1,0,1,0
34.370378,-118.504118,59,76.45,4519.5,0,5978,0,0,1,1,1,0,1,0,0,0,1,0,0,0,1,0,1,0,1,0,0,0,1,1,0,0,1
34.238208,-118.55029,44,54.0,2440.25,0,4256,1,0,0,0,0,1,0,0,0,0,1,0,0,0,1,0,0,0,1,0,1,1,0,1,0,1,0
34.236683,-118.517588,66,104.25,6860.6,0,4915,1,0,0,0,1,0,1,1,0,0,0,0,1,0,0,0,1,0,1,0,1,1,0,1,0,1,0
34.281911,-118.556218,68,19.95,1377.7,0,4165,1,0,1,1,1,0,0,0,1,1,0,1,0,1,0,1,0,1,0,1,0,0,1,0,0,0,0
34.255442,-118.421314,9,24.95,190.25,0,5473,1,0,0,0,0,1,0,0,0,0,0,0,0,0,0,0,0,0,0,0,0,0,0,1,0,1,0
34.200175,-118.540958,19,84.75,1651.95,0,5157,1,0,0,0,1,0,1,1,0,0,1,0,0,0,1,0,0,0,0,0,0,0,0,1,0,1,0
34.286131,-118.435969,4,19.75,78.3,0,4987,1,0,0,0,1,0,0,0,1,1,0,1,0,1,0,1,0,1,0,1,0,0,0,0,0,0,1
34.321621,-118.399841,70,113.65,7939.25,0,6424,0,0,0,0,1,0,1,1,0,0,1,0,1,0,1,0,1,0,1,0,1,0,1,1,0,0,0
34.238802,-118.482296,1,44.9,44.9,0,2451,1,0,0,0,1,0,0,0,0,0,0,0,0,0,0,0,0,0,0,0,0,0,0,1,0,0,1
34.291273,-118.505104,8,75.25,576.7,0,2332,0,0,0,0,1,0,1,1,0,0,0,0,0,0,0,0,0,0,0,0,0,0,0,1,0,1,0
34.266389,-118.459744,53,24.6,1279.0,0,4610,1,0,0,0,1,0,1,0,1,1,0,1,0,1,0,1,0,1,0,1,0,0,1,0,0,0,1
34.502432,-118.41459,51,25.0,1260.7,0,5896,1,1,0,0,1,0,1,0,1,1,0,1,0,1,0,1,0,1,0,1,0,1,0,0,0,0,0
34.422519,-118.420717,11,20.95,267.35,0,4075,1,0,1,1,1,0,0,0,1,1,0,1,0,1,0,1,0,1,0,1,0,0,0,0,0,0,0
34.231053,-118.338307,60,110.6,6586.85,0,5756,1,0,1,1,1,0,1,1,0,0,1,0,0,0,1,0,1,0,1,0,1,0,1,1,0,1,0
34.457005,-118.573726,17,55.5,934.15,0,3190,1,0,0,0,1,0,0,0,0,0,1,0,1,0,0,0,0,0,0,0,0,0,0,1,1,0,0
34.214054,-118.88109,1,19.45,19.45,0,2133,1,0,0,0,1,0,0,0,1,1,0,1,0,1,0,1,0,1,0,1,0,0,0,0,0,0,1
34.130992,-118.894673,43,84.85,3645.6,0,4556,1,1,0,0,1,0,1,1,0,0,0,0,0,0,0,0,0,0,1,0,0,0,0,1,0,1,0
34.191842,-118.822796,16,19.6,314.45,0,4298,0,0,1,0,1,0,0,0,1,1,0,1,0,1,0,1,0,1,0,1,0,0,0,0,0,0,1
34.153733,-118.593408,57,53.45,3053.0,0,5660,0,0,1,1,1,0,0,0,0,0,1,0,1,0,0,0,0,0,0,0,0,1,0,0,0,1,0
34.178068,-118.615714,37,19.8,677.05,0,5137,1,0,1,1,1,0,0,0,1,1,0,1,0,1,0,1,0,1,0,1,0,1,0,0,1,0,0
34.19225,-118.776874,72,112.1,7965.95,0,4272,0,0,1,0,1,0,1,1,0,0,1,0,1,0,1,0,1,0,1,0,1,0,1,0,1,0,0
34.202494,-118.448048,2,74.2,140.1,0,3170,1,1,1,0,1,0,0,1,0,0,0,0,0,0,1,0,0,0,0,0,0,0,0,1,0,1,0
34.195685,-118.490752,17,69.0,1108.0,0,4439,0,0,0,0,1,0,1,0,0,0,0,0,0,0,1,0,1,0,1,0,0,0,0,1,0,0,1
34.17847,-118.459472,16,19.35,295.55,0,2017,0,0,0,0,1,0,0,0,1,1,0,1,0,1,0,1,0,1,0,1,0,1,0,0,1,0,0
34.152875,-118.486056,10,19.8,198.25,0,5270,0,0,0,0,1,0,0,0,1,1,0,1,0,1,0,1,0,1,0,1,0,1,0,1,0,0,1
34.177267,-118.31003,64,109.2,6741.15,0,5543,1,0,1,1,1,0,1,1,0,0,0,0,1,0,1,0,1,0,1,0,1,0,1,1,1,0,0
34.213049,-118.317651,1,79.15,79.15,0,2742,0,0,0,0,1,0,1,1,0,0,0,0,1,0,0,0,0,0,0,0,0,0,0,1,0,0,1
34.174215,-118.345928,25,53.65,1355.45,0,5854,1,0,1,1,1,0,0,0,0,0,0,0,1,0,1,0,0,0,0,0,0,1,0,0,0,0,1
34.169706,-118.323548,71,100.2,7209.0,0,5502,1,0,1,1,1,0,0,1,0,0,1,0,1,0,1,0,1,0,1,0,0,0,1,0,1,0,0
34.15136,-118.364786,72,108.65,7726.35,0,5730,0,0,1,1,1,0,0,1,0,0,1,0,1,0,1,0,1,0,1,0,1,0,1,1,0,0,0
34.139082,-118.39275,49,40.65,2070.75,0,5565,0,0,1,0,0,1,0,0,0,0,1,0,0,0,0,0,0,0,1,0,0,0,0,0,0,0,0
34.207295,-118.400022,29,55.35,1636.95,0,5138,1,0,1,1,0,1,0,0,0,0,1,0,1,0,1,0,1,0,0,0,1,1,0,1,1,0,0
34.187599,-118.387125,72,105.6,7581.5,0,5981,1,0,1,0,1,0,1,1,0,0,1,0,1,0,1,0,1,0,0,0,1,0,1,0,0,0,0
34.132275,-117.611478,50,95.7,4729.75,0,4164,0,0,0,0,1,0,1,1,0,0,0,0,0,0,0,0,0,0,1,0,1,0,0,1,0,1,0
34.174493,-117.87068,71,83.2,6126.1,0,5350,1,0,1,0,1,0,1,0,0,0,1,0,0,0,1,0,1,0,1,0,1,0,1,0,0,1,0
34.098275,-117.967399,70,90.05,6333.4,0,4666,1,1,1,0,1,0,1,0,0,0,1,0,1,0,1,0,1,0,1,0,1,0,1,0,1,0,0
33.942895,-117.725644,71,97.65,6687.85,0,5319,1,0,0,0,1,0,1,1,0,0,1,0,0,0,0,0,1,0,0,0,1,1,0,0,1,0,0
33.990646,-117.663025,61,68.05,4158.25,0,4436,1,0,1,1,1,0,0,0,0,0,1,0,1,0,1,0,1,0,0,0,0,0,1,1,0,0,0
34.084747,-117.886844,68,102.1,7149.35,0,5228,1,0,0,0,1,0,1,1,0,0,1,0,1,0,1,0,0,0,0,0,1,0,1,1,0,0,0
34.08111,-117.853935,62,23.4,1429.65,0,5822,1,0,0,0,1,0,1,0,1,1,0,1,0,1,0,1,0,1,0,1,0,0,1,0,0,0,0
34.10097,-117.57882,7,71.05,472.65,0,4668,0,0,0,1,1,0,0,1,0,0,0,0,0,0,0,0,0,0,0,0,0,0,0,1,0,1,0
34.074492,-118.01462,6,19.45,113.5,0,3461,1,0,1,1,1,0,0,0,1,1,0,1,0,1,0,1,0,1,0,1,0,1,0,0,0,0,1
34.04622,-118.053753,33,59.45,1884.65,0,3116,0,1,0,0,0,1,0,0,0,0,1,0,1,0,1,0,0,0,1,0,1,0,0,1,0,0,0
34.245289,-117.642503,28,92.2,2568.15,0,5116,1,0,1,1,1,0,1,1,0,0,0,0,0,0,0,0,0,0,1,0,1,1,0,0,0,0,0
34.133809,-117.523724,27,19.85,470.0,0,2176,1,0,0,0,1,0,0,0,1,1,0,1,0,1,0,1,0,1,0,1,0,0,1,0,1,0,0
34.119363,-117.855059,7,43.9,278.4,0,3565,1,0,0,0,1,0,0,0,0,0,0,0,0,0,0,0,0,0,0,0,0,0,0,0,0,0,1
33.998471,-117.973758,30,90.5,2595.85,0,5983,1,1,0,0,1,0,1,1,0,0,1,0,0,0,0,0,0,0,0,0,1,0,0,1,1,0,0
34.038983,-117.991372,63,90.45,5825.5,0,4616,1,0,0,0,1,0,1,1,0,0,0,0,1,0,0,0,0,0,0,0,1,1,0,0,1,0,0
34.144703,-117.770299,53,84.6,4449.75,0,4733,0,0,0,1,1,0,1,0,0,0,0,0,1,0,1,0,1,0,1,0,1,1,0,1,0,1,0
34.050322,-118.147037,21,99.15,1956.4,0,5324,0,0,0,0,1,0,0,1,0,0,0,0,1,0,0,0,1,0,1,0,1,0,0,1,0,0,0
34.049172,-118.115022,17,19.95,310.6,0,2221,1,0,0,0,1,0,0,0,1,1,0,1,0,1,0,1,0,1,0,1,0,1,0,0,0,0,1
34.231318,-117.662032,16,20.5,290.55,0,2856,1,0,1,1,1,0,0,0,1,1,0,1,0,1,0,1,0,1,0,1,0,0,1,0,0,0,1
34.035602,-117.591528,35,62.1,2096.1,0,5315,0,0,0,0,1,0,0,0,0,0,0,0,0,0,1,0,0,0,0,0,1,0,0,1,0,1,0
34.057256,-117.667677,32,79.5,2665.0,0,3041,0,1,0,0,1,0,0,1,0,0,0,0,0,0,0,0,0,0,0,0,1,0,0,1,0,1,0
34.072121,-117.698319,28,19.55,543.8,0,3948,0,0,1,1,1,0,0,0,1,1,0,1,0,1,0,1,0,1,0,1,0,0,0,1,0,0,0
34.074087,-117.605618,1,20.35,20.35,0,2183,0,0,0,0,1,0,0,0,1,1,0,1,0,1,0,1,0,1,0,1,0,0,0,1,0,0,1
33.992416,-117.807874,59,51.7,3005.8,0,6107,1,0,0,0,0,1,0,0,0,0,0,0,0,0,0,0,1,0,1,0,1,0,0,1,0,1,0
34.042286,-117.756106,72,23.3,1623.15,0,4152,0,0,1,1,1,0,1,0,1,1,0,1,0,1,0,1,0,1,0,1,0,1,0,1,0,0,0
34.067932,-117.785168,40,65.1,2586.0,0,3885,0,0,0,0,1,0,0,0,0,0,1,0,1,0,0,0,0,0,1,0,0,0,0,0,0,0,1
34.065108,-118.082791,40,81.2,3292.3,0,5370,1,0,1,1,1,0,1,1,0,0,0,0,0,0,1,0,0,0,0,0,0,0,0,1,0,1,0
34.114772,-118.089431,63,74.5,4674.55,0,6382,1,0,1,1,1,0,0,0,0,0,1,0,1,0,1,0,1,0,1,0,0,0,1,0,1,0,0
34.089927,-118.095645,3,80.5,232.35,0,2032,0,0,0,0,1,0,0,1,0,0,0,0,0,0,0,0,0,0,1,0,0,0,0,1,0,1,0
34.101608,-118.055848,40,60.3,2448.5,0,3724,1,0,1,1,0,1,0,0,0,0,0,0,1,0,1,0,1,0,1,0,1,1,0,0,0,0,1
34.141146,-117.655583,8,75.0,658.1,0,5413,1,0,1,0,1,0,0,1,0,0,1,0,0,0,0,0,0,0,0,0,0,0,0,1,0,0,1
34.105493,-117.660934,34,90.15,3128.8,0,3202,1,1,1,0,1,0,0,1,0,0,1,0,0,0,0,0,1,0,1,0,0,1,0,0,0,0,1
34.061634,-117.893169,9,69.05,653.95,0,2907,1,0,1,0,1,0,1,0,0,0,0,0,1,0,1,0,0,0,0,0,1,0,0,1,1,0,0
34.024405,-117.898722,31,59.7,1825.5,0,2425,1,0,1,1,1,0,1,0,0,0,0,0,0,0,0,0,0,0,0,0,1,0,0,0,0,0,0
34.090925,-118.128164,50,19.85,943.1,0,4358,0,0,1,0,1,0,0,0,1,1,0,1,0,1,0,1,0,1,0,1,0,1,0,1,0,0,0
32.677097,-116.304991,9,40.75,359.4,0,2973,0,0,0,0,0,1,0,0,0,0,0,0,1,0,0,0,0,0,0,0,1,0,0,0,0,1,0
32.607964,-117.059459,25,95.7,2338.35,0,4535,1,0,1,0,1,0,0,1,0,0,0,0,0,0,0,0,1,0,1,0,1,0,0,1,1,0,0
32.64164,-116.985026,1,46.3,46.3,0,2546,1,1,0,0,1,0,0,0,0,0,0,0,0,0,0,0,0,0,0,0,0,0,0,0,0,1,0
32.688506,-116.938632,45,81.3,3541.1,0,3111,0,0,1,1,1,0,1,0,0,0,1,0,1,0,1,0,1,0,1,0,0,0,0,0,0,0,1
32.912664,-116.635387,55,20.0,1087.25,0,4277,0,0,1,1,1,0,0,0,1,1,0,1,0,1,0,1,0,1,0,1,0,0,0,0,1,0,0
32.622999,-116.687855,38,66.15,2522.4,0,4933,0,0,0,0,1,0,1,0,0,0,1,0,1,0,1,0,0,0,0,0,0,0,0,1,0,0,0
32.579134,-117.119009,38,19.6,717.3,0,3854,1,0,1,1,1,0,0,0,1,1,0,1,0,1,0,1,0,1,0,1,0,0,0,0,0,1,0
32.649787,-116.2237,34,49.8,1734.2,0,2711,1,0,0,0,1,0,0,0,0,0,0,0,1,0,0,0,0,0,0,0,0,0,0,1,0,1,0
32.695681,-116.798386,70,101.75,7069.3,0,5596,0,0,1,0,1,0,1,1,0,0,0,0,0,0,1,0,0,0,1,0,1,1,0,1,0,1,0
32.759327,-116.99726,13,55.15,742.9,0,3161,0,0,0,0,1,0,0,0,0,0,1,0,0,0,0,0,1,0,0,0,0,1,0,0,0,0,1
32.733564,-117.033713,61,103.95,6423.0,0,4148,0,0,0,0,1,0,1,1,0,0,0,0,1,0,1,0,0,0,1,0,1,1,0,1,0,1,0
32.67102,-117.095235,41,99.65,4220.35,0,2640,1,0,0,0,1,0,0,1,0,0,0,0,1,0,0,0,1,0,1,0,1,0,1,1,1,0,0
32.800671,-116.483363,21,73.7,1558.7,0,2071,1,0,0,0,1,0,1,1,0,0,0,0,0,0,0,0,0,0,0,0,0,0,0,1,0,1,0
32.619465,-116.593605,55,50.05,2743.45,0,4932,1,1,0,0,0,1,0,0,0,0,0,0,0,0,1,0,0,0,1,0,1,1,0,1,0,0,0
32.726627,-116.994608,69,60.25,4055.5,0,5717,1,0,1,0,0,1,0,0,0,0,1,0,0,0,1,0,1,0,1,0,1,0,1,0,0,0,0
32.587557,-116.636816,69,87.3,6055.55,0,4148,0,1,1,0,1,0,0,1,0,0,1,0,1,0,0,0,0,0,0,0,1,1,0,0,1,0,0
33.200369,-116.192313,47,54.25,2538.2,0,2320,1,0,1,1,1,0,1,0,0,0,0,0,1,0,0,0,0,0,0,0,0,0,0,0,0,1,0
33.015866,-117.272254,72,85.3,6129.2,0,4456,0,0,1,1,1,0,0,0,0,0,1,0,1,0,1,0,1,0,1,0,1,0,1,0,0,0,0
33.148116,-117.306043,33,50.0,1750.85,0,5600,1,1,1,0,0,1,0,0,0,0,0,0,1,0,1,0,1,0,1,0,0,0,0,1,0,1,0
32.948262,-117.256086,72,90.95,6652.45,0,5096,0,0,1,1,1,0,1,0,0,0,1,0,1,0,1,0,1,0,1,0,1,0,1,0,1,0,0
32.785165,-116.862648,37,72.25,2575.45,0,4121,1,1,1,0,1,0,0,1,0,0,0,0,0,0,0,0,0,0,0,0,0,0,0,1,0,0,0
32.79697,-116.969082,62,96.1,6019.35,0,5868,0,1,1,1,1,0,1,1,0,0,0,0,1,0,1,0,0,0,0,0,1,0,0,1,1,0,0
32.832706,-116.873258,71,19.85,1379.6,0,4121,0,0,1,0,1,0,0,0,1,1,0,1,0,1,0,1,0,1,0,1,0,0,1,0,1,0,0
33.054579,-117.25665,23,55.3,1284.2,0,4028,1,0,0,1,1,0,0,0,0,0,0,0,1,0,0,0,1,0,0,0,0,0,0,1,0,0,0
33.081478,-117.033814,16,20.1,296.15,0,5052,0,0,0,0,1,0,0,0,1,1,0,1,0,1,0,1,0,1,0,1,0,1,0,0,0,0,1
33.21846,-117.116916,9,69.5,653.25,0,3628,1,0,0,0,1,0,0,0,0,0,1,0,0,0,1,0,1,0,1,0,0,0,0,1,0,0,1
33.141265,-116.967221,17,25.15,412.6,0,3931,1,0,1,1,1,0,1,0,1,1,0,1,0,1,0,1,0,1,0,1,0,0,1,1,0,0,1
32.980678,-116.262854,24,79.65,1928.7,0,3816,0,0,1,0,1,0,1,1,0,0,0,0,0,0,1,0,0,0,0,0,0,0,0,1,0,0,1
32.853743,-117.25034,1,71.25,71.25,0,5033,0,1,0,0,1,0,0,1,0,0,0,0,0,0,0,0,0,0,0,0,0,0,0,1,0,1,0
32.909873,-116.906774,72,113.8,7845.8,0,4598,1,1,0,0,1,0,1,1,0,0,1,0,1,0,1,0,1,0,1,0,1,0,1,0,0,0,0
33.351059,-117.420557,72,24.55,1750.7,0,4169,0,0,1,0,1,0,1,0,1,1,0,1,0,1,0,1,0,1,0,1,0,0,1,0,0,1,0
33.194742,-117.29032,11,19.7,216.2,0,3838,0,0,0,1,1,0,0,0,1,1,0,1,0,1,0,1,0,1,0,1,0,0,0,0,1,0,0
33.309852,-116.823091,60,100.5,6029.0,0,6442,0,1,1,0,1,0,1,1,0,0,0,0,0,0,1,0,0,0,1,0,1,1,0,1,1,0,0
32.984395,-117.013454,49,74.45,3721.9,0,4517,0,0,0,0,1,0,0,0,0,0,0,0,0,0,1,0,1,0,1,0,1,0,1,1,0,0,0
33.044541,-116.833922,30,104.1,3121.1,0,5655,0,1,0,0,1,0,1,1,0,0,0,0,1,0,1,0,0,0,1,0,1,0,0,1,0,1,0
33.215251,-116.53633,53,19.05,990.45,0,6160,0,0,1,0,1,0,0,0,1,1,0,1,0,1,0,1,0,1,0,1,0,1,0,0,1,0,0
33.012751,-117.200617,39,25.0,1004.35,0,4295,1,0,0,1,1,0,1,0,1,1,0,1,0,1,0,1,0,1,0,1,0,0,1,0,0,0,1
33.162624,-117.170863,9,19.05,157.65,0,3248,0,0,0,0,1,0,0,0,1,1,0,1,0,1,0,1,0,1,0,1,0,0,0,0,0,0,1
33.174725,-116.743329,39,81.9,3219.75,0,3446,1,0,0,0,1,0,0,1,0,0,0,0,0,0,1,0,1,0,0,0,0,1,0,0,0,1,0
32.847336,-116.997605,8,69.7,572.85,0,5242,1,1,0,0,1,0,0,1,0,0,0,0,0,0,0,0,0,0,0,0,0,0,0,1,0,1,0
33.001813,-117.263628,51,90.15,4554.85,0,5692,0,0,1,1,1,0,1,1,0,0,0,0,0,0,1,0,0,0,0,0,1,1,0,1,0,1,0
33.119028,-117.166036,71,25.35,1847.55,0,5747,1,0,1,1,1,0,1,0,1,1,0,1,0,1,0,1,0,1,0,1,0,0,1,0,1,0,0
33.25283,-116.986079,71,24.65,1766.75,0,4788,1,1,0,0,1,0,1,0,1,1,0,1,0,1,0,1,0,1,0,1,0,0,1,1,0,0,1
33.17494,-117.242761,70,19.55,1462.05,0,5209,0,1,1,0,1,0,0,0,1,1,0,1,0,1,0,1,0,1,0,1,0,0,1,1,1,0,0
33.323705,-116.626907,38,60.0,2193.2,0,2187,1,0,1,0,0,1,0,0,0,0,1,0,1,0,0,0,1,0,1,0,1,0,1,1,0,0,0
32.99356,-117.207121,28,89.9,2433.5,0,3676,0,0,1,0,1,0,0,1,0,0,0,0,1,0,1,0,0,0,0,0,1,0,0,0,1,0,0
32.72523,-117.171346,32,19.4,641.15,0,3846,0,0,1,0,1,0,0,0,1,1,0,1,0,1,0,1,0,1,0,1,0,0,0,0,0,0,0
32.716007,-117.117462,49,49.8,2398.4,0,4306,1,1,1,0,1,0,0,0,0,0,0,0,1,0,0,0,0,0,0,0,0,0,1,0,0,0,1
32.747484,-117.166877,37,24.1,861.85,0,3753,0,0,1,1,1,0,1,0,1,1,0,1,0,1,0,1,0,1,0,1,0,0,1,1,0,0,0
32.741499,-117.127409,10,54.25,583.0,0,2253,0,0,0,0,1,0,0,0,0,0,0,0,0,0,1,0,1,0,0,0,0,0,0,0,0,1,0
32.741859,-117.090353,67,109.9,7332.4,0,5416,1,0,1,0,1,0,1,1,0,0,1,0,1,0,1,0,0,0,1,0,1,1,0,0,1,0,0
32.71346,-117.236378,7,35.5,249.55,0,5124,1,0,0,0,0,1,0,0,0,0,0,0,0,0,1,0,1,0,0,0,0,1,0,1,1,0,0
32.741852,-117.243453,51,87.55,4475.9,0,6021,0,0,0,0,1,0,0,1,0,0,0,0,0,0,0,0,0,0,1,0,1,1,0,0,1,0,0
32.787836,-117.232376,9,88.4,788.6,0,2952,0,0,0,0,1,0,0,1,0,0,0,0,0,0,0,0,0,0,1,0,1,0,0,1,0,0,1
32.76501,-117.19938,4,50.8,202.3,0,4521,1,0,0,0,1,0,0,0,0,0,0,0,0,0,0,0,1,0,0,0,0,0,0,1,0,0,1
32.805518,-117.169052,71,99.0,6994.6,0,5295,1,0,1,0,1,0,1,1,0,0,1,0,1,0,1,0,0,0,1,0,0,0,1,1,0,1,0
32.707892,-117.05512,24,96.55,2263.45,0,4309,0,1,1,1,1,0,0,1,0,0,0,0,0,0,1,0,0,0,1,0,1,0,1,1,0,1,0
32.762506,-117.07245,22,59.75,1374.35,0,3947,1,0,1,0,1,0,0,0,0,0,1,0,0,0,0,0,0,0,1,0,0,1,0,1,0,0,0
32.765299,-117.122565,44,111.5,4915.15,0,2827,1,0,0,0,1,0,1,1,0,0,1,0,1,0,1,0,0,0,1,0,1,0,0,1,0,1,0
32.825086,-117.199424,33,24.25,838.5,0,5531,0,0,1,1,1,0,1,0,1,1,0,1,0,1,0,1,0,1,0,1,0,0,0,0,0,0,0
32.85723,-117.209774,1,20.5,20.5,0,4454,0,0,0,0,1,0,0,0,1,1,0,1,0,1,0,1,0,1,0,1,0,0,0,0,0,0,1
32.808814,-117.134694,30,70.4,2044.75,0,3380,1,0,0,0,1,0,0,0,0,0,1,0,1,0,0,0,1,0,1,0,0,1,0,0,0,1,0
32.827238,-117.089287,1,30.55,30.55,0,5565,0,0,0,0,0,1,0,0,0,0,0,0,0,0,0,0,1,0,0,0,0,0,0,0,0,0,1
32.886925,-117.152162,16,84.9,1398.25,0,2269,1,0,1,1,1,0,1,0,0,0,1,0,1,0,0,0,1,0,1,0,1,0,0,0,0,1,0
32.89325,-117.087091,71,54.5,3778.2,0,4957,1,0,1,0,1,0,0,0,0,0,1,0,0,0,0,0,1,0,0,0,0,0,1,0,0,0,0
32.677716,-117.047666,43,75.35,3161.4,0,4898,1,0,0,0,1,0,1,1,0,0,0,0,0,0,0,0,0,0,0,0,0,0,0,1,1,0,0
32.578103,-117.012975,50,44.45,2188.45,0,5363,1,0,1,0,0,1,0,0,0,0,1,0,0,0,0,0,1,0,1,0,0,1,0,1,0,0,0
33.752938,-116.230055,41,98.05,3990.6,0,5614,0,0,0,0,1,0,1,1,0,0,0,0,0,0,1,0,0,0,1,0,1,0,0,0,0,0,0
33.936298,-116.849577,40,63.9,2635.0,0,2654,0,0,1,0,1,0,1,0,0,0,0,0,1,0,0,0,0,0,1,0,0,1,0,0,0,0,0
33.946982,-116.977672,3,69.15,235.0,0,2301,0,0,1,1,1,0,1,0,0,0,0,0,1,0,1,0,0,0,1,0,0,0,0,1,0,0,0
33.674583,-114.71612,37,64.65,2347.85,0,5255,0,0,0,0,1,0,1,0,0,0,1,0,0,0,0,0,0,0,1,0,0,1,0,0,0,0,0
33.929812,-116.76058,32,98.85,3089.6,0,3149,0,0,1,1,1,0,1,1,0,0,0,0,1,0,0,0,0,0,1,0,1,0,0,1,0,1,0
33.143826,-115.497485,32,89.6,2901.8,0,4444,0,0,1,1,1,0,1,1,0,0,1,0,0,0,0,0,0,0,1,0,0,0,0,0,0,1,0
33.829583,-116.474131,59,83.25,4949.1,0,4094,0,0,0,0,1,0,1,1,0,0,0,0,1,0,1,0,0,0,0,0,0,0,0,1,0,1,0
33.680031,-116.171678,30,70.25,2198.9,0,5417,0,0,1,0,1,0,0,0,0,0,0,0,1,0,1,0,1,0,0,0,1,1,0,0,0,0,0
33.948558,-116.516976,27,24.5,761.95,0,2645,0,0,1,1,1,0,1,0,1,1,0,1,0,1,0,1,0,1,0,1,0,0,1,0,0,1,0
34.137742,-114.36514,9,20.1,190.25,0,3444,1,0,0,1,1,0,0,0,1,1,0,1,0,1,0,1,0,1,0,1,0,1,0,0,0,0,1
32.770393,-115.60915,68,73.0,5163.0,0,4156,0,0,1,1,1,0,1,0,0,0,1,0,1,0,1,0,0,0,1,0,0,1,0,1,1,0,0
32.730583,-115.501083,69,61.4,4059.85,0,5266,0,0,1,1,1,0,1,0,0,0,1,0,0,0,0,0,1,0,0,0,0,0,1,0,1,0,0
32.811001,-115.152865,26,84.3,2281.6,0,5471,1,0,0,0,1,0,1,1,0,0,0,0,0,0,1,0,1,0,0,0,0,0,0,1,0,0,1
32.858595,-115.662709,69,19.9,1356.7,0,6058,1,0,1,1,1,0,0,0,1,1,0,1,0,1,0,1,0,1,0,1,0,0,1,0,0,0,0
34.167236,-116.281511,11,20.4,231.45,0,5397,1,0,0,0,1,0,0,0,1,1,0,1,0,1,0,1,0,1,0,1,0,0,1,0,0,0,1
33.695532,-116.310571,1,50.75,50.75,0,3631,1,0,0,0,1,0,1,0,0,0,0,0,0,0,0,0,0,0,0,0,0,0,0,0,0,0,1
33.543835,-115.993906,10,20.45,242.4,0,4613,1,0,1,1,1,0,0,0,1,1,0,1,0,1,0,1,0,1,0,1,0,1,0,0,0,0,1
34.097863,-116.594561,55,75.75,4264.25,0,4489,0,0,1,1,1,0,1,0,0,0,1,0,1,0,0,0,1,0,0,0,1,1,0,1,0,0,0
33.345825,-115.596574,44,65.4,2774.55,0,5827,1,0,0,0,1,0,0,0,0,0,1,0,0,0,0,0,1,0,1,0,0,1,0,0,0,1,0
32.698964,-115.886656,69,59.75,4069.9,0,4665,1,0,1,1,1,0,0,0,0,0,1,0,1,0,1,0,0,0,0,0,0,0,1,1,0,0,0
33.694501,-116.412711,11,78.5,874.2,0,4333,1,1,0,0,1,0,0,1,0,0,0,0,0,0,0,0,0,0,0,0,1,0,0,1,0,1,0
33.745746,-116.514215,29,48.95,1323.7,0,4825,1,0,0,0,1,0,0,0,0,0,0,0,0,0,1,0,0,0,0,0,0,0,0,0,0,0,0
33.3249,-114.758334,57,99.65,5497.05,0,5106,0,0,1,0,1,0,1,1,0,0,1,0,0,0,0,0,0,0,1,0,1,0,0,1,0,1,0
34.273872,-114.192901,28,18.25,534.7,0,5327,1,0,0,0,1,0,0,0,1,1,0,1,0,1,0,1,0,1,0,1,0,1,0,0,1,0,0
34.201108,-116.593456,42,54.55,2455.05,0,5387,0,0,0,0,1,0,0,0,0,0,1,0,0,0,1,0,0,0,0,0,0,0,0,0,1,0,0
32.790282,-115.689559,23,40.65,947.4,0,5230,1,0,0,1,0,1,0,0,0,0,1,0,1,0,0,0,1,0,0,0,0,1,0,0,0,0,0
33.53604,-116.119222,18,20.45,357.0,0,2047,0,0,1,1,1,0,0,0,1,1,0,1,0,1,0,1,0,1,0,1,0,0,0,0,0,0,1
33.28156,-115.955541,62,24.8,1476.25,0,5105,1,0,1,1,1,0,1,0,1,1,0,1,0,1,0,1,0,1,0,1,0,1,0,0,0,0,0
34.264124,-114.717964,67,88.8,5903.15,0,4081,1,0,0,0,1,0,1,0,0,0,1,0,1,0,1,0,1,0,1,0,1,1,0,1,0,0,0
33.03679,-115.60503,62,20.05,1201.65,0,4568,1,0,0,0,1,0,0,0,1,1,0,1,0,1,0,1,0,1,0,1,0,0,1,1,1,0,0
32.852947,-114.850784,2,69.8,146.65,0,3527,1,0,0,0,1,0,0,1,0,0,0,0,0,0,0,0,0,0,0,0,0,0,0,1,0,1,0
34.159534,-116.425984,23,77.15,1759.4,0,2572,0,0,1,1,1,0,1,0,0,0,1,0,0,0,1,0,1,0,1,0,0,0,1,1,0,0,0
34.341737,-116.539416,25,35.05,844.45,0,2754,0,0,0,1,0,1,0,0,0,0,1,0,0,0,0,0,1,0,0,0,0,0,1,0,0,0,0
34.667815,-117.536183,72,108.1,7774.05,0,4474,0,1,0,0,1,0,1,1,0,0,0,0,1,0,1,0,1,0,1,0,1,0,1,1,0,0,0
34.559882,-115.637164,2,84.05,134.05,0,2115,0,0,1,0,1,0,1,1,0,0,0,0,0,0,0,0,0,0,1,0,0,0,0,1,0,1,0
34.1678,-116.86433,8,20.2,140.95,0,5066,0,0,0,0,1,0,0,0,1,1,0,1,0,1,0,1,0,1,0,1,0,1,0,1,0,0,0
34.424926,-117.184503,35,49.2,1701.65,0,2782,1,0,0,0,0,1,0,0,0,0,0,0,0,0,1,0,0,0,1,0,1,0,0,0,0,1,0
35.28952,-116.092214,24,24.6,592.65,0,5448,1,0,0,0,1,0,1,0,1,1,0,1,0,1,0,1,0,1,0,1,0,1,0,0,0,1,0
35.349241,-116.770281,2,71.65,135.75,0,3916,0,0,1,1,1,0,0,1,0,0,0,0,0,0,0,0,0,0,0,0,0,0,0,1,0,1,0
34.965648,-117.001509,72,104.9,7732.65,0,6378,1,0,1,1,1,0,1,1,0,0,1,0,1,0,1,0,1,0,0,0,1,0,1,1,1,0,0
34.029175,-117.307211,41,106.5,4282.4,0,4434,0,0,0,0,1,0,1,1,0,0,1,0,1,0,1,0,1,0,1,0,0,0,0,1,0,1,0
34.242058,-116.89802,26,75.5,2018.1,0,5184,1,0,0,0,1,0,0,1,0,0,0,0,1,0,0,0,0,0,0,0,0,1,0,0,0,0,0
34.255203,-117.175654,4,58.5,224.85,0,5605,0,0,1,1,1,0,1,0,0,0,0,0,1,0,0,0,1,0,0,0,0,0,0,1,0,0,1
34.030915,-117.273201,48,78.9,3771.5,0,4063,1,0,0,0,1,0,0,0,0,0,0,0,1,0,1,0,1,0,1,0,1,0,1,0,1,0,0
34.875144,-116.821698,12,79.2,943.85,0,3355,0,1,1,0,1,0,0,0,0,0,1,0,0,0,1,0,1,0,1,0,1,1,0,1,0,1,0
36.27688,-117.033326,60,109.45,6572.85,0,4350,1,0,1,0,1,0,1,1,0,0,1,0,0,0,1,0,1,0,1,0,1,0,0,1,0,0,0
34.9436,-115.287901,55,59.2,3175.85,0,5162,1,0,0,0,1,0,0,0,0,0,1,0,0,0,1,0,1,0,0,0,0,0,1,1,0,1,0
34.274846,-116.937581,1,29.15,29.15,0,3923,1,0,0,0,0,1,0,0,0,0,0,0,0,0,0,0,1,0,0,0,0,0,0,0,0,0,1
34.087558,-117.464096,1,20.05,20.05,0,2313,1,0,0,0,1,0,0,0,1,1,0,1,0,1,0,1,0,1,0,1,0,0,0,0,0,0,1
34.702766,-116.093376,42,66.5,2762.75,0,4668,0,0,0,0,1,0,0,0,0,0,0,0,0,0,1,0,1,0,0,0,1,0,1,0,1,0,0
34.067699,-116.903891,1,49.55,49.55,0,5277,0,0,0,0,1,0,0,0,0,0,1,0,0,0,0,0,0,0,0,0,0,0,0,0,0,0,0
34.757783,-117.33997,3,73.6,232.5,0,5510,1,0,0,0,1,0,0,1,0,0,0,0,0,0,1,0,0,0,0,0,0,0,0,1,1,0,0
34.361387,-117.337509,72,82.65,5919.35,0,4324,0,0,1,0,1,0,1,0,0,0,1,0,1,0,1,0,0,0,1,0,1,0,1,1,1,0,0
34.129677,-117.154277,15,49.0,749.25,0,2597,1,0,0,0,1,0,1,0,0,0,0,0,0,0,0,0,0,0,0,0,0,0,0,1,0,1,0
34.2565,-117.19335,11,25.2,245.15,0,4998,0,0,0,0,1,0,1,0,1,1,0,1,0,1,0,1,0,1,0,1,0,1,0,0,0,1,0
34.049315,-117.255974,5,25.45,134.75,0,4855,0,0,0,0,1,0,1,0,1,1,0,1,0,1,0,1,0,1,0,1,0,0,0,0,0,0,1
34.238162,-117.534306,72,110.9,8240.85,0,4938,1,0,1,0,1,0,1,1,0,0,1,0,0,0,1,0,1,0,1,0,1,0,1,1,1,0,0
34.103578,-117.04054,55,77.75,4266.4,0,4621,0,0,1,0,1,0,1,1,0,0,0,0,1,0,0,0,0,0,0,0,0,0,0,1,1,0,0
34.711224,-114.702256,40,26.2,1077.5,0,2211,0,0,1,1,1,0,1,0,1,1,0,1,0,1,0,1,0,1,0,1,0,0,0,1,0,1,0
35.478736,-115.516984,57,19.9,1115.6,0,4408,0,0,1,0,1,0,0,0,1,1,0,1,0,1,0,1,0,1,0,1,0,0,1,0,0,0,0
34.459322,-117.629729,52,80.85,4079.55,0,6090,1,1,1,1,1,0,1,0,0,0,0,0,1,0,1,0,0,0,1,0,1,1,0,1,0,1,0
34.064073,-117.166158,43,56.35,2391.15,0,4928,1,0,1,0,1,0,0,0,0,0,0,0,0,0,0,0,0,0,1,0,0,1,0,1,0,0,1
34.109775,-117.378904,47,19.3,890.5,0,5829,0,0,1,1,1,0,0,0,1,1,0,1,0,1,0,1,0,1,0,1,0,0,1,0,0,0,0
34.156758,-117.404686,3,50.4,137.25,0,4639,1,0,0,0,1,0,1,0,0,0,0,0,0,0,0,0,0,0,0,0,0,0,0,0,0,0,0
35.924252,-116.188668,55,55.25,3119.9,0,5821,1,0,1,1,1,0,0,0,0,0,0,0,0,0,1,0,1,0,0,0,0,0,1,1,1,0,0
34.243088,-116.830015,29,19.1,529.5,0,5880,1,0,0,0,1,0,0,0,1,1,0,1,0,1,0,1,0,1,0,1,0,1,0,0,0,0,1
35.824572,-116.274755,12,84.05,966.55,0,4621,0,0,0,1,1,0,1,1,0,0,0,0,0,0,0,0,0,0,1,0,0,0,0,1,0,1,0
34.486835,-117.362274,66,105.2,6936.85,0,4016,0,0,1,0,1,0,1,1,0,0,0,0,1,0,1,0,0,0,1,0,1,0,0,1,0,1,0
35.013299,-116.834092,27,75.75,1929.0,0,4994,1,0,1,1,1,0,1,1,0,0,0,0,0,0,0,0,0,0,0,0,0,0,0,1,0,0,0
34.04597,-117.011825,58,95.3,5817.7,0,6460,0,0,0,0,1,0,0,1,0,0,0,0,0,0,0,0,1,0,1,0,1,0,0,1,0,1,0
34.183286,-117.221722,9,19.85,178.8,0,2788,1,0,0,0,1,0,0,0,1,1,0,1,0,1,0,1,0,1,0,1,0,0,0,0,0,0,1
34.250069,-117.393949,6,69.1,435.0,0,5741,1,0,0,0,1,0,0,1,0,0,0,0,0,0,0,0,0,0,0,0,0,0,0,1,0,1,0
34.106922,-117.297553,9,20.25,186.15,0,5546,0,0,0,0,1,0,0,0,1,1,0,1,0,1,0,1,0,1,0,1,0,0,0,0,0,0,1
34.122501,-117.320138,8,54.75,445.85,0,4099,1,0,1,0,1,0,0,0,0,0,0,0,1,0,1,0,0,0,0,0,0,0,0,1,0,0,1
33.994676,-117.372498,12,81.45,912.0,0,2916,1,0,0,0,1,0,0,1,0,0,0,0,0,0,0,0,0,0,1,0,0,0,0,1,0,1,0
33.9108,-117.398153,43,80.2,3581.6,0,5888,1,0,1,0,1,0,1,0,0,0,1,0,0,0,1,0,0,0,1,0,1,1,0,1,0,1,0
33.920907,-117.489426,42,100.3,4222.95,0,3286,1,0,0,0,1,0,1,1,0,0,0,0,0,0,0,0,1,0,1,0,1,0,0,1,0,1,0
33.976328,-117.319786,66,90.95,5930.05,0,6204,0,0,0,1,1,0,1,1,0,0,1,0,0,0,1,0,1,0,0,0,0,0,1,1,1,0,0
34.004379,-117.447864,1,20.0,20.0,0,5650,1,0,0,0,1,0,0,0,1,1,0,1,0,1,0,1,0,1,0,1,0,0,0,0,0,0,1
33.655421,-117.391751,10,79.85,797.25,0,5739,1,0,0,0,1,0,1,1,0,0,0,0,1,0,0,0,0,0,0,0,0,0,0,0,0,1,0
33.482243,-116.827173,18,73.55,1359.45,0,5313,0,1,0,0,1,0,0,1,0,0,0,0,1,0,0,0,0,0,0,0,0,0,0,1,0,1,0
33.739415,-116.968339,3,19.3,54.7,0,5722,0,0,1,1,1,0,0,0,1,1,0,1,0,1,0,1,0,1,0,1,0,0,0,0,0,0,1
33.644585,-116.871544,50,20.15,989.05,0,5249,1,0,0,0,1,0,0,0,1,1,0,1,0,1,0,1,0,1,0,1,0,1,0,0,1,0,0
33.734933,-117.044145,1,44.55,44.55,0,3408,1,0,1,1,1,0,0,0,0,0,0,0,0,0,0,0,0,0,0,0,0,0,0,0,0,1,0
33.761894,-117.120868,2,54.45,87.3,0,5753,1,0,0,0,1,0,0,0,0,0,1,0,0,0,0,0,1,0,0,0,0,0,0,1,0,0,1
33.755039,-116.741796,17,19.65,351.55,0,4774,1,0,0,0,1,0,0,0,1,1,0,1,0,1,0,1,0,1,0,1,0,1,0,1,0,0,0
33.88274,-117.224878,69,105.0,7297.75,0,5436,1,0,1,1,1,0,1,1,0,0,0,0,1,0,1,0,0,0,1,0,1,0,1,1,0,1,0
33.923149,-117.244933,72,88.7,6301.7,0,5764,1,0,1,0,1,0,1,0,0,0,1,0,1,0,1,0,1,0,1,0,1,0,1,1,1,0,0
33.970661,-117.255039,50,75.15,3822.45,0,6084,1,1,1,1,1,0,1,0,0,0,1,0,1,0,1,0,0,0,0,0,1,0,1,1,0,0,0
33.638645,-116.55783,53,20.25,1048.45,0,4218,0,0,0,0,1,0,0,0,1,1,0,1,0,1,0,1,0,1,0,1,0,0,1,0,0,0,1
33.548869,-117.334165,58,109.1,6393.65,0,4935,0,0,1,0,1,0,1,1,0,0,1,0,1,0,0,0,1,0,1,0,1,0,1,1,1,0,0
33.581045,-117.14719,46,30.75,1489.3,0,5646,1,0,0,0,0,1,0,0,0,0,1,0,0,0,0,0,0,0,0,0,0,1,0,1,0,0,0
33.82769,-117.102244,72,112.9,8061.5,0,5569,1,1,1,0,1,0,1,1,0,0,1,0,1,0,1,0,1,0,1,0,1,0,0,1,1,0,0
33.828289,-117.201666,6,94.05,518.75,0,3083,0,0,1,1,1,0,1,1,0,0,0,0,1,0,1,0,0,0,1,0,0,0,0,1,0,0,1
33.806708,-117.02007,72,78.85,5763.15,0,5091,1,0,1,0,1,0,1,0,0,0,1,0,1,0,1,0,1,0,0,0,1,0,1,0,0,0,0
33.796568,-116.924723,4,55.3,238.5,0,3684,1,0,0,0,1,0,0,0,0,0,0,0,0,0,0,0,0,0,0,0,1,0,0,1,0,0,1
33.653338,-117.178271,52,19.35,1031.7,0,5699,0,0,1,1,1,0,0,0,1,1,0,1,0,1,0,1,0,1,0,1,0,0,1,0,0,0,1
33.739412,-117.173334,0,25.35,1397.475,0,2299,1,0,1,1,1,0,1,0,1,1,0,1,0,1,0,1,0,1,0,1,0,0,1,0,0,0,1
33.707483,-117.200006,2,20.45,34.8,0,4196,0,0,0,0,1,0,0,0,1,1,0,1,0,1,0,1,0,1,0,1,0,1,0,0,0,0,1
33.69887,-117.25071,65,19.35,1319.95,0,5076,0,0,1,0,1,0,0,0,1,1,0,1,0,1,0,1,0,1,0,1,0,0,1,0,0,0,0
33.617108,-117.253349,51,78.65,3950.85,0,5408,0,0,1,0,1,0,1,0,0,0,0,0,1,0,0,0,1,0,1,0,1,1,0,1,1,0,0
33.657433,-117.04254,12,74.75,827.05,0,3521,1,0,0,0,1,0,1,0,0,0,0,0,0,0,1,0,0,0,1,0,1,0,0,0,0,0,0
33.688546,-117.788091,24,19.9,533.5,0,4158,0,0,1,1,1,0,0,0,1,1,0,1,0,1,0,1,0,1,0,1,0,1,0,0,0,0,1
33.703976,-117.824172,64,58.35,3756.45,0,5331,0,0,1,0,1,0,1,0,0,0,0,0,0,0,1,0,1,0,0,0,0,1,0,0,0,0,0
33.643095,-117.810896,26,100.5,2599.95,0,2921,0,0,0,0,1,0,1,1,0,0,0,0,0,0,1,0,0,0,1,0,1,0,0,1,0,0,0
33.680302,-117.833296,15,20.05,284.3,0,3591,0,0,1,1,1,0,0,0,1,1,0,1,0,1,0,1,0,1,0,1,0,0,0,0,0,0,1
33.667145,-117.732135,64,25.65,1740.8,0,6469,1,1,1,0,1,0,1,0,1,1,0,1,0,1,0,1,0,1,0,1,0,0,1,0,1,0,0
33.458754,-117.665104,27,95.0,2462.55,0,4235,0,0,1,0,1,0,1,1,0,0,0,0,0,0,0,0,0,0,1,0,1,0,0,0,1,0,0
33.477923,-117.705314,8,45.45,411.75,0,4651,0,0,1,1,1,0,0,0,0,0,0,0,0,0,0,0,0,0,0,0,0,0,0,1,0,1,0
33.644849,-117.684254,10,20.0,198.6,0,4802,1,0,0,0,1,0,0,0,1,1,0,1,0,1,0,1,0,1,0,1,0,0,0,1,1,0,0
33.666301,-117.969501,2,49.2,103.7,0,2342,0,0,0,0,1,0,0,0,0,0,0,0,1,0,0,0,0,0,0,0,0,0,0,0,0,0,1
33.679659,-118.016195,51,83.25,4089.45,0,5340,1,0,1,0,1,0,0,0,0,0,1,0,1,0,1,0,1,0,1,0,1,0,1,1,1,0,0
33.721917,-118.043237,46,19.25,864.2,0,5596,0,0,1,1,1,0,0,0,1,1,0,1,0,1,0,1,0,1,0,1,0,0,1,1,0,0,1
33.570023,-117.773669,1,19.65,19.65,0,3075,1,0,0,0,1,0,0,0,1,1,0,1,0,1,0,1,0,1,0,1,0,0,0,1,0,0,0
33.606899,-117.717854,46,72.8,3249.4,0,2642,1,0,0,0,1,0,1,1,0,0,0,0,0,0,0,0,0,0,0,0,0,0,0,0,0,0,0
33.744439,-117.98588,50,109.65,5405.8,0,4676,0,0,1,0,1,0,1,1,0,0,1,0,1,0,0,0,1,0,1,0,1,0,0,1,0,0,0
33.571259,-117.731917,53,65.0,3363.8,0,5534,1,0,1,1,1,0,0,0,0,0,0,0,1,0,0,0,1,0,1,0,0,0,0,0,1,0,0
33.603282,-117.821841,61,114.1,7132.15,0,5239,1,0,1,0,1,0,1,1,0,0,0,0,1,0,1,0,1,0,1,0,1,0,0,1,0,1,0
33.634626,-117.874882,5,20.65,93.55,0,5597,1,0,0,0,1,0,0,0,1,1,0,1,0,1,0,1,0,1,0,1,0,0,0,0,0,0,0
33.601309,-117.902304,47,86.95,4138.9,0,5631,1,0,0,0,1,0,0,0,0,0,1,0,1,0,1,0,1,0,1,0,1,1,0,1,0,0,0
33.606336,-117.893042,54,94.75,5121.75,0,5665,0,0,0,0,1,0,1,1,0,0,0,0,1,0,1,0,0,0,1,0,0,1,0,1,0,0,0
33.62251,-117.927024,19,25.35,566.1,0,3072,1,0,0,1,0,1,0,0,0,0,0,0,0,0,0,0,0,0,0,0,0,0,0,1,1,0,0
33.429488,-117.609432,26,105.45,2715.3,0,5980,0,0,0,1,1,0,0,1,0,0,0,0,1,0,1,0,1,0,1,0,1,0,1,1,0,1,0
33.4725,-117.584273,70,25.4,1782.05,0,4954,1,0,1,1,1,0,1,0,1,1,0,1,0,1,0,1,0,1,0,1,0,0,1,0,0,0,1
33.521447,-117.602555,17,102.55,1742.5,0,3803,1,0,1,0,1,0,1,1,0,0,0,0,1,0,1,0,0,0,1,0,1,0,0,1,0,1,0
33.529047,-117.701175,1,24.0,24.0,0,2559,0,0,0,1,1,0,1,0,1,1,0,1,0,1,0,1,0,1,0,1,0,0,0,0,0,0,1
33.631119,-117.567346,19,25.6,485.9,0,5038,0,0,1,1,1,0,1,0,1,1,0,1,0,1,0,1,0,1,0,1,0,0,1,0,0,0,1
33.752591,-117.993661,26,73.5,1905.7,0,3596,0,0,1,0,1,0,0,0,0,0,0,0,1,0,1,0,0,0,1,0,1,0,1,1,1,0,0
33.611945,-117.665867,50,98.25,4858.7,0,5154,1,0,1,0,1,0,1,1,0,0,0,0,1,0,0,0,0,0,1,0,1,1,0,1,0,1,0
33.60693,-117.644253,68,54.4,3723.65,0,4897,0,0,1,0,0,1,0,0,0,0,1,0,0,0,1,0,0,0,1,0,1,1,0,1,0,1,0
33.748478,-117.858918,9,103.1,970.45,0,4171,1,0,1,1,1,0,0,1,0,0,0,0,0,0,1,0,1,0,1,0,1,0,0,0,0,1,0
33.748635,-117.906125,51,34.2,1782.0,0,6404,0,0,1,1,0,1,0,0,0,0,1,0,0,0,0,0,1,0,0,0,0,0,1,0,0,0,0
33.719869,-117.907063,9,43.75,405.7,0,5644,0,0,0,0,1,0,0,0,0,0,0,0,0,0,0,0,0,0,0,0,0,0,0,1,0,1,0
33.765893,-117.881533,22,100.65,2415.95,0,4094,1,0,0,0,1,0,1,1,0,0,0,0,1,0,0,0,0,0,1,0,1,0,0,1,0,1,0
33.712036,-117.950113,71,116.05,8297.5,0,6481,1,0,1,1,1,0,1,1,0,0,1,0,1,0,1,0,1,0,1,0,1,0,1,1,0,0,0
33.738543,-117.785046,26,82.0,2083.1,0,3973,1,0,1,1,1,0,1,0,0,0,0,0,0,0,1,0,1,0,1,0,1,1,0,1,1,0,0
33.844983,-117.952151,71,65.15,4681.75,0,4384,1,0,1,0,1,0,1,0,0,0,1,0,1,0,0,0,1,0,0,0,0,0,1,0,0,0,0
33.807864,-117.923782,4,44.8,176.2,0,5565,1,0,0,0,1,0,0,0,0,0,0,0,0,0,0,0,0,0,0,0,0,0,0,1,1,0,0
33.818,-117.974404,12,79.8,1001.2,0,5906,0,0,0,0,1,0,1,1,0,0,1,0,0,0,0,0,0,0,0,0,0,0,0,1,0,1,0
33.830209,-117.906099,18,88.85,1594.75,0,3127,0,0,1,0,1,0,1,1,0,0,0,0,0,0,0,0,1,0,1,0,0,0,0,1,0,1,0
33.83796,-117.870494,3,74.95,212.4,0,3641,0,0,0,0,1,0,1,1,0,0,0,0,0,0,0,0,0,0,0,0,0,0,0,1,0,1,0
33.848733,-117.788357,72,106.85,7677.4,0,4768,0,1,1,0,1,0,1,1,0,0,1,0,1,0,0,0,0,0,1,0,1,1,0,1,0,0,0
33.924143,-117.79387,13,19.3,259.65,0,2823,1,0,0,0,1,0,0,0,1,1,0,1,0,1,0,1,0,1,0,1,0,1,0,0,1,0,0
33.868316,-117.929029,42,56.1,2386.85,0,5904,1,0,1,0,1,0,1,0,0,0,1,0,0,0,0,0,0,0,0,0,0,1,0,0,1,0,0
33.877639,-117.961212,17,19.7,340.35,0,4222,0,0,0,0,1,0,0,0,1,1,0,1,0,1,0,1,0,1,0,1,0,0,0,0,1,0,0
33.902211,-117.914922,7,51.3,419.35,0,3660,0,1,0,0,1,0,0,0,0,0,0,0,1,0,0,0,0,0,0,0,0,0,0,1,0,0,1
33.787165,-117.931889,68,118.6,7990.05,0,4175,0,0,1,0,1,0,1,1,0,0,1,0,1,0,1,0,1,0,1,0,1,0,1,0,0,0,1
33.786738,-117.982564,56,24.15,1402.25,0,5137,1,0,1,1,1,0,1,0,1,1,0,1,0,1,0,1,0,1,0,1,0,0,1,0,0,0,0
33.764018,-117.931507,38,20.3,749.35,0,4686,0,0,1,1,1,0,0,0,1,1,0,1,0,1,0,1,0,1,0,1,0,1,0,0,0,0,1
33.766476,-117.969795,72,115.5,8425.15,0,4017,0,0,1,1,1,0,1,1,0,0,1,0,1,0,1,0,1,0,1,0,1,0,1,1,0,1,0
33.782955,-118.026456,48,25.05,1171.5,0,3642,0,0,0,0,1,0,1,0,1,1,0,1,0,1,0,1,0,1,0,1,0,1,0,0,1,0,0
33.925833,-117.559639,52,109.1,5647.95,0,4428,0,1,1,0,1,0,1,1,0,0,1,0,1,0,1,0,0,0,1,0,1,0,0,1,0,1,0
33.817473,-117.810462,35,19.65,708.8,0,3739,0,0,1,1,1,0,0,0,1,1,0,1,0,1,0,1,0,1,0,1,0,1,0,0,0,0,1
33.828779,-117.848299,67,111.3,7567.2,0,4469,1,0,1,0,1,0,1,1,0,0,0,0,1,0,1,0,1,0,1,0,1,0,1,1,0,0,0
33.784597,-117.844535,1,29.9,29.9,0,4155,0,0,0,0,0,1,0,0,0,0,1,0,0,0,0,0,0,0,0,0,0,0,0,0,0,0,1
33.81859,-117.821288,53,80.6,4348.1,0,6113,1,0,0,0,1,0,0,1,0,0,0,0,1,0,0,0,1,0,0,0,0,0,0,1,0,0,1
33.787796,-117.875928,34,20.8,635.9,0,4985,1,0,1,1,1,0,0,0,1,1,0,1,0,1,0,1,0,1,0,1,0,0,0,0,0,0,1
33.893823,-117.531446,19,89.95,1682.4,0,3402,1,0,0,0,1,0,0,1,0,0,0,0,0,0,1,0,1,0,1,0,0,0,0,0,0,0,1
33.918043,-117.617809,60,116.05,6925.9,0,4734,0,1,1,0,1,0,1,1,0,0,1,0,1,0,1,0,1,0,1,0,1,0,1,1,0,0,0
33.833686,-117.513063,11,19.55,223.15,0,5433,1,0,0,0,1,0,0,0,1,1,0,1,0,1,0,1,0,1,0,1,0,0,1,0,1,0,0
33.897253,-117.792202,60,115.25,6758.45,0,5328,0,0,1,1,1,0,1,1,0,0,1,0,1,0,1,0,1,0,1,0,1,0,1,0,1,0,0
33.884073,-117.732197,72,24.8,1874.3,0,6251,1,0,1,0,1,0,1,0,1,1,0,1,0,1,0,1,0,1,0,1,0,0,1,0,1,0,0
34.360261,-119.306383,39,19.9,791.15,0,4041,1,0,0,0,1,0,0,0,1,1,0,1,0,1,0,1,0,1,0,1,0,1,0,0,0,0,1
34.279221,-119.221437,59,81.25,4639.45,0,4709,0,0,1,0,1,0,0,1,0,0,1,0,0,0,1,0,0,0,0,0,0,1,0,1,1,0,0
34.278697,-119.167798,2,69.95,143.9,0,5010,1,0,1,1,1,0,0,1,0,0,0,0,0,0,0,0,0,0,0,0,0,0,0,0,0,0,1
34.408161,-118.865111,71,86.4,6172.0,0,4069,1,0,0,0,1,0,1,1,0,0,0,0,0,0,1,0,1,0,0,0,0,0,1,1,1,0,0
34.312945,-118.858169,24,66.3,1559.45,0,2235,0,0,1,0,1,0,1,0,0,0,1,0,1,0,1,0,0,0,0,0,0,0,0,0,0,0,1
34.404544,-119.302118,67,94.65,6079.0,0,4228,1,1,1,0,1,0,1,1,0,0,0,0,0,0,0,0,0,0,1,0,1,0,0,1,1,0,0
34.156629,-119.117218,37,72.1,2658.4,0,2703,0,0,1,0,1,0,1,0,0,0,0,0,1,0,0,0,1,0,0,0,1,1,0,0,0,0,1
34.18454,-119.224666,11,34.7,383.55,0,4310,1,0,0,0,0,1,0,0,0,0,0,0,1,0,1,0,0,0,0,0,0,0,0,0,0,0,1
34.110124,-119.100972,18,95.95,1745.5,0,5009,0,0,1,0,1,0,0,1,0,0,0,0,0,0,1,0,0,0,1,0,1,0,0,1,1,0,0
34.402343,-119.094824,50,44.8,2230.85,0,6115,1,0,1,1,1,0,0,0,0,0,0,0,0,0,0,0,0,0,0,0,0,1,0,1,0,0,0
34.296813,-118.685703,67,109.4,7281.6,0,4103,0,0,1,1,1,0,1,1,0,0,1,0,0,0,1,0,1,0,1,0,1,1,0,1,0,1,0
34.269449,-118.768471,25,71.05,1837.7,0,5620,0,0,1,0,1,0,0,0,0,0,1,0,1,0,0,0,1,0,0,0,1,0,0,1,0,0,1
34.420998,-119.60137,9,19.7,180.7,0,4194,1,0,0,0,1,0,0,0,1,1,0,1,0,1,0,1,0,1,0,1,0,0,0,0,1,0,0
34.419203,-119.710008,10,40.25,411.45,0,2876,0,0,0,1,0,1,0,0,0,0,1,0,1,0,0,0,1,0,0,0,0,1,0,0,0,0,1
34.438581,-119.685368,70,19.85,1328.35,0,4311,0,0,1,0,1,0,0,0,1,1,0,1,0,1,0,1,0,1,0,1,0,0,1,0,1,0,0
34.037342,-119.80079,9,68.25,576.95,0,4366,1,0,0,0,1,0,0,0,0,0,1,0,0,0,1,0,1,0,0,0,1,0,0,1,0,0,0
34.457541,-119.631072,4,20.15,68.45,0,5221,0,0,0,0,1,0,0,0,1,1,0,1,0,1,0,1,0,1,0,1,0,0,0,1,1,0,0
34.406256,-119.726936,2,50.95,123.05,0,5968,0,0,0,0,1,0,0,0,0,0,1,0,0,0,0,0,0,0,0,0,0,0,0,0,0,0,1
34.460197,-119.802602,19,25.15,468.35,0,3784,1,0,0,0,0,1,0,0,0,0,0,0,0,0,0,0,0,0,0,0,0,0,0,1,0,0,0
34.489983,-120.091246,7,20.25,174.7,0,3149,1,0,1,1,1,0,0,0,1,1,0,1,0,1,0,1,0,1,0,1,0,0,0,1,0,0,0
36.315979,-119.710852,1,44.0,44.0,0,4320,1,1,0,0,1,0,0,0,0,0,0,0,0,0,0,0,0,0,0,0,0,0,0,0,0,1,0
35.116307,-118.817644,9,20.25,172.35,0,4272,0,0,1,1,1,0,0,0,1,1,0,1,0,1,0,1,0,1,0,1,0,1,0,0,0,0,1
35.451402,-119.488413,5,55.8,300.4,0,5104,0,0,0,0,1,0,0,0,0,0,1,0,0,0,1,0,0,0,0,0,0,0,0,0,1,0,0
35.865795,-118.69759,56,88.9,4968.0,0,4170,0,0,1,1,1,0,0,1,0,0,0,0,0,0,0,0,0,0,1,0,1,1,0,0,0,0,0
36.057458,-118.591951,18,57.65,992.7,0,3425,0,0,0,1,1,0,1,0,0,0,1,0,0,0,0,0,0,0,0,0,0,0,0,0,0,0,1
36.04533,-119.532424,70,79.15,5536.5,0,4408,1,0,1,0,1,0,1,0,0,0,1,0,1,0,1,0,1,0,1,0,0,0,1,0,0,0,1
35.772244,-119.209689,72,108.05,7806.6,0,5430,0,0,0,0,1,0,1,1,0,0,0,0,1,0,1,0,1,0,1,0,1,0,1,1,1,0,0
35.858054,-119.305858,17,94.8,1563.9,0,4831,1,1,1,0,1,0,1,1,0,0,0,0,0,0,0,0,0,0,1,0,1,0,0,1,0,1,0
36.301689,-119.018233,29,45.9,1332.4,0,5074,1,0,1,0,0,1,0,0,0,0,0,0,0,0,0,0,0,0,1,0,1,0,0,1,0,1,0
36.29878,-119.201028,63,102.6,6296.75,0,4004,1,0,1,0,1,0,1,1,0,0,0,0,0,0,1,0,0,0,1,0,1,0,1,0,0,1,0
34.827662,-118.999073,59,61.35,3645.5,0,6250,1,0,0,0,1,0,0,0,0,0,0,0,0,0,1,0,0,0,0,0,1,1,0,1,0,0,0
35.735694,-118.738483,3,57.55,161.45,0,4099,0,0,0,0,1,0,0,0,0,0,0,0,0,0,1,0,0,0,1,0,0,0,0,0,0,1,0
36.29223,-119.622676,8,29.25,226.95,0,2038,0,0,0,0,0,1,0,0,0,0,0,0,1,0,0,0,0,0,0,0,0,0,0,1,0,0,1
36.385818,-119.224243,68,19.6,1441.65,0,6161,0,0,0,0,1,0,0,0,1,1,0,1,0,1,0,1,0,1,0,1,0,0,1,0,1,0,0
35.852892,-118.397782,68,111.75,7511.3,0,4967,0,0,1,1,1,0,1,1,0,0,1,0,0,0,1,0,1,0,1,0,1,0,1,0,1,0,0
35.996923,-120.000951,52,106.5,5621.85,0,4499,0,1,1,0,1,0,1,1,0,0,0,0,1,0,1,0,0,0,1,0,1,1,0,1,0,1,0
35.607875,-118.466318,72,107.7,7919.8,0,4351,1,0,1,1,1,0,1,1,0,0,1,0,1,0,0,0,1,0,1,0,1,0,1,1,1,0,0
35.245035,-118.905553,32,19.3,593.2,0,5817,0,0,1,0,1,0,0,0,1,1,0,1,0,1,0,1,0,1,0,1,0,1,0,0,0,0,1
36.444232,-119.718285,72,20.05,1423.65,0,4747,0,0,1,0,1,0,0,0,1,1,0,1,0,1,0,1,0,1,0,1,0,0,1,0,0,0,0
34.845861,-118.885163,1,69.95,69.95,0,5133,1,0,1,1,1,0,0,1,0,0,0,0,0,0,0,0,0,0,0,0,0,0,0,1,1,0,0
36.462671,-118.997291,42,63.7,2763.35,0,3764,1,0,1,1,1,0,0,0,0,0,1,0,0,0,0,0,1,0,0,0,1,1,0,0,1,0,0
36.205465,-119.085807,45,50.9,2298.55,0,5274,1,0,0,0,1,0,0,0,0,0,1,0,0,0,0,0,0,0,0,0,0,0,0,1,0,0,0
35.637715,-119.893068,43,60.4,2640.55,0,2725,0,0,1,1,0,1,0,0,0,0,1,0,0,0,1,0,1,0,1,0,1,1,0,1,1,0,0
35.666886,-119.186717,37,79.25,2911.8,0,2322,1,0,1,0,1,0,1,0,0,0,1,0,0,0,1,0,0,0,1,0,1,1,0,0,0,0,1
34.956577,-119.750142,63,110.1,6705.7,0,6216,1,0,1,0,1,0,0,1,0,0,1,0,1,0,1,0,1,0,1,0,1,0,1,1,1,0,0
35.676978,-118.101378,3,90.7,237.65,0,3953,1,0,0,0,1,0,0,1,0,0,0,0,0,0,0,0,0,0,1,0,1,0,0,0,0,0,1
35.957019,-119.330928,66,25.3,1672.35,0,5617,1,0,1,1,1,0,1,0,1,1,0,1,0,1,0,1,0,1,0,1,0,0,1,1,1,0,0
35.861928,-118.636698,8,85.2,695.75,0,2565,0,1,0,0,1,0,1,1,0,0,0,0,0,0,0,0,0,0,0,0,1,0,0,0,0,1,0
35.809921,-119.127437,71,24.35,1654.6,0,4155,1,0,0,1,1,0,1,0,1,1,0,1,0,1,0,1,0,1,0,1,0,0,1,0,0,0,1
35.490705,-119.286833,72,25.1,1857.85,0,5611,0,0,1,1,1,0,1,0,1,1,0,1,0,1,0,1,0,1,0,1,0,0,1,0,0,0,0
36.245926,-118.693138,16,54.55,825.1,0,3324,1,1,1,0,1,0,0,0,0,0,1,0,1,0,0,0,0,0,0,0,0,0,0,1,0,0,0
36.175255,-119.813805,66,96.6,6424.25,0,4454,1,0,1,0,1,0,1,1,0,0,1,0,1,0,1,0,1,0,0,0,0,0,1,0,0,0,1
35.184837,-119.402525,51,81.15,4126.2,0,4549,1,0,0,0,1,0,1,0,0,0,1,0,1,0,1,0,1,0,1,0,0,1,0,1,1,0,0
35.939068,-119.043666,8,38.5,330.8,0,4194,0,0,0,1,0,1,0,0,0,0,1,0,0,0,0,0,0,0,0,0,1,0,0,1,0,1,0
36.413433,-118.854708,14,92.9,1337.45,0,4296,1,0,0,0,1,0,0,1,0,0,0,0,0,0,0,0,0,0,1,0,1,0,0,1,0,1,0
36.185471,-119.375243,70,84.7,5991.05,0,4180,0,0,0,0,1,0,1,0,0,0,1,0,1,0,1,0,0,0,1,0,1,0,1,0,0,0,1
35.316263,-119.402559,70,66.0,4891.5,0,5265,0,0,0,1,1,0,1,0,0,0,1,0,1,0,0,0,1,0,0,0,0,0,1,0,0,1,0
35.55647,-118.244914,24,20.75,487.05,0,4117,1,0,0,0,1,0,0,0,1,1,0,1,0,1,0,1,0,1,0,1,0,0,1,0,0,0,1
35.690535,-118.552784,69,61.45,4131.2,0,4162,0,0,1,0,1,0,0,0,0,0,0,0,1,0,0,0,0,0,0,0,1,0,1,1,1,0,0
36.464635,-119.094348,42,54.5,2301.15,0,3449,1,0,1,1,1,0,0,0,0,0,1,0,1,0,0,0,0,0,0,0,0,0,0,0,0,0,1
36.391777,-119.372842,39,99.75,4036.0,0,3860,0,1,0,0,1,0,1,1,0,0,0,0,0,0,1,0,0,0,1,0,1,0,0,1,0,1,0
36.37559,-119.211689,45,109.75,4900.65,0,4221,1,0,1,1,1,0,1,1,0,0,0,0,1,0,1,0,1,0,1,0,1,0,1,1,0,0,0
35.383937,-119.020428,72,80.85,5727.45,0,6067,1,0,1,1,1,0,1,0,0,0,1,0,1,0,1,0,1,0,1,0,0,0,1,1,0,0,0
35.339796,-119.023552,38,20.3,743.05,0,5919,0,0,0,0,1,0,0,0,1,1,0,1,0,1,0,1,0,1,0,1,0,0,1,0,0,0,1
35.391733,-118.984109,72,67.8,4804.65,0,5242,1,0,1,0,1,0,1,0,0,0,1,0,1,0,1,0,1,0,0,0,0,0,1,1,0,0,0
35.280113,-118.962329,72,19.8,1414.65,0,5027,1,0,1,1,1,0,0,0,1,1,0,1,0,1,0,1,0,1,0,1,0,0,1,1,1,0,0
35.559617,-118.925185,55,25.7,1443.65,0,6228,1,0,1,0,1,0,1,0,1,1,0,1,0,1,0,1,0,1,0,1,0,0,1,0,0,0,0
35.342891,-119.064803,51,56.15,2898.95,0,4132,0,0,1,1,0,1,0,0,0,0,0,0,0,0,1,0,1,0,1,0,1,1,0,1,0,1,0
35.16207,-119.194488,63,86.7,5309.5,0,5841,1,0,0,0,1,0,0,0,0,0,1,0,1,0,1,0,1,0,1,0,1,0,1,1,0,0,0
35.392599,-119.245341,1,20.4,20.4,0,2152,0,0,0,0,1,0,0,0,1,1,0,1,0,1,0,1,0,1,0,1,0,0,0,0,0,0,1
35.140938,-119.051348,23,19.65,451.55,0,4896,0,0,1,1,1,0,0,0,1,1,0,1,0,1,0,1,0,1,0,1,0,0,1,1,0,0,1
35.279984,-120.824288,2,54.35,117.05,0,4916,0,0,0,0,1,0,1,0,0,0,0,0,0,0,0,0,1,0,0,0,0,0,0,1,0,0,1
35.236549,-120.727344,52,108.1,5839.3,0,4251,0,1,0,0,1,0,1,1,0,0,1,0,1,0,1,0,0,0,1,0,1,0,0,0,1,0,0
35.176236,-120.483243,36,54.45,1893.5,0,4462,0,0,0,0,1,0,1,0,0,0,1,0,0,0,0,0,0,0,0,0,0,1,0,0,0,0,1
35.453912,-120.69461,1,45.35,45.35,0,3980,0,0,0,0,1,0,0,0,0,0,0,0,0,0,0,0,0,0,0,0,0,0,0,0,0,0,1
35.186644,-120.728305,28,59.0,1654.45,0,4891,0,0,0,0,1,0,1,0,0,0,1,0,0,0,1,0,0,0,0,0,0,1,0,0,0,0,1
35.842889,-121.004862,7,69.45,477.05,0,3334,0,0,1,1,1,0,0,0,0,0,1,0,1,0,1,0,0,0,1,0,0,1,0,0,0,1,0
35.591387,-121.032256,72,64.95,4546.0,0,4049,1,1,1,0,0,1,0,0,0,0,1,0,1,0,1,0,1,0,1,0,1,0,1,1,1,0,0
35.511833,-120.918713,10,18.85,163.2,0,5949,0,0,0,0,1,0,0,0,1,1,0,1,0,1,0,1,0,1,0,1,0,0,0,0,0,0,1
35.480896,-120.469476,42,19.8,849.9,0,3575,1,0,0,0,1,0,0,0,1,1,0,1,0,1,0,1,0,1,0,1,0,1,0,0,0,0,0
35.120833,-120.61843,7,25.05,189.95,0,4404,0,0,0,0,0,1,0,0,0,0,0,0,0,0,0,0,0,0,0,0,0,0,0,0,0,0,0
34.601055,-120.382917,72,114.3,8058.55,0,5879,1,0,1,1,1,0,1,1,0,0,1,0,1,0,1,0,1,0,1,0,1,0,1,1,1,0,0
34.758699,-120.275839,63,109.2,7049.75,0,4273,1,0,0,0,1,0,0,1,0,0,1,0,1,0,1,0,1,0,1,0,1,0,1,0,1,0,0
34.70434,-120.02609,56,45.05,2560.1,0,5795,0,0,0,0,0,1,0,0,0,0,1,0,1,0,1,0,1,0,0,0,0,0,1,0,0,0,0
35.369553,-120.763864,5,51.0,286.8,0,2789,0,0,0,1,1,0,0,0,0,0,0,0,0,0,0,0,1,0,0,0,0,0,0,1,0,0,1
35.050345,-120.489599,72,110.45,7982.5,0,6030,0,0,1,0,1,0,1,1,0,0,0,0,1,0,1,0,1,0,1,0,1,0,1,1,0,0,0
35.059695,-120.604741,68,84.65,5683.6,0,6404,1,1,1,1,1,0,1,1,0,0,0,0,1,0,1,0,0,0,0,0,0,0,0,1,0,1,0
35.634222,-120.728341,67,60.05,3994.05,0,6148,1,0,1,1,1,0,0,0,0,0,1,0,1,0,0,0,1,0,0,0,0,1,0,0,0,0,1
35.165668,-120.655842,8,44.65,369.15,0,5724,1,0,1,1,1,0,0,0,0,0,0,0,0,0,0,0,0,0,0,0,0,0,0,0,0,0,0
35.996008,-120.85305,52,93.25,4631.7,0,4740,1,0,1,1,1,0,1,1,0,0,0,0,1,0,0,0,1,0,0,0,1,0,0,1,0,0,0
35.886767,-120.608661,18,20.25,401.95,0,2429,0,0,1,1,1,0,0,0,1,1,0,1,0,1,0,1,0,1,0,1,0,0,0,1,0,0,1
35.746484,-121.223355,59,25.45,1534.05,0,4746,0,0,1,1,1,0,1,0,1,1,0,1,0,1,0,1,0,1,0,1,0,0,1,0,0,0,1
35.303926,-120.256567,60,20.6,1093.0,0,4192,0,0,0,0,1,0,0,0,1,1,0,1,0,1,0,1,0,1,0,1,0,0,1,0,0,0,1
34.943523,-120.256729,7,94.1,701.3,0,5259,1,0,0,0,1,0,1,1,0,0,0,0,0,0,0,0,0,0,1,0,1,0,0,1,0,1,0
34.818227,-120.418784,59,34.8,1980.3,0,6300,1,0,1,1,0,1,0,0,0,0,1,0,0,0,1,0,0,0,0,0,0,1,0,0,0,0,1
34.95934,-120.490081,46,60.75,2893.4,0,2694,1,0,0,0,0,1,0,0,0,0,1,0,0,0,1,0,1,0,1,0,1,0,1,1,0,0,0
34.630356,-120.032564,5,51.35,262.3,0,2893,1,0,0,0,1,0,0,0,0,0,0,0,1,0,0,0,0,0,0,0,0,0,0,1,0,1,0
35.634488,-120.293534,59,64.05,3886.85,0,6306,1,1,1,0,0,1,0,0,0,0,1,0,0,0,1,0,1,0,1,0,1,0,1,1,1,0,0
34.624399,-120.137875,70,84.8,5917.55,0,4032,0,0,1,0,1,0,1,0,0,0,0,0,1,0,1,0,1,0,1,0,1,0,1,1,0,0,0
35.097323,-118.171288,44,50.15,2139.1,0,5790,0,0,0,0,1,0,1,0,0,0,0,0,0,0,0,0,0,0,0,0,0,0,0,1,0,0,1
35.151491,-117.927597,64,94.6,5948.7,0,5038,0,0,1,0,1,0,1,1,0,0,1,0,0,0,1,0,0,0,1,0,0,0,1,1,1,0,0
34.501452,-118.207862,58,59.75,3624.35,0,4678,0,0,1,1,0,1,0,0,0,0,1,0,0,0,1,0,1,0,1,0,1,0,1,0,0,0,1
37.653947,-118.231443,46,100.25,4753.85,0,5453,0,1,1,0,1,0,1,1,0,0,0,0,0,0,0,0,1,0,1,0,1,1,0,0,0,1,0
37.245505,-118.062943,58,98.9,5780.7,0,4993,1,1,1,0,1,0,1,1,0,0,0,0,1,0,0,0,0,0,1,0,1,0,0,1,0,1,0
37.04584,-118.397236,72,97.7,6869.7,0,5406,0,0,1,0,1,0,1,1,0,0,0,0,1,0,0,0,0,0,1,0,1,0,1,1,1,0,0
38.184583,-119.286558,11,60.25,662.95,0,5296,1,1,0,0,1,0,1,0,0,0,1,0,1,0,0,0,0,0,0,0,0,0,0,0,0,0,0
35.358953,-118.527064,34,56.25,1765.95,0,5597,0,1,0,0,0,1,0,0,0,0,0,0,1,0,1,0,0,0,1,0,1,0,0,1,0,1,0
36.319181,-117.593053,54,46.2,2431.95,0,6143,1,0,0,0,0,1,0,0,0,0,1,0,1,0,0,0,0,0,0,0,1,0,1,0,0,0,0
36.869584,-118.189241,72,24.9,1859.2,0,5192,0,0,1,1,1,0,1,0,1,1,0,1,0,1,0,1,0,1,0,1,0,0,1,0,0,0,1
37.730269,-119.055813,54,63.35,3409.1,0,4232,1,0,1,1,1,0,1,0,0,0,0,0,0,0,1,0,0,0,0,0,1,0,1,0,1,0,0
36.560498,-117.962461,14,50.1,709.5,0,2331,0,0,0,0,1,0,0,0,0,0,1,0,0,0,0,0,0,0,0,0,0,0,0,0,0,0,0
34.727529,-118.153098,1,50.15,50.15,0,4421,0,0,0,0,1,0,0,0,0,0,1,0,0,0,0,0,0,0,0,0,0,0,0,0,0,1,0
34.741406,-118.38111,56,64.65,3665.55,0,4656,1,0,0,0,1,0,1,0,0,0,1,0,1,0,0,0,1,0,0,0,0,1,0,1,0,0,0
37.890145,-119.184087,68,79.6,5515.8,0,5601,0,0,1,0,1,0,0,0,0,0,1,0,1,0,0,0,1,0,1,0,1,0,1,1,0,0,0
34.505273,-117.955054,14,19.5,272.0,0,2993,0,0,1,1,1,0,0,0,1,1,0,1,0,1,0,1,0,1,0,1,0,1,0,1,0,0,1
34.500091,-117.765862,68,99.55,6668.0,0,4319,1,0,1,1,1,0,0,1,0,0,1,0,0,0,0,0,1,0,1,0,1,0,1,1,0,1,0
36.590415,-118.073839,55,74.0,4052.4,0,4958,1,1,1,0,1,0,1,1,0,0,0,0,0,0,0,0,0,0,0,0,0,0,0,1,0,1,0
37.550074,-118.837167,16,38.9,664.4,0,3300,0,0,0,0,0,1,0,0,0,0,1,0,0,0,0,0,0,0,1,0,0,0,0,1,0,1,0
36.296851,-117.865469,9,79.55,718.55,0,5811,1,1,0,0,1,0,0,1,0,0,0,0,0,0,0,0,0,0,0,0,1,0,0,1,0,1,0
34.557711,-118.029441,53,46.3,2546.85,0,6245,1,0,0,0,0,1,0,0,0,0,1,0,1,0,0,0,0,0,0,0,1,0,0,1,0,0,0
34.445239,-117.894868,70,99.35,6944.5,0,4120,1,0,1,0,1,0,1,1,0,0,1,0,1,0,1,0,0,0,1,0,0,0,1,1,1,0,0
35.405722,-117.773354,14,95.8,1346.3,0,3471,0,1,1,1,1,0,1,1,0,0,0,0,0,0,0,0,0,0,1,0,1,0,0,1,0,1,0
34.903052,-118.411251,10,78.15,765.15,0,3403,0,0,1,0,1,0,1,1,0,0,1,0,0,0,0,0,0,0,0,0,0,0,0,1,1,0,0
35.073777,-118.652112,29,26.1,692.55,0,2828,0,0,1,1,1,0,1,0,1,1,0,1,0,1,0,1,0,1,0,1,0,0,1,0,0,0,1
36.991762,-119.242874,30,40.35,1187.05,0,5455,0,0,0,0,0,1,0,0,0,0,0,0,0,0,0,0,1,0,0,0,1,1,0,1,1,0,0
36.64545,-118.924982,72,79.2,5401.9,0,4288,0,0,1,0,1,0,1,0,0,0,1,0,1,0,1,0,1,0,1,0,0,0,1,0,1,0,0
37.458367,-119.345011,10,20.9,247.0,0,4905,0,0,0,0,1,0,0,0,1,1,0,1,0,1,0,1,0,1,0,1,0,0,0,1,0,0,1
36.488056,-120.407691,1,49.9,49.9,0,5969,0,0,0,1,1,0,0,0,0,0,1,0,0,0,0,0,0,0,0,0,0,0,0,0,0,0,1
36.5276,-119.865999,20,68.9,1370.35,0,3265,0,0,0,0,1,0,1,0,0,0,0,0,1,0,0,0,1,0,0,0,1,0,0,1,1,0,0
37.100948,-120.270136,1,20.25,20.25,0,5854,0,0,0,0,1,0,0,0,1,1,0,1,0,1,0,1,0,1,0,1,0,0,0,1,0,0,1
36.917652,-119.593757,29,76.0,2215.25,0,5324,0,0,0,0,1,0,1,1,0,0,0,0,0,0,0,0,0,0,0,0,0,0,0,1,1,0,0
36.814539,-119.711868,1,74.0,74.0,0,4148,1,0,0,0,1,0,0,1,0,0,0,0,0,0,0,0,1,0,0,0,0,0,0,0,0,1,0
37.212191,-119.749323,3,82.3,214.4,0,5755,1,0,0,0,1,0,0,1,0,0,1,0,0,0,0,0,1,0,0,0,0,0,0,1,0,0,1
36.497895,-119.285484,20,89.4,1871.15,0,2098,0,0,0,0,1,0,0,1,0,0,1,0,0,0,1,0,0,0,1,0,0,0,0,1,0,0,0
36.657462,-119.595293,64,99.15,6171.2,0,4590,1,0,0,1,1,0,0,1,0,0,0,0,1,0,0,0,1,0,1,0,1,0,0,1,1,0,0
37.045728,-120.630682,6,29.45,161.45,0,4391,0,0,0,0,0,1,0,0,0,0,1,0,0,0,0,0,0,0,0,0,0,0,0,0,0,0,0
36.789213,-119.140338,50,19.8,1013.2,0,5914,1,0,1,0,1,0,0,0,1,1,0,1,0,1,0,1,0,1,0,1,0,0,1,0,0,1,0
36.785618,-120.625382,6,59.15,336.7,0,3613,1,0,0,0,1,0,0,0,0,0,1,0,0,0,0,0,0,0,0,0,1,0,0,1,0,0,0
37.483535,-119.679414,7,44.75,333.65,0,4699,1,0,1,1,1,0,0,0,0,0,0,0,0,0,0,0,0,0,0,0,0,0,0,0,0,1,0
36.397745,-120.119911,72,90.8,6511.8,0,6188,1,0,1,1,1,0,1,1,0,0,0,0,0,0,1,0,0,0,0,0,1,0,1,1,1,0,0
36.625792,-119.672483,8,49.55,393.45,0,5922,1,0,1,0,1,0,0,0,0,0,0,0,1,0,0,0,0,0,0,0,0,0,0,1,0,0,0
37.027663,-119.69056,67,106.7,7009.5,0,4780,0,0,1,1,1,0,1,1,0,0,1,0,0,0,0,0,1,0,1,0,1,0,1,0,1,0,0
36.807595,-118.901544,72,94.45,6921.7,0,5274,0,0,1,0,1,0,1,1,0,0,1,0,1,0,0,0,0,0,0,0,1,0,1,1,1,0,0
36.727418,-120.123526,33,19.45,600.25,0,3470,1,0,1,1,1,0,0,0,1,1,0,1,0,1,0,1,0,1,0,1,0,1,0,1,0,0,0
37.290606,-119.216328,70,67.95,4664.15,0,5514,1,0,1,0,1,0,0,0,0,0,1,0,1,0,0,0,1,0,0,0,1,0,1,0,0,0,1
36.995162,-120.955099,22,65.25,1441.8,0,5146,0,0,0,0,1,0,0,0,0,0,0,0,1,0,1,0,0,0,1,0,0,1,0,0,0,0,0
36.902954,-120.194274,59,99.45,5623.7,0,5247,0,0,0,0,1,0,1,1,0,0,1,0,1,0,1,0,0,0,0,0,1,0,0,1,0,0,0
37.004068,-119.930027,36,20.35,695.85,0,3526,1,0,0,0,1,0,0,0,1,1,0,1,0,1,0,1,0,1,0,1,0,1,0,1,1,0,0
36.687292,-120.437354,51,19.95,1028.75,0,4057,0,0,1,1,1,0,0,0,1,1,0,1,0,1,0,1,0,1,0,1,0,0,1,0,0,0,1
36.696759,-119.024051,53,77.4,4155.95,0,5313,1,0,1,0,1,0,1,0,0,0,1,0,0,0,1,0,1,0,1,0,0,1,0,0,0,0,0
37.244307,-119.470256,20,19.7,395.6,0,4910,0,0,1,1,1,0,0,0,1,1,0,1,0,1,0,1,0,1,0,1,0,1,0,0,0,0,0
37.648647,-119.231447,63,99.7,6330.4,0,5135,1,0,1,0,1,0,0,1,0,0,1,0,0,0,1,0,0,0,1,0,1,0,1,0,1,0,0
37.140104,-119.657092,40,74.8,2971.7,0,3258,0,0,0,0,1,0,0,1,0,0,0,0,1,0,0,0,0,0,0,0,0,0,0,0,1,0,0
36.633498,-119.298895,35,19.15,638.0,0,4052,1,0,0,0,1,0,0,0,1,1,0,1,0,1,0,1,0,1,0,1,0,1,0,1,0,0,1
36.600185,-119.175655,26,78.95,2034.25,0,4237,1,0,1,1,1,0,0,1,0,0,0,0,0,0,0,0,0,0,0,0,1,1,0,0,0,0,0
36.841655,-119.797113,53,62.85,3419.5,0,6281,1,0,0,1,1,0,0,0,0,0,1,0,1,0,0,0,1,0,0,0,0,1,0,0,1,0,0
37.007238,-119.505661,34,71.55,2427.35,0,3583,1,1,1,0,1,0,0,1,0,0,0,0,0,0,0,0,0,0,0,0,0,0,0,0,1,0,0
36.594542,-119.905245,19,94.95,1760.25,0,5316,0,1,1,0,1,0,1,1,0,0,0,0,0,0,0,0,0,0,1,0,1,0,0,1,0,1,0
37.252057,-119.95783,43,86.1,3551.65,0,2358,1,0,1,0,1,0,0,1,0,0,1,0,1,0,1,0,0,0,0,0,0,0,0,1,1,0,0
36.636638,-119.421842,6,19.55,122.9,0,3072,1,0,1,1,1,0,0,0,1,1,0,1,0,1,0,1,0,1,0,1,0,0,0,0,0,0,1
36.452211,-119.94575,56,24.8,1424.2,0,4262,1,0,0,1,1,0,1,0,1,1,0,1,0,1,0,1,0,1,0,1,0,0,1,1,0,0,1
36.600193,-120.153393,34,84.05,2909.95,0,3476,1,0,1,1,1,0,0,1,0,0,0,0,0,0,1,0,0,0,1,0,0,0,0,1,0,0,1
36.545322,-119.642281,10,36.25,374.0,0,4571,0,0,0,0,0,1,0,0,0,0,0,0,1,0,0,0,1,0,0,0,0,0,0,0,0,1,0
36.545353,-119.338535,56,98.6,5581.05,0,5601,1,0,0,0,1,0,1,1,0,0,0,0,1,0,0,0,0,0,1,0,1,0,0,0,0,1,0
36.993666,-119.348267,55,103.65,5676.65,0,4768,0,0,1,0,1,0,1,1,0,0,0,0,1,0,1,0,0,0,1,0,1,0,0,1,1,0,0
36.635661,-120.288644,36,92.9,3379.25,0,3570,0,0,1,1,1,0,1,0,0,0,1,0,1,0,1,0,1,0,1,0,1,0,1,1,1,0,0
37.287758,-119.548156,47,19.9,942.95,0,5394,1,0,1,0,1,0,0,0,1,1,0,1,0,1,0,1,0,1,0,1,0,1,0,0,0,0,0
36.456091,-119.486225,12,20.1,232.4,0,2360,0,0,1,1,1,0,0,0,1,1,0,1,0,1,0,1,0,1,0,1,0,0,0,1,1,0,0
36.749403,-119.787574,24,80.5,2088.45,0,4422,1,1,0,0,1,0,1,1,0,0,0,0,1,0,0,0,0,0,0,0,0,0,0,1,0,1,0
36.768774,-119.762633,35,39.85,1434.6,0,2030,0,1,0,0,0,1,0,0,0,0,0,0,0,0,1,0,0,0,1,0,0,0,0,1,0,1,0
36.799648,-119.801247,67,60.5,3870.0,0,4363,0,0,0,0,1,0,0,0,0,0,1,0,1,0,0,0,1,0,0,0,0,1,0,0,1,0,0
36.654614,-119.903674,21,103.85,2215.0,0,4520,1,0,0,0,1,0,1,1,0,0,1,0,0,0,1,0,0,0,1,0,1,0,0,0,0,0,1
36.822715,-119.761826,13,67.8,842.25,0,4115,0,0,0,0,1,0,0,0,0,0,1,0,1,0,0,0,1,0,0,0,1,0,0,0,0,0,0
36.878709,-119.7645,71,24.85,1901.0,0,4367,1,1,1,0,1,0,1,0,1,1,0,1,0,1,0,1,0,1,0,1,0,0,1,0,0,0,0
36.732694,-119.783786,29,19.35,601.6,0,5227,0,0,0,0,1,0,0,0,1,1,0,1,0,1,0,1,0,1,0,1,0,0,0,0,1,0,0
36.623632,-119.741322,7,89.0,605.45,0,5711,1,1,1,0,1,0,0,1,0,0,0,0,0,0,0,0,0,0,1,0,1,0,0,1,0,1,0
36.793601,-119.761131,57,55.0,3094.05,0,4622,0,1,0,0,0,1,0,0,0,0,0,0,1,0,1,0,0,0,1,0,1,0,0,1,0,1,0
36.751489,-119.68072,65,76.15,4929.55,0,6177,1,0,1,0,1,0,1,0,0,0,1,0,0,0,1,0,1,0,0,0,1,0,1,0,0,0,0
36.757345,-119.818274,27,20.3,595.05,0,3159,1,0,0,0,1,0,0,0,1,1,0,1,0,1,0,1,0,1,0,1,0,1,0,0,0,0,1
36.667794,-121.601306,72,117.35,8436.25,0,4008,0,1,0,0,1,0,1,1,0,0,1,0,1,0,1,0,1,0,1,0,1,0,1,1,1,0,0
36.722898,-121.633648,1,19.75,19.75,0,4441,1,0,0,0,1,0,0,0,1,1,0,1,0,1,0,1,0,1,0,1,0,0,0,1,0,0,1
36.77462,-121.664714,11,45.2,492.0,0,5253,1,0,0,0,1,0,0,0,0,0,0,0,0,0,0,0,0,0,0,0,0,0,0,0,1,0,0
36.624338,-121.615669,39,25.2,987.95,0,5453,1,0,1,1,1,0,1,0,1,1,0,1,0,1,0,1,0,1,0,1,0,0,1,0,0,0,1
36.092975,-121.549826,59,89.75,5496.9,0,5170,0,1,0,0,1,0,1,1,0,0,1,0,1,0,1,0,0,0,0,0,0,0,0,1,0,1,0
36.554618,-121.922239,26,75.0,1908.35,0,4705,1,0,0,0,1,0,0,0,0,0,1,0,0,0,0,0,1,0,1,0,1,1,0,0,0,0,0
36.460611,-121.852507,2,49.95,107.1,0,5251,1,1,0,0,1,0,0,0,0,0,0,0,0,0,1,0,0,0,0,0,0,0,0,0,0,0,1
36.414611,-121.6386,72,65.7,4575.35,0,6187,0,0,1,1,0,1,0,0,0,0,1,0,1,0,1,0,1,0,1,0,1,0,1,0,0,0,0
36.596271,-121.442274,65,67.05,4309.55,0,5224,1,0,1,0,1,0,1,0,0,0,1,0,1,0,1,0,0,0,0,0,0,1,0,0,1,0,0
36.52588,-121.396719,72,110.9,7922.75,0,6444,1,0,1,1,1,0,1,1,0,0,0,0,1,0,1,0,1,0,1,0,1,0,1,0,1,0,0
36.248708,-121.386617,6,87.95,522.35,0,2684,1,0,0,0,1,0,1,1,0,0,0,0,0,0,0,0,1,0,0,0,1,0,0,1,0,0,0
35.930782,-121.189757,32,19.8,587.7,0,3836,1,1,0,0,1,0,0,0,1,1,0,1,0,1,0,1,0,1,0,1,0,1,0,0,1,0,0
36.220761,-120.980777,50,75.7,3876.2,0,6144,0,0,1,0,1,0,1,0,0,0,0,0,0,0,1,0,0,0,1,0,1,1,0,0,0,0,0
35.989792,-121.055933,61,62.15,3778.85,0,6427,1,0,1,0,0,1,0,0,0,0,1,0,0,0,1,0,1,0,1,0,1,0,1,1,0,0,1
36.362741,-121.869685,72,115.15,8349.45,0,5398,1,0,1,0,1,0,1,1,0,0,1,0,1,0,1,0,1,0,1,0,1,0,1,0,0,0,0
36.587497,-121.944815,1,19.5,19.5,0,3107,0,0,0,0,1,0,0,0,1,1,0,1,0,1,0,1,0,1,0,1,0,0,0,0,0,0,1
36.125529,-120.864443,12,86.55,1066.9,0,2061,0,0,0,0,1,0,1,1,0,0,0,0,0,0,0,0,0,0,0,0,1,0,0,1,0,1,0
36.414216,-121.360597,61,20.4,1226.45,0,5897,1,0,1,1,1,0,0,0,1,1,0,1,0,1,0,1,0,1,0,1,0,1,0,0,0,0,1
36.624641,-121.647195,18,19.8,342.3,0,4808,1,0,1,1,1,0,0,0,1,1,0,1,0,1,0,1,0,1,0,1,0,1,0,0,0,0,0
37.509366,-122.306132,21,45.65,985.05,0,5731,1,0,0,1,1,0,0,0,0,0,0,0,0,0,0,0,0,0,0,0,0,0,0,0,0,0,1
37.684694,-122.40712,68,56.4,3948.45,0,4556,1,0,1,1,0,1,0,0,0,0,1,0,1,0,1,0,1,0,0,0,1,0,1,1,0,0,1
37.57028,-122.365778,12,73.3,828.05,0,5159,1,1,0,0,1,0,1,1,0,0,0,0,0,0,0,0,0,0,0,0,0,0,0,1,1,0,0
37.680844,-122.48131,62,101.35,6164.7,0,5049,0,0,1,0,1,0,1,1,0,0,0,0,0,0,1,0,0,0,1,0,1,0,0,1,0,1,0
37.285677,-122.224165,1,33.6,33.6,0,4369,1,0,0,1,0,1,0,0,0,0,0,0,1,0,0,0,1,0,0,0,0,0,0,0,0,0,1
37.349546,-122.134356,1,20.7,20.7,0,3061,0,0,0,0,1,0,0,0,1,1,0,1,0,1,0,1,0,1,0,1,0,0,0,0,0,1,0
37.352911,-122.093002,62,104.05,6590.5,0,5900,1,0,0,1,1,0,1,1,0,0,0,0,0,0,1,0,1,0,1,0,1,0,1,1,0,1,0
37.449551,-122.183762,36,20.25,717.95,0,5272,0,0,1,1,1,0,0,0,1,1,0,1,0,1,0,1,0,1,0,1,0,0,1,0,0,0,0
37.369709,-122.215844,69,73.7,4885.85,0,4268,0,0,1,1,1,0,1,0,0,0,1,0,1,0,0,0,1,0,1,0,0,1,0,0,1,0,0
37.540582,-122.509594,63,108.75,6871.7,0,4582,0,0,1,0,1,0,1,1,0,0,0,0,1,0,1,0,1,0,1,0,1,0,0,1,0,1,0
37.515556,-122.502311,23,20.15,405.6,0,4402,1,0,0,0,1,0,0,0,1,1,0,1,0,1,0,1,0,1,0,1,0,1,0,0,0,0,0
37.380662,-122.086022,10,19.75,208.25,0,3926,1,0,0,0,1,0,0,0,1,1,0,1,0,1,0,1,0,1,0,1,0,0,0,0,1,0,0
37.388349,-122.075299,71,25.95,1801.9,0,5072,0,0,1,0,1,0,1,0,1,1,0,1,0,1,0,1,0,1,0,1,0,0,1,1,1,0,0
37.419725,-122.062947,45,70.05,3062.45,0,4223,0,1,0,0,1,0,1,0,0,0,1,0,0,0,0,0,1,0,0,0,1,0,0,1,0,1,0
37.573633,-122.455167,70,24.05,1764.75,0,4722,0,0,1,1,1,0,1,0,1,1,0,1,0,1,0,1,0,1,0,1,0,0,1,0,0,0,1
37.22565,-122.297533,22,84.75,1816.75,0,4240,0,0,0,1,1,0,1,1,0,0,0,0,0,0,0,0,0,0,0,0,1,0,0,1,0,1,0
37.461251,-122.235414,52,23.05,1255.1,0,4922,0,0,1,1,1,0,1,0,1,1,0,1,0,1,0,1,0,1,0,1,0,0,1,0,0,0,1
37.499411,-122.196318,65,59.95,3921.1,0,6251,0,0,0,0,0,1,0,0,0,0,1,0,0,0,1,0,1,0,1,0,1,0,1,0,1,0,0
37.527497,-122.230941,72,19.55,1463.45,0,4424,0,0,1,1,1,0,0,0,1,1,0,1,0,1,0,1,0,1,0,1,0,0,1,0,0,0,0
37.624436,-122.430661,10,19.6,189.45,0,3778,1,0,1,0,1,0,0,0,1,1,0,1,0,1,0,1,0,1,0,1,0,1,0,0,0,0,0
37.497915,-122.267361,7,20.05,96.8,0,3810,0,0,0,1,1,0,0,0,1,1,0,1,0,1,0,1,0,1,0,1,0,1,0,0,0,0,1
37.331762,-122.341444,5,85.55,408.5,0,2850,1,1,0,0,1,0,0,1,0,0,0,0,1,0,0,0,0,0,0,0,1,0,0,1,0,1,0
37.654436,-122.426468,24,78.6,1846.65,0,2939,0,0,1,1,1,0,1,0,0,0,1,0,0,0,1,0,0,0,1,0,1,0,1,0,1,0,0
37.378541,-122.020456,72,116.8,8456.75,0,6252,0,0,1,1,1,0,1,1,0,0,1,0,1,0,1,0,1,0,1,0,1,0,1,1,1,0,0
37.3511,-122.037311,21,43.55,1011.5,0,5808,1,0,0,0,0,1,0,0,0,0,1,0,0,0,0,0,1,0,1,0,0,0,0,1,0,0,1
37.421633,-122.009613,69,60.8,4263.4,0,5683,1,0,1,0,0,1,0,0,0,0,0,0,1,0,1,0,1,0,1,0,1,1,0,1,1,0,0
37.7795,-122.419233,44,54.9,2549.1,0,4412,1,0,1,1,1,0,0,0,0,0,0,0,1,0,0,0,1,0,0,0,0,0,0,1,0,0,0
37.773147,-122.411287,61,65.2,3965.05,0,6238,0,1,1,1,1,0,1,0,0,0,0,0,0,0,1,0,0,0,1,0,0,1,0,1,0,1,0
37.794487,-122.42227,72,108.2,7840.6,0,4773,1,0,1,0,1,0,1,1,0,0,0,0,1,0,1,0,1,0,1,0,1,0,1,1,0,1,0
37.750021,-122.415201,72,92.0,6632.75,0,4200,1,0,0,0,1,0,1,0,0,0,1,0,1,0,1,0,1,0,1,0,1,0,1,0,0,0,0
37.801776,-122.402293,14,75.1,1013.35,0,3771,1,1,1,0,1,0,1,1,0,0,0,0,0,0,0,0,0,0,0,0,0,0,0,1,0,1,0
37.720498,-122.443119,7,25.05,152.95,0,4868,1,0,0,0,1,0,1,0,1,1,0,1,0,1,0,1,0,1,0,1,0,0,0,1,0,0,0
37.758085,-122.434801,48,75.15,3772.65,0,3345,0,0,0,0,1,0,0,1,0,0,0,0,1,0,0,0,0,0,0,0,0,1,0,0,0,1,0
37.786031,-122.437301,55,19.5,1026.35,0,5067,1,0,1,1,1,0,0,0,1,1,0,1,0,1,0,1,0,1,0,1,0,1,0,0,0,0,1
37.74441,-122.486764,1,19.3,19.3,0,5626,1,0,0,0,1,0,0,0,1,1,0,1,0,1,0,1,0,1,0,1,0,0,0,0,1,0,0
37.770533,-122.445121,45,112.2,5031.85,0,3091,1,0,0,0,1,0,0,1,0,0,1,0,1,0,1,0,1,0,1,0,1,1,0,0,1,0,0
37.781304,-122.461522,3,70.3,220.4,0,4275,1,0,0,0,1,0,0,1,0,0,0,0,0,0,0,0,0,0,0,0,0,0,0,1,0,0,1
37.776718,-122.495781,71,19.6,1416.5,0,4890,0,0,1,0,1,0,0,0,1,1,0,1,0,1,0,1,0,1,0,1,0,0,1,0,0,0,1
37.760412,-122.484966,8,20.25,158.35,0,4964,1,0,1,0,1,0,0,0,1,1,0,1,0,1,0,1,0,1,0,1,0,0,0,0,0,0,1
37.731505,-122.384532,69,80.65,5542.55,0,4618,1,0,1,1,1,0,0,0,0,0,1,0,1,0,0,0,1,0,1,0,1,0,1,0,0,0,0
37.797526,-122.464531,72,115.75,8443.7,0,6205,0,1,1,0,1,0,1,1,0,0,1,0,1,0,1,0,1,0,1,0,1,0,1,1,1,0,0
37.746699,-122.442833,71,80.6,5708.2,0,5447,1,0,0,0,1,0,1,0,0,0,1,0,1,0,1,0,1,0,0,0,1,0,1,0,0,0,0
37.802071,-122.411004,33,59.55,2016.3,0,5980,0,0,1,0,0,1,0,0,0,0,1,0,0,0,1,0,1,0,1,0,1,0,1,0,0,0,0
37.721052,-122.413573,16,19.05,326.65,0,4336,0,0,0,0,1,0,0,0,1,1,0,1,0,1,0,1,0,1,0,1,0,1,0,0,0,0,1
37.444314,-122.149996,56,95.65,5471.75,0,6335,0,1,1,0,1,0,1,1,0,0,1,0,1,0,1,0,1,0,0,0,0,1,0,0,0,1,0
37.45809,-122.115398,1,19.95,19.95,0,2732,0,0,0,0,1,0,0,0,1,1,0,1,0,1,0,1,0,1,0,1,0,0,0,0,1,0,0
37.424342,-122.165641,57,19.4,1061.6,0,4194,1,0,1,1,1,0,0,0,1,1,0,1,0,1,0,1,0,1,0,1,0,1,0,0,0,0,1
37.416159,-122.131337,56,36.1,1971.5,0,5092,1,0,1,1,0,1,0,0,0,0,0,0,1,0,1,0,0,0,0,0,0,1,0,1,1,0,0
37.538309,-122.305109,1,19.75,19.75,0,4099,0,0,0,0,1,0,0,0,1,1,0,1,0,1,0,1,0,1,0,1,0,0,0,0,0,0,1
37.556094,-122.272437,40,64.1,2460.35,0,5056,0,0,0,1,1,0,0,0,0,0,1,0,0,0,0,0,1,0,1,0,0,0,0,1,1,0,0
37.774633,-122.274434,46,19.75,856.5,0,2610,1,0,1,1,1,0,0,0,1,1,0,1,0,1,0,1,0,1,0,1,0,0,1,0,1,0,0
37.724817,-122.224363,63,19.7,1275.85,0,4235,1,0,1,1,1,0,0,0,1,1,0,1,0,1,0,1,0,1,0,1,0,0,1,0,0,0,1
37.791481,-121.903253,68,110.2,7467.5,0,4108,1,0,1,1,1,0,1,1,0,0,1,0,1,0,1,0,0,0,1,0,1,0,1,1,0,1,0
37.855717,-121.994813,69,106.35,7261.75,0,6315,1,0,1,1,1,0,0,1,0,0,1,0,1,0,0,0,1,0,1,0,1,0,1,1,1,0,0
38.542448,-122.419923,56,90.55,5116.6,0,6161,0,0,1,0,1,0,1,1,0,0,0,0,1,0,1,0,1,0,0,0,0,0,0,0,0,1,0
37.980057,-121.801599,10,65.9,660.05,0,5289,0,0,1,1,1,0,0,0,0,0,0,0,1,0,1,0,0,0,0,0,1,1,0,1,0,0,1
38.113533,-122.11926,63,104.5,6590.8,0,4908,1,0,0,0,1,0,1,1,0,0,1,0,1,0,1,0,1,0,1,0,0,1,0,0,1,0,0
38.050558,-121.646924,24,52.5,1208.15,0,3303,0,0,1,1,0,1,0,0,0,0,1,0,1,0,1,0,1,0,0,0,1,0,1,1,0,0,1
38.140719,-121.838298,19,56.1,1033.9,0,3367,0,0,0,0,1,0,1,0,0,0,0,0,0,0,1,0,0,0,0,0,0,0,0,1,0,0,1
37.908242,-121.682472,22,88.75,1885.15,0,5585,1,0,1,1,1,0,1,1,0,0,0,0,0,0,1,0,0,0,1,0,0,0,0,1,0,1,0
37.881842,-121.848111,70,26.0,2006.95,0,6170,0,0,1,0,1,0,1,0,1,1,0,1,0,1,0,1,0,1,0,1,0,0,1,1,0,0,0
37.950248,-122.022455,49,99.4,5025.0,0,4725,0,0,1,0,1,0,0,1,0,0,0,0,1,0,1,0,0,0,1,0,1,0,0,0,0,1,0
37.971421,-121.971504,42,73.15,3088.25,0,2531,1,0,1,1,1,0,0,0,0,0,0,0,0,0,1,0,1,0,1,0,1,1,0,0,0,1,0
37.95338,-122.076886,57,54.65,3134.7,0,4223,1,0,0,0,1,0,0,0,0,0,0,0,1,0,0,0,1,0,0,0,0,1,0,1,0,0,1
37.815459,-121.977203,72,115.55,8312.4,0,5076,0,0,1,0,1,0,1,1,0,0,1,0,1,0,1,0,1,0,1,0,1,0,1,1,1,0,0
37.924838,-122.289145,46,104.45,4863.85,0,4103,0,1,0,0,1,0,1,1,0,0,0,0,1,0,1,0,0,0,1,0,1,0,0,1,0,1,0
37.572273,-121.964583,72,91.15,6637.9,0,4311,0,0,1,0,1,0,1,0,0,0,1,0,1,0,1,0,1,0,1,0,1,0,1,1,0,0,0
37.505768,-121.962472,35,89.7,3165.6,0,2775,1,0,1,1,1,0,0,1,0,0,0,0,1,0,0,0,1,0,1,0,0,1,0,1,0,1,0
37.674002,-122.076796,72,92.4,6786.1,0,5527,0,0,1,0,1,0,1,0,0,0,1,0,1,0,1,0,1,0,1,0,1,0,1,1,0,1,0
37.656695,-122.048361,28,19.9,543.0,0,2987,0,0,1,1,1,0,0,0,1,1,0,1,0,1,0,1,0,1,0,1,0,1,0,0,0,0,1
37.708327,-122.083473,45,18.85,867.3,0,2653,1,0,0,0,1,0,0,0,1,1,0,1,0,1,0,1,0,1,0,1,0,1,0,0,0,0,0
37.991259,-122.214945,1,25.75,25.75,0,2569,0,0,0,0,1,0,1,0,1,1,0,1,0,1,0,1,0,1,0,1,0,0,0,1,0,0,1
37.571748,-121.659562,6,20.95,109.5,0,5554,0,0,0,0,1,0,0,0,1,1,0,1,0,1,0,1,0,1,0,1,0,0,0,1,0,0,1
37.722727,-122.02157,48,97.05,4692.95,0,5893,0,0,1,0,1,0,0,1,0,0,0,0,1,0,1,0,0,0,1,0,1,1,0,1,0,1,0
38.014457,-122.115432,25,25.4,546.85,0,5250,1,0,1,1,1,0,1,0,1,1,0,1,0,1,0,1,0,1,0,1,0,0,0,1,0,0,0
37.555473,-122.080312,64,19.7,1274.05,0,5431,1,0,1,1,1,0,0,0,1,1,0,1,0,1,0,1,0,1,0,1,0,0,1,1,0,0,0
37.827946,-122.107185,50,35.0,1782.4,0,5629,1,0,0,0,0,1,0,0,0,0,1,0,1,0,0,0,0,0,0,0,0,0,0,1,0,0,1
38.489789,-122.27011,52,101.25,5301.1,0,5954,0,0,1,1,1,0,1,1,0,0,0,0,0,0,1,0,0,0,1,0,1,1,0,0,0,0,0
38.232389,-122.324944,4,70.2,280.35,0,4444,1,1,1,0,1,0,0,1,0,0,0,0,0,0,0,0,0,0,0,0,0,0,0,1,0,1,0
37.504133,-122.032347,32,90.95,2897.95,0,5936,0,1,0,0,1,0,0,1,0,0,0,0,0,0,0,0,0,0,1,0,1,0,0,0,0,1,0
37.999406,-121.686241,45,73.85,3371.0,0,5264,1,0,1,1,1,0,1,0,0,0,1,0,1,0,0,0,1,0,1,0,0,0,1,0,1,0,0
37.873916,-122.20522,9,88.05,801.3,0,2715,1,0,1,0,1,0,1,1,0,0,1,0,0,0,0,0,0,0,0,0,1,0,0,1,0,1,0
37.633361,-121.862395,54,20.1,1079.45,0,5755,0,0,0,0,1,0,0,0,1,1,0,1,0,1,0,1,0,1,0,1,0,0,1,0,0,0,1
37.713926,-121.928425,64,110.3,6997.3,0,5574,0,0,1,1,1,0,1,1,0,0,1,0,1,0,0,0,1,0,1,0,1,0,1,0,0,0,0
38.027218,-122.23463,12,85.15,979.05,0,2452,0,0,0,0,1,0,0,1,0,0,1,0,0,0,0,0,0,0,1,0,0,1,0,1,1,0,0
38.581354,-122.296283,67,60.95,4119.4,0,5792,1,1,1,0,1,0,0,0,0,0,1,0,1,0,0,0,1,0,0,0,0,1,0,1,0,0,0
37.717196,-122.159338,45,73.55,3349.1,0,2280,0,0,0,0,1,0,1,0,0,0,1,0,0,0,0,0,1,0,0,0,1,0,1,0,0,0,1
37.704384,-122.126703,10,46.0,492.1,0,3903,1,0,0,0,1,0,0,0,0,0,0,0,0,0,0,0,0,0,0,0,0,0,0,0,0,0,1
37.687264,-122.15728,29,58.55,1718.95,0,2044,0,1,0,0,1,0,1,0,0,0,1,0,1,0,0,0,0,0,0,0,0,0,0,1,0,0,0
37.676249,-122.132415,24,24.6,605.25,0,4147,0,0,0,0,1,0,1,0,1,1,0,1,0,1,0,1,0,1,0,1,0,1,0,0,0,0,0
37.766556,-121.976784,66,19.75,1344.5,0,4485,1,0,1,1,1,0,0,0,1,1,0,1,0,1,0,1,0,1,0,1,0,0,1,1,0,0,1
38.197907,-122.017258,51,86.35,4267.15,0,5311,1,0,0,0,1,0,0,1,0,0,1,0,0,0,0,0,0,0,1,0,0,1,0,0,0,0,1
37.587494,-121.862856,45,25.5,1121.05,0,3146,0,0,1,0,1,0,1,0,1,1,0,1,0,1,0,1,0,1,0,1,0,0,1,0,0,0,1
37.59485,-122.051521,49,19.0,918.7,0,4066,0,0,1,0,1,0,0,0,1,1,0,1,0,1,0,1,0,1,0,1,0,1,0,0,1,0,0
37.685052,-121.912061,29,19.55,521.8,0,5758,0,0,1,0,1,0,0,0,1,1,0,1,0,1,0,1,0,1,0,1,0,0,1,1,0,0,1
38.161321,-122.271588,40,110.1,4469.1,0,2283,1,0,1,1,1,0,1,1,0,0,1,0,1,0,0,0,1,0,1,0,1,0,0,1,1,0,0
38.105733,-122.186338,25,69.75,1729.35,0,3080,1,0,0,0,1,0,0,1,0,0,0,0,0,0,0,0,0,0,0,0,0,0,0,0,0,1,0
38.093701,-122.276589,22,50.6,1073.3,0,2854,0,0,0,0,0,1,0,0,0,0,0,0,0,0,1,0,0,0,1,0,1,0,0,1,0,1,0
37.862128,-122.075197,72,65.6,4566.5,0,4369,1,0,0,0,0,1,0,0,0,0,1,0,1,0,1,0,1,0,1,0,1,0,1,1,0,0,0
37.916648,-122.008483,33,82.1,2603.1,0,2281,1,0,1,1,1,0,0,0,0,0,0,0,1,0,1,0,1,0,1,0,1,0,1,0,1,0,0
38.421458,-122.365048,23,79.1,1783.75,0,3619,0,0,0,0,1,0,0,1,0,0,0,0,1,0,0,0,1,0,0,0,0,0,0,1,0,0,1
37.739113,-122.175602,69,90.65,6322.1,0,6487,1,0,0,0,1,0,1,0,0,0,1,0,1,0,1,0,1,0,1,0,1,0,1,0,0,0,1
37.758019,-122.138678,3,20.55,57.4,0,2774,0,0,0,1,1,0,0,0,1,1,0,1,0,1,0,1,0,1,0,1,0,1,0,1,1,0,0
37.792489,-122.244314,56,75.75,4284.65,0,6487,1,0,0,0,1,0,0,0,0,0,0,0,1,0,0,0,1,0,1,0,1,1,0,1,0,0,0
37.80707,-122.297401,65,110.0,7138.65,0,6351,1,0,0,0,1,0,1,1,0,0,1,0,0,0,1,0,1,0,1,0,1,1,0,1,1,0,0
37.83726,-122.287648,71,20.85,1539.75,0,4837,1,0,1,0,1,0,0,0,1,1,0,1,0,1,0,1,0,1,0,1,0,1,0,0,0,1,0
37.834341,-122.26437,14,80.35,1058.1,0,3276,0,1,0,0,1,0,1,1,0,0,0,0,0,0,1,0,0,0,0,0,0,0,0,1,0,0,0
37.808731,-122.238708,2,70.15,123.8,0,4840,0,0,0,0,1,0,0,1,0,0,0,0,0,0,0,0,0,0,0,0,0,0,0,1,0,1,0
37.809014,-122.269739,40,67.45,2731.0,0,4714,1,0,0,0,1,0,0,0,0,0,1,0,0,0,1,0,0,0,0,0,1,0,0,0,0,1,0
37.84551,-122.235181,1,20.75,20.75,0,2791,1,0,0,0,1,0,0,0,1,1,0,1,0,1,0,1,0,1,0,1,0,0,0,0,1,0,0
37.750553,-122.197175,7,69.9,497.3,0,4562,0,0,0,0,1,0,0,1,0,0,0,0,0,0,0,0,0,0,0,0,0,0,0,1,0,0,1
37.866009,-122.286228,15,51.1,711.15,0,4858,0,0,1,0,1,0,1,0,0,0,0,0,0,0,0,0,0,0,0,0,0,0,0,1,0,1,0
37.858898,-122.240512,71,25.55,1898.1,0,6305,1,0,0,0,1,0,1,0,1,1,0,1,0,1,0,1,0,1,0,1,0,0,1,0,0,0,0
37.890274,-122.295192,54,60.0,3273.95,0,4798,0,0,1,1,1,0,1,0,0,0,1,0,0,0,0,0,1,0,0,0,0,0,1,0,0,0,0
37.897753,-122.279391,31,90.55,2929.75,0,5722,1,0,1,0,1,0,1,1,0,0,1,0,1,0,0,0,1,0,0,0,0,0,0,1,1,0,0
37.897743,-122.263124,11,76.4,838.7,0,4033,0,0,0,0,1,0,0,1,0,0,1,0,0,0,0,0,0,0,0,0,0,0,0,0,0,1,0
37.878554,-122.26609,18,84.95,1443.65,0,3878,0,1,0,0,1,0,0,1,0,0,0,0,0,0,1,0,0,0,0,0,1,0,0,1,0,1,0
37.872902,-122.303708,72,110.1,7746.7,0,5232,0,1,0,0,1,0,1,1,0,0,1,0,1,0,0,0,1,0,1,0,1,0,1,1,0,0,0
37.945288,-122.383941,71,99.65,6951.15,0,4241,0,1,0,0,1,0,1,1,0,0,0,0,1,0,0,0,0,0,1,0,1,0,0,1,1,0,0
37.963995,-122.288296,5,45.4,214.75,0,2599,1,1,0,0,0,1,0,0,0,0,0,0,0,0,1,0,1,0,1,0,0,0,0,0,1,0,0
37.921034,-122.341798,38,69.0,2669.45,0,4487,1,0,1,0,1,0,1,0,0,0,0,0,0,0,1,0,1,0,0,0,1,1,0,0,1,0,0
37.941456,-122.320968,5,48.65,235.2,0,3307,1,0,0,1,1,0,0,0,0,0,0,0,0,0,0,0,1,0,0,0,0,0,0,1,0,0,0
37.972662,-122.491452,52,59.85,3103.25,0,5085,0,1,0,0,1,0,1,0,0,0,1,0,0,0,1,0,0,0,0,0,0,0,1,0,0,0,0
37.946617,-122.563571,68,80.65,5330.2,0,5914,0,0,0,0,1,0,1,0,0,0,0,0,1,0,1,0,0,0,1,0,1,0,1,1,0,1,0
37.885629,-122.46858,69,20.55,1403.1,0,5366,1,0,1,1,1,0,0,0,1,1,0,1,0,1,0,1,0,1,0,1,0,1,0,1,1,0,0
38.343282,-122.9755,42,66.4,2727.8,0,3773,0,0,1,0,1,0,1,0,0,0,1,0,1,0,0,0,1,0,0,0,0,0,0,1,1,0,0
38.377165,-123.037957,50,100.2,5038.45,0,5419,0,0,0,0,1,0,0,1,0,0,0,0,1,0,0,0,1,0,1,0,1,0,1,1,0,0,1
38.34719,-122.697822,33,44.55,1462.6,0,2422,1,0,1,0,1,0,0,0,0,0,0,0,0,0,0,0,0,0,0,0,0,0,0,1,1,0,0
38.24458,-122.956268,7,20.35,150.6,0,3098,0,0,0,0,1,0,0,0,1,1,0,1,0,1,0,1,0,1,0,1,0,0,0,0,0,0,1
37.971751,-122.611873,64,91.8,5960.5,0,5371,1,0,1,1,1,0,1,1,0,0,1,0,1,0,1,0,0,0,0,0,0,0,0,1,0,1,0
38.010092,-122.689442,59,20.2,1192.3,0,5216,1,0,0,0,1,0,0,0,1,1,0,1,0,1,0,1,0,1,0,1,0,0,1,1,0,0,0
38.099323,-122.945723,6,50.35,314.55,0,3442,0,0,1,0,1,0,1,0,0,0,0,0,0,0,0,0,0,0,0,0,0,0,0,0,0,1,0
38.021772,-122.691744,3,18.8,56.0,0,3010,0,0,0,0,1,0,0,0,1,1,0,1,0,1,0,1,0,1,0,1,0,0,0,0,0,0,1
37.937082,-122.532369,15,20.45,330.8,0,5184,0,0,1,0,1,0,0,0,1,1,0,1,0,1,0,1,0,1,0,1,0,0,0,0,1,0,0
38.129308,-122.834815,13,64.75,877.35,0,4741,1,0,1,1,1,0,0,0,0,0,0,0,0,0,0,0,0,0,1,0,1,1,0,1,0,1,0
37.901371,-122.572024,23,98.7,2249.1,0,5781,0,0,0,0,1,0,1,1,0,0,0,0,1,0,0,0,0,0,1,0,1,0,0,1,1,0,0
38.135897,-122.563683,31,89.45,2807.65,0,5597,1,1,1,0,1,0,1,1,0,0,1,0,0,0,0,0,0,0,1,0,0,0,0,0,0,1,0
38.065359,-122.665566,29,58.75,1696.2,0,5198,1,0,0,0,1,0,0,0,0,0,1,0,1,0,0,0,1,0,0,0,0,1,0,1,0,1,0
38.112166,-122.634384,49,20.7,1032.05,0,4074,0,0,1,0,1,0,0,0,1,1,0,1,0,1,0,1,0,1,0,1,0,1,0,0,1,0,0
38.067204,-122.524004,56,85.6,4902.8,0,6483,0,0,1,0,1,0,1,1,0,0,0,0,0,0,0,0,0,0,1,0,0,0,0,1,0,0,0
38.052209,-122.775567,63,80.3,4995.35,0,5554,0,0,0,0,1,0,1,0,0,0,1,0,1,0,1,0,1,0,0,0,1,0,1,1,1,0,0
38.325599,-122.642352,63,79.8,5034.05,0,4073,1,0,1,0,1,0,1,0,0,0,0,0,0,0,1,0,1,0,1,0,1,0,1,0,1,0,0
38.237018,-122.77872,24,79.85,1857.75,0,3412,1,1,1,1,1,0,1,1,0,0,1,0,0,0,0,0,0,0,0,0,0,0,0,1,0,1,0
38.235021,-122.557332,36,54.1,1992.85,0,4017,1,1,1,0,1,0,0,0,0,0,0,0,0,0,1,0,1,0,0,0,0,1,0,0,1,0,0
38.00474,-122.663717,21,80.9,1714.95,0,5733,0,0,1,0,1,0,0,0,0,0,1,0,0,0,1,0,1,0,1,0,1,1,0,0,0,0,1
37.942551,-122.491642,13,24.5,343.6,0,5077,1,0,1,1,1,0,1,0,1,1,0,1,0,1,0,1,0,1,0,1,0,1,0,0,0,0,0
37.848641,-122.515692,1,20.15,20.15,0,3960,1,0,1,1,1,0,0,0,1,1,0,1,0,1,0,1,0,1,0,1,0,0,0,1,0,0,0
37.921137,-122.657562,25,20.05,520.1,0,2010,0,0,1,1,1,0,0,0,1,1,0,1,0,1,0,1,0,1,0,1,0,1,0,0,0,0,1
38.240769,-122.901041,71,19.6,1387.45,0,6444,1,0,1,1,1,0,0,0,1,1,0,1,0,1,0,1,0,1,0,1,0,0,1,1,0,0,0
38.339996,-122.935056,66,114.3,7383.7,0,5303,1,0,0,0,1,0,1,1,0,0,1,0,1,0,1,0,1,0,1,0,1,1,0,1,0,0,0
38.005839,-122.638155,45,100.3,4483.95,0,4868,0,0,0,0,1,0,0,1,0,0,1,0,1,0,0,0,0,0,1,0,1,1,0,1,0,1,0
37.449537,-121.994813,22,80.0,1706.45,0,2640,0,0,1,0,1,0,0,1,0,0,0,0,0,0,0,0,0,0,1,0,0,0,0,1,1,0,0
37.013471,-121.877877,67,20.85,1327.4,0,5972,0,0,1,0,1,0,0,0,1,1,0,1,0,1,0,1,0,1,0,1,0,1,0,1,0,0,0
36.878364,-121.629781,68,89.95,5974.3,0,5672,0,0,1,0,1,0,1,1,0,0,0,0,0,0,1,0,0,0,1,0,0,0,1,1,0,0,0
37.078873,-122.090386,0,20.0,1397.475,0,3763,0,0,1,1,1,0,0,0,1,1,0,1,0,1,0,1,0,1,0,1,0,0,1,0,0,0,1
37.106902,-122.100006,4,48.75,179.85,0,3048,0,1,0,0,1,0,1,0,0,0,0,0,0,0,0,0,0,0,0,0,0,0,0,0,0,0,1
37.279689,-121.954567,63,80.0,5040.2,0,5540,1,0,1,0,1,0,1,0,0,0,1,0,1,0,1,0,1,0,0,0,1,1,0,0,1,0,0
36.784481,-121.759054,21,20.35,422.7,0,3721,1,0,0,0,1,0,0,0,1,1,0,1,0,1,0,1,0,1,0,1,0,1,0,1,0,0,1
37.114335,-122.237162,1,20.25,20.25,0,2448,1,0,0,1,1,0,0,0,1,1,0,1,0,1,0,1,0,1,0,1,0,0,0,1,0,0,1
37.089111,-122.062213,17,19.4,358.05,0,3561,0,0,0,0,1,0,0,0,1,1,0,1,0,1,0,1,0,1,0,1,0,0,1,0,0,0,1
36.936228,-121.785559,30,100.4,2936.25,0,3778,1,0,0,0,1,0,1,1,0,0,1,0,0,0,0,0,0,0,1,0,1,0,0,1,0,0,0
37.03889,-121.528955,22,57.95,1271.8,0,5036,1,0,1,1,1,0,0,0,0,0,1,0,1,0,0,0,1,0,0,0,0,0,0,1,0,0,1
36.875409,-121.279679,9,59.5,530.05,0,4011,0,0,0,0,1,0,0,0,0,0,0,0,0,0,0,0,1,0,1,0,0,0,0,1,0,0,0
37.222842,-121.988727,1,19.2,19.2,0,3007,1,0,1,1,1,0,0,0,1,1,0,1,0,1,0,1,0,1,0,1,0,0,0,0,0,0,1
37.160194,-121.945611,19,59.55,1144.6,0,3949,1,0,0,0,1,0,1,0,0,0,0,0,0,0,1,0,1,0,0,0,0,0,0,0,0,1,0
36.863303,-121.781632,72,103.95,7556.9,0,5096,0,0,1,0,1,0,1,1,0,0,1,0,1,0,1,0,1,0,1,0,0,0,1,1,0,0,0
37.051166,-122.056194,70,68.95,4858.7,0,4858,1,0,1,1,1,0,1,0,0,0,1,0,0,0,1,0,0,0,1,0,0,0,1,0,1,0,0
36.525703,-120.952122,66,103.1,6595.0,0,6183,0,0,0,0,1,0,1,1,0,0,1,0,1,0,1,0,1,0,0,0,1,0,0,1,0,0,0
36.810568,-121.503022,7,24.7,149.05,0,3872,0,0,1,1,0,1,0,0,0,0,0,0,0,0,0,0,0,0,0,0,0,0,0,1,0,1,0
37.084697,-121.606417,46,110.2,4972.1,0,4162,0,1,1,1,1,0,1,1,0,0,1,0,1,0,0,0,1,0,1,0,1,0,0,1,0,1,0
37.348129,-121.98469,32,62.45,2045.55,0,5442,0,0,1,1,1,0,1,0,0,0,0,0,1,0,1,0,0,0,0,0,0,0,0,0,0,0,0
37.393554,-121.965114,24,89.55,2187.15,0,2007,1,0,0,0,1,0,0,1,0,0,0,0,1,0,1,0,0,0,0,0,1,0,0,1,0,1,0
36.974575,-121.991149,37,78.9,2976.95,0,3801,0,0,0,0,1,0,1,0,0,0,1,0,1,0,1,0,1,0,1,0,0,0,0,1,1,0,0
37.007882,-122.065975,8,20.35,178.7,0,4577,1,0,0,1,1,0,0,0,1,1,0,1,0,1,0,1,0,1,0,1,0,0,0,0,0,0,1
37.031404,-121.981865,72,71.45,5025.85,0,5656,0,0,1,1,1,0,1,0,0,0,1,0,0,0,1,0,0,0,1,0,0,0,1,1,0,0,0
37.070177,-122.010077,71,46.35,3353.4,0,5421,1,1,1,0,0,1,0,0,0,0,1,0,1,0,1,0,1,0,0,0,0,0,1,0,1,0,0
37.257772,-122.051824,16,94.65,1461.15,0,3050,0,0,1,0,1,0,0,1,0,0,0,0,1,0,0,0,0,0,1,0,1,0,0,1,0,0,0
37.023669,-121.946461,57,49.9,2782.4,0,5866,0,0,1,0,0,1,0,0,0,0,1,0,0,0,1,0,1,0,0,0,1,0,0,1,0,0,0
36.931654,-121.752383,66,25.45,1699.15,0,4163,1,0,0,0,1,0,1,0,1,1,0,1,0,1,0,1,0,1,0,1,0,1,0,0,0,0,0
37.284265,-121.827673,21,20.75,452.2,0,2143,0,0,0,1,1,0,0,0,1,1,0,1,0,1,0,1,0,1,0,1,0,0,0,0,0,0,1
37.343827,-121.883119,66,66.1,4428.45,0,5933,1,0,1,0,1,0,1,0,0,0,1,0,1,0,1,0,0,0,0,0,0,0,1,1,1,0,0
37.333851,-121.891147,17,75.4,1322.55,0,4852,0,0,1,0,1,0,1,0,0,0,0,0,1,0,0,0,0,0,1,0,1,0,0,1,0,0,0
37.255479,-121.889838,8,21.05,139.75,0,2158,0,0,1,1,1,0,0,0,1,1,0,1,0,1,0,1,0,1,0,1,0,0,0,0,1,0,0
37.233226,-121.78809,27,69.35,1927.3,0,2450,1,0,0,0,1,0,0,0,0,0,1,0,0,0,1,0,1,0,1,0,0,1,0,0,1,0,0
37.186141,-121.843554,34,88.85,3000.25,0,4014,1,0,1,0,1,0,1,1,0,0,0,0,1,0,0,0,0,0,0,0,1,0,0,0,0,0,1
37.304681,-121.809955,30,97.0,3021.3,0,4126,1,0,0,0,1,0,0,1,0,0,0,0,1,0,0,0,0,0,1,0,1,1,0,1,0,0,0
37.32886,-121.834567,33,66.4,2245.4,0,3843,1,0,0,0,1,0,0,0,0,0,0,0,1,0,1,0,0,0,1,0,0,0,0,1,1,0,0
37.257063,-121.923037,14,69.2,944.65,0,2871,1,0,1,1,1,0,1,0,0,0,1,0,1,0,0,0,0,0,0,0,1,0,0,0,0,0,1
37.294926,-121.894763,16,79.5,1264.2,0,5040,0,0,0,1,1,0,1,1,0,0,0,0,0,0,0,0,1,0,0,0,0,1,0,1,1,0,0
37.327069,-121.916819,49,100.65,4917.75,0,5499,0,0,0,0,1,0,0,1,0,0,0,0,0,0,1,0,1,0,1,0,1,0,1,0,1,0,0
37.316146,-121.936285,70,79.7,5743.3,0,4848,0,0,1,1,1,0,1,0,0,0,1,0,1,0,1,0,1,0,1,0,0,0,1,0,0,0,0
37.305622,-122.000887,32,61.4,1864.65,0,2649,0,0,1,1,1,0,0,0,0,0,1,0,1,0,0,0,1,0,0,0,0,0,0,0,0,0,0
37.277592,-121.986477,18,69.8,1221.65,0,2421,0,0,0,0,1,0,0,1,0,0,0,0,0,0,0,0,0,0,0,0,0,0,0,1,0,1,0
37.387027,-121.897775,37,40.55,1390.85,0,4050,1,0,0,0,0,1,0,0,0,0,1,0,1,0,0,0,1,0,0,0,0,0,1,1,0,0,1
37.424655,-121.74841,4,75.65,302.35,0,5396,0,0,0,0,1,0,1,1,0,0,0,0,0,0,0,0,0,0,0,0,0,0,0,1,0,1,0
37.371862,-121.860349,16,90.7,1374.9,0,4839,0,0,1,0,1,0,1,1,0,0,1,0,1,0,1,0,0,0,0,0,0,0,0,0,0,1,0
37.42765,-121.945416,17,80.5,1336.9,0,3591,1,0,1,0,1,0,1,1,0,0,0,0,1,0,0,0,0,0,0,0,0,0,0,1,0,0,0
37.28682,-121.723877,19,60.6,1297.8,0,2463,0,0,0,1,1,0,0,0,0,0,1,0,1,0,1,0,0,0,0,0,0,0,0,1,0,1,0
37.270938,-121.851046,60,101.15,6067.4,0,5301,1,0,1,0,1,0,1,1,0,0,0,0,0,0,1,0,0,0,1,0,1,0,1,0,1,0,0
37.246064,-121.749494,51,24.95,1222.25,0,5461,1,0,1,1,1,0,1,0,1,1,0,1,0,1,0,1,0,1,0,1,0,0,1,1,0,0,1
37.218705,-121.762429,28,20.3,487.95,0,2948,1,0,1,1,1,0,0,0,1,1,0,1,0,1,0,1,0,1,0,1,0,0,1,1,1,0,0
37.382909,-121.634151,43,60.0,2548.55,0,4614,1,0,0,0,1,0,0,0,0,0,0,0,1,0,0,0,0,0,0,0,1,0,1,1,0,1,0
37.339533,-121.777179,42,20.25,835.5,0,5940,1,0,1,0,1,0,0,0,1,1,0,1,0,1,0,1,0,1,0,1,0,0,1,0,0,1,0
37.954089,-121.329761,1,44.75,44.75,0,4118,0,0,0,0,1,0,0,0,0,0,0,0,0,0,0,0,0,0,0,0,0,0,0,0,0,0,1
37.965695,-121.260051,63,98.0,6218.45,0,5989,0,0,0,0,1,0,1,1,0,0,1,0,1,0,1,0,0,0,1,0,0,0,1,0,1,0,0
38.002125,-121.324979,68,107.7,7320.9,0,5015,1,0,1,0,1,0,1,1,0,0,1,0,1,0,0,0,1,0,1,0,1,0,0,1,0,1,0
38.033219,-121.297433,60,104.7,6333.8,0,6186,0,0,0,0,1,0,1,1,0,0,0,0,1,0,1,0,0,0,1,0,1,0,1,0,0,1,0
37.946282,-121.139499,45,93.9,4200.25,0,3960,1,1,0,0,1,0,1,1,0,0,0,0,0,0,0,0,0,0,1,0,1,0,0,1,0,0,0
38.029729,-121.387999,70,86.45,5950.2,0,5950,0,0,1,0,1,0,0,0,0,0,1,0,1,0,1,0,1,0,1,0,1,0,1,0,1,0,0
38.071327,-120.632221,4,19.4,93.4,0,4402,1,0,0,0,1,0,0,0,1,1,0,1,0,1,0,1,0,1,0,1,0,0,0,0,0,0,1
38.208336,-120.339938,68,24.95,1614.9,0,6146,0,0,1,0,1,0,1,0,1,1,0,1,0,1,0,1,0,1,0,1,0,0,1,1,1,0,0
38.183918,-120.898817,22,75.0,1573.95,0,4040,1,0,1,1,1,0,0,1,0,0,1,0,0,0,0,0,0,0,0,0,0,0,0,0,0,0,0
37.943954,-120.67108,18,78.2,1468.75,0,2831,1,0,1,0,1,0,0,1,0,0,0,0,0,0,1,0,1,0,0,0,0,0,0,0,0,1,0
37.956963,-120.863055,29,94.2,2607.6,0,4561,1,0,0,0,1,0,0,1,0,0,0,0,0,0,0,0,1,0,1,0,1,0,0,1,0,1,0
38.047746,-121.030499,31,50.05,1523.4,0,4529,1,0,0,0,0,1,0,0,0,0,0,0,0,0,1,0,0,0,1,0,1,1,0,1,0,1,0
38.123544,-121.159078,48,69.55,3435.6,0,2478,0,0,1,0,1,0,1,0,0,0,0,0,0,0,1,0,1,0,0,0,1,1,0,1,0,0,1
38.304194,-120.592431,50,90.1,4549.45,0,6435,1,0,0,0,1,0,0,1,0,0,1,0,1,0,1,0,1,0,0,0,0,1,0,1,1,0,0
38.264262,-120.515133,7,44.65,322.5,0,4300,1,0,0,0,1,0,0,0,0,0,0,0,0,0,0,0,0,0,0,0,0,0,0,1,0,0,0
38.196497,-120.61689,68,80.35,5375.15,0,5954,1,0,1,1,1,0,0,1,0,0,1,0,0,0,1,0,0,0,0,0,0,0,1,0,1,0,0
38.244806,-120.417301,26,98.1,2510.7,0,3114,0,1,1,0,1,0,1,1,0,0,0,0,0,0,1,0,0,0,1,0,1,0,0,1,0,0,0
38.055562,-120.456298,57,53.35,3090.05,0,5461,1,0,0,0,0,1,0,0,0,0,0,0,0,0,1,0,1,0,1,0,1,0,1,0,1,0,0
38.156971,-120.849231,3,19.55,61.05,0,3889,0,0,0,0,1,0,0,0,1,1,0,1,0,1,0,1,0,1,0,1,0,0,0,0,0,1,0
38.41935,-120.469545,19,48.95,955.6,0,2394,1,0,1,1,1,0,0,0,0,0,1,0,0,0,0,0,0,0,0,0,0,1,0,1,0,0,0
38.392686,-120.415951,3,54.2,140.4,0,3167,0,0,0,0,1,0,0,0,0,0,0,0,0,0,0,0,0,0,1,0,0,0,0,1,0,1,0
38.169605,-121.310964,59,24.45,1493.1,0,6196,0,0,0,0,1,0,1,0,1,1,0,1,0,1,0,1,0,1,0,1,0,0,1,0,0,1,0
37.4695,-120.672724,42,40.15,1626.05,0,4348,1,0,1,0,0,1,0,0,0,0,1,0,0,0,0,0,0,0,1,0,0,0,0,1,0,0,0
37.394411,-120.127262,67,25.6,1784.9,0,4879,1,0,1,0,1,0,1,0,1,1,0,1,0,1,0,1,0,1,0,1,0,0,1,0,1,0,0
37.553469,-120.952825,1,70.35,70.35,0,2722,1,0,0,0,1,0,0,1,0,0,0,0,0,0,0,0,0,0,0,0,0,0,0,1,0,1,0
38.085839,-120.37855,66,91.7,6075.9,0,5453,1,0,1,0,1,0,1,0,0,0,1,0,1,0,1,0,1,0,1,0,1,0,1,0,0,0,0
37.722127,-120.110174,61,89.2,5500.6,0,5536,0,0,0,0,1,0,1,1,0,0,0,0,0,0,1,0,0,0,0,0,1,0,0,0,0,0,1
37.420273,-120.66527,4,24.1,73.1,0,4463,1,0,1,1,1,0,1,0,1,1,0,1,0,1,0,1,0,1,0,1,0,1,0,0,1,0,0
37.422961,-120.765493,64,53.85,3399.85,0,4954,0,0,1,1,1,0,1,0,0,0,0,0,1,0,0,0,0,0,0,0,0,1,0,1,0,0,0
37.524721,-120.757977,54,115.6,6431.05,0,4337,0,1,1,0,1,0,1,1,0,0,1,0,1,0,1,0,1,0,1,0,1,1,0,1,0,0,0
37.127386,-120.506422,1,19.75,19.75,0,5809,1,0,0,0,1,0,0,0,1,1,0,1,0,1,0,1,0,1,0,1,0,0,0,1,1,0,0
37.654551,-119.822984,54,24.05,1230.9,0,4039,1,0,1,1,1,0,1,0,1,1,0,1,0,1,0,1,0,1,0,1,0,0,1,1,0,0,0
37.818543,-121.006907,18,25.3,454.65,0,3416,0,0,0,1,1,0,1,0,1,1,0,1,0,1,0,1,0,1,0,1,0,0,1,0,1,0,0
37.902968,-119.667544,3,84.3,235.05,0,5828,1,0,0,0,1,0,0,1,0,0,0,0,1,0,0,0,0,0,0,0,1,0,0,0,0,1,0
37.605926,-120.69955,72,89.75,6595.9,0,5096,0,0,1,1,1,0,1,0,0,0,1,0,1,0,1,0,1,0,1,0,1,0,1,0,1,0,0
37.394536,-120.890747,60,97.95,5867.0,0,6150,1,1,1,0,1,0,0,1,0,0,0,0,1,0,1,0,0,0,1,0,1,1,0,1,0,1,0
37.479926,-120.230424,11,20.0,196.35,0,5837,0,0,1,1,1,0,0,0,1,1,0,1,0,1,0,1,0,1,0,1,0,1,0,1,0,0,1
37.84771,-120.486589,61,103.9,6449.15,0,4079,1,0,1,1,1,0,0,1,0,0,0,0,1,0,1,0,1,0,1,0,1,1,0,0,1,0,0
37.555631,-120.911653,39,20.7,762.45,0,3733,0,0,0,0,1,0,0,0,1,1,0,1,0,1,0,1,0,1,0,1,0,0,1,0,1,0,0
37.249377,-120.249581,37,20.15,785.75,0,4422,1,0,0,0,1,0,0,0,1,1,0,1,0,1,0,1,0,1,0,1,0,1,0,0,1,0,0
37.361987,-120.748394,72,26.0,1776.0,0,5374,0,0,1,0,1,0,1,0,1,1,0,1,0,1,0,1,0,1,0,1,0,0,1,1,0,0,1
38.109125,-120.078597,72,77.35,5396.25,0,6202,1,1,1,0,1,0,1,0,0,0,0,0,1,0,1,0,1,0,1,0,0,0,1,0,1,0,0
37.830267,-121.201018,8,66.05,574.5,0,4157,0,0,0,0,1,0,0,0,0,0,1,0,0,0,0,0,1,0,0,0,1,0,0,0,0,0,0
37.750822,-121.238423,22,19.9,400.3,0,5657,0,0,1,1,1,0,0,0,1,1,0,1,0,1,0,1,0,1,0,1,0,0,0,0,0,0,1
37.255637,-120.493537,38,68.15,2656.3,0,3371,0,0,0,0,1,0,1,0,0,0,0,0,1,0,0,0,1,0,0,0,1,0,0,0,1,0,0
37.581496,-119.972762,17,80.85,1445.95,0,3913,1,0,0,1,1,0,0,0,0,0,0,0,1,0,1,0,1,0,1,0,1,1,0,0,0,1,0
38.121601,-120.133915,70,75.5,5212.65,0,6024,0,1,0,0,1,0,1,0,0,0,0,0,1,0,1,0,1,0,1,0,0,0,1,1,0,0,0
37.671806,-121.007575,28,80.6,2244.95,0,2951,0,0,0,0,1,0,0,1,0,0,0,0,0,0,0,0,0,0,0,0,1,0,0,1,0,1,0
37.621458,-121.012295,15,83.2,1130.0,0,4096,0,0,0,0,1,0,0,1,0,0,0,0,1,0,0,0,0,0,1,0,0,0,0,1,0,0,0
37.639029,-120.964772,72,87.55,6463.15,0,5341,1,0,1,1,1,0,1,0,0,0,1,0,1,0,1,0,1,0,1,0,1,0,1,1,0,0,0
37.670526,-120.877572,57,109.4,6252.7,0,6026,0,0,1,0,1,0,1,1,0,0,0,0,1,0,1,0,1,0,1,0,1,1,0,1,0,0,0
37.343846,-121.039391,46,45.55,2062.15,0,5565,0,0,1,0,0,1,0,0,0,0,1,0,1,0,0,0,0,0,1,0,0,0,0,0,0,1,0
37.785033,-120.776141,30,20.7,587.1,0,2492,1,0,1,0,1,0,0,0,1,1,0,1,0,1,0,1,0,1,0,1,0,1,0,0,1,0,0
37.410236,-121.320337,10,75.3,720.45,0,4254,1,1,1,0,1,0,0,1,0,0,1,0,0,0,0,0,0,0,0,0,0,0,0,0,0,1,0
37.329725,-120.306399,32,93.4,2979.3,0,3224,1,0,0,0,1,0,0,1,0,0,1,0,1,0,1,0,0,0,0,0,1,0,0,1,1,0,0
37.750778,-121.13238,13,73.75,956.65,0,2070,1,0,0,0,1,0,0,1,0,0,1,0,0,0,0,0,0,0,0,0,0,0,0,1,1,0,0
37.713152,-121.08739,44,88.15,3973.2,0,4112,0,0,0,0,1,0,0,1,0,0,0,0,1,0,1,0,0,0,1,0,0,0,0,1,1,0,0
37.521708,-120.426843,9,49.2,447.9,0,2145,1,1,0,0,1,0,0,0,0,0,0,0,0,0,0,0,1,0,0,0,0,0,0,0,0,0,1
37.982716,-120.343732,67,19.65,1335.2,0,4994,0,0,1,0,1,0,0,0,1,1,0,1,0,1,0,1,0,1,0,1,0,0,1,0,0,0,1
37.680968,-121.446049,71,105.15,7555.0,0,5707,0,0,1,0,1,0,1,1,0,0,0,0,1,0,1,0,0,0,1,0,1,0,1,1,0,0,0
37.939768,-120.188002,1,49.0,49.0,0,5289,1,0,0,0,1,0,0,0,0,0,0,0,0,0,0,0,1,0,0,0,0,0,0,0,1,0,0
38.107441,-120.230625,17,49.8,836.35,0,5575,1,0,1,0,0,1,0,0,0,0,0,0,1,0,0,0,0,0,1,0,1,0,0,1,0,0,1
37.546007,-121.28257,1,20.95,20.95,0,2285,1,0,0,0,1,0,0,0,1,1,0,1,0,1,0,1,0,1,0,1,0,0,0,0,0,0,0
37.704267,-119.607001,32,79.3,2570.0,0,5242,0,1,1,0,1,0,1,1,0,0,0,0,0,0,1,0,0,0,0,0,0,0,0,0,0,0,1
38.460517,-122.790335,41,19.5,798.2,0,2446,1,0,1,1,1,0,0,0,1,1,0,1,0,1,0,1,0,1,0,1,0,1,0,0,0,0,0
38.526941,-122.709096,1,44.15,44.15,0,3103,0,0,0,0,1,0,0,0,0,0,0,0,0,0,0,0,0,0,0,0,0,0,0,0,0,0,0
38.394091,-122.739814,62,105.5,6487.2,0,4271,1,0,1,1,1,0,1,1,0,0,1,0,1,0,0,0,0,0,1,0,1,0,0,1,0,1,0
39.225694,-123.717354,17,92.7,1556.85,0,2347,0,0,0,1,1,0,1,1,0,0,0,0,1,0,1,0,1,0,0,0,0,0,0,1,1,0,0
38.731055,-123.316553,72,26.25,1988.05,0,5098,0,0,1,1,1,0,1,0,1,1,0,1,0,1,0,1,0,1,0,1,0,0,1,1,0,0,0
39.025867,-123.381544,56,96.95,5432.2,0,6484,1,0,1,1,1,0,1,1,0,0,0,0,1,0,0,0,1,0,1,0,0,0,0,1,1,0,0
39.710591,-123.682799,9,20.45,147.55,0,2392,0,0,0,0,1,0,0,0,1,1,0,1,0,1,0,1,0,1,0,1,0,0,0,1,1,0,0
39.361283,-123.784599,72,115.8,8424.9,0,6479,1,0,1,0,1,0,1,1,0,0,1,0,1,0,1,0,1,0,1,0,1,0,1,1,0,0,0
38.578807,-123.19338,20,108.2,2203.7,0,2102,1,0,0,0,1,0,0,1,0,0,1,0,1,0,1,0,1,0,1,0,1,0,0,1,0,0,0
38.965804,-122.631779,19,20.2,387.4,0,4821,1,0,1,1,1,0,0,0,1,1,0,1,0,1,0,1,0,1,0,1,0,0,1,0,0,0,1
38.801936,-122.938935,53,54.9,3045.75,0,5677,1,0,0,0,0,1,0,0,0,0,0,0,0,0,1,0,1,0,1,0,1,1,0,0,1,0,0
39.239818,-123.565432,6,20.15,130.5,0,5761,1,0,0,0,1,0,0,0,1,1,0,1,0,1,0,1,0,1,0,1,0,0,0,0,0,0,0
39.83307,-123.178765,9,90.35,767.9,0,2993,1,0,1,1,1,0,1,1,0,0,0,0,0,0,1,0,0,0,1,0,0,1,0,1,0,1,0
39.756049,-123.358701,8,55.75,446.8,0,5681,0,0,1,1,1,0,1,0,0,0,0,0,1,0,0,0,0,0,0,0,0,0,0,0,0,1,0
38.445603,-123.063756,71,114.6,8100.25,0,4071,0,0,1,1,1,0,1,1,0,0,1,0,1,0,1,0,1,0,1,0,1,0,1,0,0,0,0
38.499302,-122.92444,71,66.8,4689.15,0,4698,0,0,1,0,0,1,0,0,0,0,1,0,1,0,1,0,1,0,1,0,1,1,0,0,0,0,0
39.455555,-123.683979,68,100.3,6754.35,0,5757,1,0,1,0,1,0,0,1,0,0,0,0,1,0,0,0,1,0,1,0,1,1,0,1,0,1,0
38.493888,-122.777141,34,105.35,3540.65,0,5503,1,0,0,0,1,0,1,1,0,0,0,0,1,0,0,0,1,0,1,0,1,0,0,1,0,1,0
38.731771,-123.064272,26,85.2,2184.6,0,5156,1,0,0,0,1,0,0,1,0,0,0,0,1,0,1,0,1,0,0,0,0,1,0,1,0,1,0
39.045246,-122.743181,7,18.95,130.55,0,4097,1,0,0,0,1,0,0,0,1,1,0,1,0,1,0,1,0,1,0,1,0,0,0,1,0,0,1
38.434362,-122.86891,20,69.8,1540.35,0,5456,0,0,1,0,1,0,0,1,0,0,0,0,0,0,0,0,0,0,0,0,0,0,0,1,0,0,0
38.848082,-123.50608,60,106.15,6411.25,0,4115,0,0,1,0,1,0,1,1,0,0,0,0,1,0,1,0,0,0,1,0,1,0,0,1,0,1,0
38.52576,-123.013347,72,20.55,1432.55,0,5809,1,0,1,1,1,0,0,0,1,1,0,1,0,1,0,1,0,1,0,1,0,0,1,0,0,1,0
38.618347,-122.908422,72,105.75,7629.85,0,5832,0,1,1,0,1,0,1,1,0,0,0,0,1,0,1,0,0,0,1,0,1,1,0,1,1,0,0
38.93706,-123.118111,4,25.25,101.9,0,3962,1,0,0,0,1,0,1,0,1,1,0,1,0,1,0,1,0,1,0,1,0,0,0,0,0,0,1
38.505995,-123.187019,16,19.75,313.4,0,3677,1,0,1,1,1,0,0,0,1,1,0,1,0,1,0,1,0,1,0,1,0,0,0,0,0,1,0
38.93496,-122.792243,62,104.85,6312.9,0,5061,0,1,1,0,1,0,1,1,0,0,1,0,0,0,1,0,0,0,1,0,1,1,0,1,0,1,0
38.419525,-122.521585,10,60.95,629.55,0,4323,0,0,0,0,1,0,0,0,0,0,0,0,0,0,0,0,1,0,0,0,1,0,0,1,0,0,1
39.080469,-122.955176,31,81.15,2640.55,0,3031,1,0,0,0,1,0,1,1,0,0,0,0,1,0,0,0,0,0,0,0,0,0,0,1,0,1,0
39.806141,-123.531098,71,19.1,1372.45,0,4241,0,0,1,0,1,0,0,0,1,1,0,1,0,1,0,1,0,1,0,1,0,0,1,0,1,0,0
39.245911,-123.77214,58,20.8,1212.25,0,4758,1,0,0,0,1,0,0,0,1,1,0,1,0,1,0,1,0,1,0,1,0,0,1,0,0,0,1
38.925545,-122.549083,70,90.15,6237.05,0,5824,1,0,1,1,1,0,1,0,0,0,1,0,1,0,1,0,1,0,1,0,1,0,1,1,1,0,0
39.141934,-122.770679,71,90.1,6310.9,0,5054,0,0,1,0,1,0,1,0,0,0,1,0,1,0,1,0,1,0,1,0,1,0,1,0,0,1,0
38.966713,-123.586412,69,74.1,5031.0,0,4204,1,1,0,0,1,0,1,0,0,0,1,0,0,0,1,0,1,0,0,0,1,0,1,0,1,0,0
38.787446,-122.58675,72,118.75,8672.45,0,5475,0,0,1,1,1,0,1,1,0,0,1,0,1,0,1,0,1,0,1,0,1,0,1,1,0,0,0
38.471049,-123.015549,26,85.9,2196.45,0,4038,0,0,1,0,1,0,0,1,0,0,0,0,0,0,0,0,1,0,0,0,1,0,0,0,1,0,0
39.182916,-123.552571,33,95.0,3008.15,0,4639,0,0,1,0,1,0,1,1,0,0,0,0,0,0,1,0,1,0,0,0,1,0,0,1,1,0,0
39.12334,-122.838198,10,20.15,220.8,0,2836,0,0,1,1,1,0,0,0,1,1,0,1,0,1,0,1,0,1,0,1,0,0,1,0,0,0,1
38.415003,-122.998726,57,101.3,5779.6,0,4421,0,1,0,0,1,0,1,1,0,0,1,0,0,0,1,0,1,0,0,0,1,0,1,0,1,0,0
39.094102,-123.500853,10,21.2,222.65,0,2066,0,0,0,0,1,0,0,0,1,1,0,1,0,1,0,1,0,1,0,1,0,0,0,1,0,1,0
38.911299,-123.609588,39,24.2,914.6,0,3109,0,0,1,1,1,0,1,0,1,1,0,1,0,1,0,1,0,1,0,1,0,1,0,1,0,0,1
39.408634,-123.045516,11,20.3,246.3,0,4188,0,0,0,0,1,0,0,0,1,1,0,1,0,1,0,1,0,1,0,1,0,0,0,0,0,0,0
38.522328,-122.97932,68,85.3,5560.0,0,4732,0,0,1,1,1,0,1,0,0,0,0,0,1,0,1,0,1,0,1,0,1,0,1,0,0,0,0
38.398815,-122.861923,18,89.6,1633.0,0,2269,1,0,0,0,1,0,1,1,0,0,0,0,0,0,1,0,0,0,1,0,0,1,0,1,1,0,0
39.134075,-123.23422,18,56.25,969.85,0,2277,1,0,0,0,1,0,1,0,0,0,1,0,0,0,0,0,0,0,0,0,0,0,0,0,0,0,1
39.220368,-122.907693,52,50.95,2610.65,0,4298,0,0,1,1,1,0,0,0,0,0,0,0,0,0,1,0,0,0,0,0,0,1,0,1,0,0,0
39.724433,-123.767578,56,115.85,6567.9,0,4937,1,0,1,1,1,0,1,1,0,0,1,0,1,0,1,0,1,0,1,0,1,0,1,0,0,0,1
39.492046,-123.375818,45,103.65,4747.85,0,2183,1,0,0,0,1,0,1,1,0,0,0,0,0,0,1,0,1,0,1,0,1,0,0,1,0,0,0
38.527297,-122.810044,67,26.1,1759.55,0,6466,0,0,0,0,1,0,1,0,1,1,0,1,0,1,0,1,0,1,0,1,0,0,1,1,0,0,1
39.222323,-122.985488,3,35.1,101.1,0,3610,1,0,1,0,0,1,0,0,0,0,1,0,0,0,0,0,1,0,0,0,0,0,0,0,0,0,1
38.888351,-123.239647,65,99.1,6496.15,0,4574,1,1,0,0,1,0,0,1,0,0,0,0,1,0,1,0,0,0,1,0,1,0,0,1,0,0,0
38.696659,-123.436861,63,67.25,4234.15,0,6438,1,0,1,0,1,0,1,0,0,0,0,0,1,0,0,0,1,0,0,0,1,0,1,0,0,0,1
40.796621,-124.15428,11,25.0,300.7,0,5409,0,0,1,1,1,0,1,0,1,1,0,1,0,1,0,1,0,1,0,1,0,0,1,0,0,0,1
40.737431,-124.108897,1,59.55,59.55,0,5824,1,0,0,1,1,0,0,0,0,0,0,0,0,0,0,0,1,0,0,0,1,0,0,1,0,0,1
40.166028,-123.584144,55,77.8,4323.35,0,6483,1,0,0,0,1,0,1,0,0,0,0,0,0,0,1,0,0,0,1,0,1,0,1,1,0,0,0
40.309088,-123.668201,25,55.1,1466.1,0,2499,1,0,1,1,1,0,1,0,0,0,0,0,0,0,0,0,1,0,0,0,0,1,0,1,0,0,1
40.839958,-124.003757,72,24.15,1776.45,0,5613,0,0,1,0,1,0,1,0,1,1,0,1,0,1,0,1,0,1,0,1,0,0,1,1,1,0,0
40.825486,-124.049485,65,45.25,2933.95,0,5712,0,0,0,1,0,1,0,0,0,0,0,0,1,0,0,0,1,0,1,0,0,0,1,0,0,0,1
40.372532,-123.525626,7,20.25,144.35,0,4954,1,0,1,1,1,0,0,0,1,1,0,1,0,1,0,1,0,1,0,1,0,0,0,0,0,0,1
40.854512,-123.450097,72,64.75,4804.75,0,4675,0,0,1,0,1,0,1,0,0,0,1,0,1,0,0,0,1,0,0,0,0,0,1,0,0,0,0
40.497283,-123.93037,21,54.6,1125.2,0,5763,1,0,1,0,1,0,0,0,0,0,0,0,0,0,0,0,0,0,1,0,0,0,0,0,0,0,0
41.701223,-124.003393,2,20.7,39.85,0,2107,0,0,0,0,1,0,0,0,1,1,0,1,0,1,0,1,0,1,0,1,0,0,0,1,0,0,0
40.4785,-124.301372,4,94.75,422.4,0,2757,1,1,0,0,1,0,0,1,0,0,0,0,0,0,1,0,0,0,1,0,1,0,0,1,0,1,0
40.584991,-124.121504,72,115.8,8332.15,0,5130,1,0,1,0,1,0,1,1,0,0,1,0,1,0,1,0,1,0,1,0,1,0,1,0,1,0,0
40.057784,-123.679461,6,49.45,314.6,0,3672,0,0,0,0,1,0,0,0,0,0,1,0,0,0,0,0,0,0,0,0,0,0,0,1,0,1,0
41.867908,-123.794144,52,83.8,4331.4,0,6339,1,0,0,0,1,0,0,1,0,0,0,0,0,0,1,0,0,0,0,0,1,0,0,1,1,0,0
40.342928,-124.063329,69,95.35,6382.0,0,6132,1,1,1,0,1,0,1,1,0,0,0,0,1,0,1,0,0,0,0,0,1,0,0,1,0,0,0
40.557314,-124.081662,8,74.05,600.15,0,4899,0,1,0,0,1,0,0,1,0,0,0,0,0,0,1,0,0,0,0,0,0,0,0,1,0,0,0
41.572813,-124.035011,63,89.6,5538.8,0,4438,0,1,0,0,1,0,1,1,0,0,0,0,0,0,1,0,0,0,0,0,1,0,0,1,0,0,0
40.664483,-123.865325,60,116.6,7049.5,0,5680,1,0,0,0,1,0,1,1,0,0,1,0,1,0,1,0,1,0,1,0,1,1,0,1,1,0,0
40.7666,-123.80458,12,54.2,690.5,0,4474,0,0,1,0,1,0,0,0,0,0,1,0,0,0,0,0,1,0,0,0,0,0,0,0,0,0,0
40.665952,-124.240051,13,19.3,279.3,0,5917,0,0,0,0,1,0,0,0,1,1,0,1,0,1,0,1,0,1,0,1,0,0,0,1,0,0,1
40.390301,-123.412327,22,65.05,1427.55,0,4709,1,0,0,0,1,0,1,0,0,0,1,0,1,0,1,0,0,0,0,0,0,0,0,0,0,0,1
41.336354,-124.044354,72,24.05,1709.15,0,4755,0,0,1,1,1,0,1,0,1,1,0,1,0,1,0,1,0,1,0,1,0,0,1,1,0,0,0
41.269521,-123.546958,2,18.75,53.15,0,5355,0,0,0,0,1,0,0,0,1,1,0,1,0,1,0,1,0,1,0,1,0,0,0,0,0,0,0
40.274302,-124.210902,40,20.15,777.35,0,3556,0,0,1,1,1,0,0,0,1,1,0,1,0,1,0,1,0,1,0,1,0,0,1,0,0,0,0
40.184094,-123.745487,44,20.0,860.85,0,3743,1,0,1,1,1,0,0,0,1,1,0,1,0,1,0,1,0,1,0,1,0,1,0,0,0,0,0
40.142256,-123.852927,71,71.0,5012.1,0,5247,1,1,1,0,1,0,0,0,0,0,1,0,1,0,0,0,1,0,1,0,0,1,0,1,0,0,0
40.89866,-123.539754,26,93.6,2404.1,0,4030,1,1,0,0,1,0,1,1,0,0,0,0,0,0,0,0,0,0,1,0,1,0,0,1,0,1,0
40.440636,-124.098739,1,24.4,24.4,0,5092,0,0,0,0,0,1,0,0,0,0,0,0,0,0,0,0,0,0,0,0,0,0,0,0,0,0,1
41.444606,-123.471895,3,65.25,209.9,0,2562,1,0,0,0,1,0,1,0,0,0,0,0,0,0,0,0,1,0,1,0,0,0,0,1,0,0,1
40.363446,-123.835041,13,50.55,610.75,0,5530,1,0,0,0,1,0,0,0,0,0,0,0,0,0,0,0,1,0,0,0,0,0,0,1,0,0,1
40.310119,-123.909449,1,70.7,70.7,0,4056,0,0,0,0,1,0,0,1,0,0,0,0,0,0,0,0,0,0,0,0,0,0,0,1,0,0,1
40.949012,-123.655847,4,45.25,155.35,0,2776,1,0,1,1,1,0,0,0,0,0,0,0,0,0,0,0,0,0,0,0,0,0,0,0,0,0,1
39.873371,-123.741474,2,70.3,144.0,0,2980,1,0,0,0,1,0,0,1,0,0,0,0,0,0,0,0,0,0,0,0,0,0,0,1,0,1,0
39.955587,-123.681175,72,108.95,7875.0,0,5758,1,0,1,0,1,0,1,1,0,0,1,0,1,0,0,0,1,0,1,0,1,0,1,1,1,0,0
40.053159,-123.995867,37,26.45,911.6,0,5359,0,0,1,1,1,0,1,0,1,1,0,1,0,1,0,1,0,1,0,1,0,0,0,0,0,0,1
38.431407,-120.8421,23,19.65,478.1,0,5916,0,0,0,0,1,0,0,0,1,1,0,1,0,1,0,1,0,1,0,1,0,1,0,1,1,0,0
38.912881,-121.082766,42,19.05,761.85,0,5091,0,0,1,1,1,0,0,0,1,1,0,1,0,1,0,1,0,1,0,1,0,1,0,1,0,1,0
38.592745,-121.540036,32,74.75,2282.95,0,2830,0,0,0,0,1,0,1,0,0,0,1,0,0,0,0,0,0,0,1,0,1,1,0,0,0,0,1
38.809804,-122.241383,22,75.8,1615.1,0,4479,0,0,1,1,1,0,1,1,0,0,0,0,0,0,0,0,0,0,0,0,0,0,0,1,0,0,0
38.681651,-122.130569,42,25.1,1097.15,0,4959,1,0,1,0,0,1,0,0,0,0,0,0,0,0,0,0,0,0,0,0,0,0,0,1,1,0,0
38.626128,-121.328011,8,44.45,369.3,0,4909,0,0,0,0,1,0,0,0,0,0,0,0,0,0,0,0,0,0,0,0,0,0,0,0,0,0,1
38.69508,-121.271616,65,104.3,6725.3,0,4997,0,0,1,1,1,0,1,1,0,0,1,0,0,0,1,0,0,0,1,0,1,0,1,1,1,0,0
38.880622,-120.973865,70,89.0,6293.2,0,5650,0,0,1,1,1,0,1,0,0,0,1,0,1,0,1,0,1,0,1,0,1,0,1,1,0,0,0
38.311609,-121.554034,22,20.15,432.5,0,2722,1,0,0,1,1,0,0,0,1,1,0,1,0,1,0,1,0,1,0,1,0,0,0,0,1,0,0
38.683605,-120.811852,67,36.15,2434.45,0,6314,0,0,1,1,0,1,0,0,0,0,1,0,1,0,0,0,0,0,0,0,0,0,1,0,0,0,0
38.392821,-121.799917,25,19.2,532.1,0,2159,0,0,0,0,1,0,0,0,1,1,0,1,0,1,0,1,0,1,0,1,0,0,0,1,1,0,0
38.69549,-121.307864,20,19.25,375.25,0,4137,0,0,1,0,1,0,0,0,1,1,0,1,0,1,0,1,0,1,0,1,0,0,0,0,0,0,0
38.63153,-120.842609,2,61.2,125.95,0,5056,0,0,0,1,1,0,0,0,0,0,1,0,0,0,0,0,0,0,0,0,1,0,0,1,1,0,0
38.434138,-121.30587,51,20.45,1042.65,0,6097,1,0,0,0,1,0,0,0,1,1,0,1,0,1,0,1,0,1,0,1,0,0,1,0,0,0,1
38.349195,-121.902943,46,35.05,1620.25,0,4829,0,0,1,1,0,1,0,0,0,0,1,0,1,0,0,0,0,0,0,0,0,0,0,0,0,0,0
38.834469,-122.127193,13,44.0,659.35,0,5611,1,0,0,1,1,0,0,0,0,0,0,0,0,0,0,0,0,0,0,0,0,0,0,0,0,0,1
38.513484,-120.704613,26,50.35,1285.8,0,3386,1,0,1,1,1,0,0,0,0,0,0,0,0,0,1,0,0,0,0,0,0,1,0,0,0,0,1
39.031876,-120.811141,19,20.0,377.55,0,5188,1,0,0,1,1,0,0,0,1,1,0,1,0,1,0,1,0,1,0,1,0,0,0,1,0,1,0
38.9386,-120.785514,72,86.4,6058.95,0,6114,0,0,1,0,1,0,1,0,0,0,1,0,1,0,0,0,1,0,1,0,1,0,1,1,0,0,0
38.921333,-120.897718,18,58.4,964.9,0,2812,1,1,0,0,1,0,1,0,0,0,1,0,1,0,0,0,0,0,0,0,0,0,0,1,1,0,0
38.313447,-121.123886,24,94.1,2322.85,0,3192,1,0,0,0,1,0,1,1,0,0,0,0,0,0,0,0,0,0,1,0,1,0,0,1,0,1,0
38.33788,-120.954202,46,108.9,4854.3,0,5119,0,0,1,0,1,0,1,1,0,0,0,0,1,0,1,0,1,0,1,0,1,0,1,1,1,0,0
38.154823,-121.601358,72,107.4,7748.75,0,5294,0,1,0,0,1,0,1,1,0,0,1,0,1,0,1,0,1,0,0,0,1,0,1,1,0,0,0
38.875508,-121.765866,70,90.85,6470.1,0,5129,0,1,1,0,1,0,1,1,0,0,1,0,0,0,0,0,0,0,0,0,1,0,0,1,0,1,0
38.631489,-120.015167,2,19.9,57.4,0,2822,0,0,0,0,1,0,0,0,1,1,0,1,0,1,0,1,0,1,0,1,0,0,0,0,0,1,0
38.922812,-121.312005,31,66.4,2019.8,0,3282,1,0,1,0,1,0,0,0,0,0,0,0,0,0,1,0,1,0,0,0,1,0,0,1,1,0,0
38.815515,-120.916997,16,100.7,1522.7,0,3337,0,0,1,1,1,0,0,1,0,0,1,0,0,0,1,0,0,0,1,0,1,0,0,0,0,0,0
38.674276,-121.961866,52,25.6,1334.5,0,5662,1,0,0,1,1,0,1,0,1,1,0,1,0,1,0,1,0,1,0,1,0,0,1,0,1,0,0
38.549822,-121.266725,13,19.85,252.0,0,2928,1,0,1,1,1,0,0,0,1,1,0,1,0,1,0,1,0,1,0,1,0,0,0,1,0,0,1
38.883224,-121.15918,35,20.75,700.45,0,4261,0,0,0,0,1,0,0,0,1,1,0,1,0,1,0,1,0,1,0,1,0,1,0,0,0,0,1
38.788898,-121.608624,59,95.8,5655.45,0,5470,0,0,0,0,1,0,0,1,0,0,0,0,0,0,1,0,0,0,1,0,1,0,1,0,0,1,0
38.671295,-121.388251,72,94.65,6747.35,0,5943,1,0,1,0,1,0,0,1,0,0,0,0,0,0,1,0,0,0,1,0,1,0,0,1,0,1,0
38.689174,-121.218435,49,106.65,5174.35,0,5948,0,0,1,0,1,0,1,1,0,0,1,0,1,0,1,0,1,0,0,0,1,0,1,0,1,0,0
38.859093,-121.182872,2,45.85,105.6,0,2245,0,0,0,0,1,0,0,0,0,0,0,0,0,0,0,0,0,0,0,0,0,0,0,1,0,0,1
38.803731,-121.043799,21,104.35,2271.85,0,4934,1,1,0,0,1,0,1,1,0,0,0,0,1,0,1,0,0,0,1,0,1,0,0,1,0,1,0
38.400264,-120.641274,54,55.45,2966.95,0,4521,1,1,0,0,0,1,0,0,0,0,0,0,1,0,1,0,0,0,1,0,1,1,0,1,0,1,0
38.733714,-120.795213,1,61.15,61.15,0,4592,1,0,0,0,1,0,1,0,0,0,1,0,1,0,0,0,0,0,0,0,0,0,0,0,0,1,0
38.833554,-121.498102,6,78.95,494.95,0,4093,1,0,0,0,1,0,0,1,0,0,1,0,1,0,0,0,0,0,0,0,0,0,0,1,0,1,0
38.602723,-121.279913,49,109.2,5290.45,0,6005,1,0,0,1,1,0,1,1,0,0,1,0,1,0,1,0,0,0,1,0,1,1,0,1,1,0,0
38.724322,-120.991237,56,61.3,3346.8,0,4173,0,0,1,1,1,0,0,0,0,0,1,0,1,0,1,0,0,0,0,0,0,0,1,1,1,0,0
38.688764,-121.457596,56,96.85,5219.65,0,5679,0,1,0,0,1,0,1,1,0,0,1,0,1,0,0,0,0,0,0,0,1,0,0,1,0,1,0
38.954144,-121.482536,6,40.55,217.5,0,2866,0,0,1,1,0,1,0,0,0,0,0,0,1,0,1,0,1,0,0,0,0,0,1,0,0,0,1
38.545775,-120.743325,32,19.8,607.7,0,4636,1,0,0,0,1,0,0,0,1,1,0,1,0,1,0,1,0,1,0,1,0,1,0,0,0,0,1
38.7904,-121.236973,50,108.25,5431.4,0,4972,1,0,1,1,1,0,1,1,0,0,1,0,1,0,1,0,0,0,1,0,1,1,0,1,0,1,0
38.759751,-121.288545,58,105.05,6004.85,0,5870,1,0,1,1,1,0,1,1,0,0,0,0,0,0,1,0,1,0,1,0,1,1,0,1,0,0,0
38.984756,-121.345074,65,90.45,5957.9,0,5509,0,0,1,1,1,0,1,0,0,0,1,0,1,0,1,0,1,0,1,0,1,0,1,1,0,0,1
38.598936,-120.963092,64,86.4,5442.05,0,6474,0,0,0,0,1,0,1,0,0,0,1,0,1,0,1,0,1,0,1,0,1,0,1,1,1,0,0
38.470423,-121.114897,66,66.9,4370.25,0,5546,0,0,1,0,1,0,1,0,0,0,1,0,1,0,1,0,0,0,0,0,0,0,1,0,0,0,0
38.606703,-120.586659,38,110.7,4428.6,0,5461,1,0,1,0,1,0,1,1,0,0,1,0,0,0,1,0,1,0,1,0,1,1,0,1,0,1,0
38.432145,-120.77069,20,20.0,416.45,0,3585,0,0,1,0,1,0,0,0,1,1,0,1,0,1,0,1,0,1,0,1,0,1,0,1,0,0,1
38.333133,-121.920151,64,102.1,6688.1,0,6100,1,1,0,0,1,0,1,1,0,0,0,0,0,0,1,0,1,0,1,0,1,1,0,0,0,1,0
38.481902,-120.603668,60,70.15,4224.7,0,4260,0,0,0,0,1,0,0,0,0,0,0,0,1,0,1,0,1,0,1,0,0,1,0,1,1,0,0
38.627951,-121.593287,50,80.05,4042.2,0,5823,0,0,1,1,1,0,1,0,0,0,1,0,1,0,1,0,1,0,0,0,1,1,0,1,0,0,0
38.392559,-121.225093,72,49.2,3580.95,0,4700,0,0,1,0,0,1,0,0,0,0,1,0,1,0,1,0,0,0,0,0,1,0,1,1,0,1,0
38.578604,-122.024579,60,20.5,1198.8,0,5848,1,0,1,0,1,0,0,0,1,1,0,1,0,1,0,1,0,1,0,1,0,0,1,1,0,0,0
38.71967,-121.862416,46,38.25,1755.35,0,2653,1,0,0,0,0,1,0,0,0,0,1,0,0,0,1,0,1,0,0,0,0,0,1,0,0,0,1
39.218096,-120.79153,69,54.95,3772.5,0,4175,0,0,1,1,0,1,0,0,0,0,0,0,1,0,1,0,0,0,1,0,1,0,1,1,1,0,0
38.983388,-120.988814,31,96.6,2877.95,0,3364,1,1,0,0,1,0,1,1,0,0,0,0,0,0,1,0,1,0,1,0,0,0,0,1,0,0,0
38.748316,-120.675512,19,19.9,357.7,0,5964,1,0,1,1,1,0,0,0,1,1,0,1,0,1,0,1,0,1,0,1,0,1,0,0,0,0,1
39.084645,-120.894014,71,19.9,1397.3,0,6015,0,0,1,1,1,0,0,0,1,1,0,1,0,1,0,1,0,1,0,1,0,0,1,0,1,0,0
39.197215,-120.83679,12,84.6,959.9,0,2499,1,0,1,0,1,0,0,1,0,0,1,0,1,0,1,0,0,0,0,0,0,0,0,1,0,1,0
39.170376,-120.838404,44,85.25,3704.15,0,2292,1,0,0,0,1,0,1,0,0,0,0,0,1,0,1,0,1,0,1,0,1,1,0,1,0,0,0
38.766036,-120.209673,56,81.25,4620.4,0,5907,0,0,1,1,1,0,1,0,0,0,1,0,1,0,1,0,1,0,1,0,0,0,1,0,1,0,0
38.851842,-120.076204,72,115.5,8312.75,0,4697,0,0,1,0,1,0,1,1,0,0,1,0,1,0,1,0,1,0,1,0,1,0,1,1,0,0,0
38.733908,-120.453416,11,79.0,929.3,0,3885,0,0,0,0,1,0,1,1,0,0,1,0,0,0,0,0,0,0,0,0,0,0,0,1,0,0,0
38.805481,-120.13287,15,94.65,1285.05,0,5868,0,1,1,0,1,0,0,1,0,0,0,0,1,0,0,0,0,0,1,0,1,0,0,1,0,1,0
39.00978,-120.978273,72,20.8,1521.2,0,4626,1,0,0,0,1,0,0,0,1,1,0,1,0,1,0,1,0,1,0,1,0,0,1,1,0,0,1
38.591134,-121.161585,56,59.5,3389.25,0,5477,1,0,1,0,1,0,1,0,0,0,0,0,1,0,1,0,0,0,0,0,0,0,1,0,1,0,0
38.749466,-121.184196,64,20.05,1198.05,0,4309,1,1,0,0,1,0,0,0,1,1,0,1,0,1,0,1,0,1,0,1,0,0,1,1,0,0,0
38.784329,-121.373245,34,100.45,3414.65,0,3744,0,0,1,0,1,0,1,1,0,0,0,0,0,0,1,0,0,0,1,0,1,0,0,1,0,1,0
38.684437,-121.055634,35,20.6,754.0,0,2858,1,0,0,0,1,0,0,0,1,1,0,1,0,1,0,1,0,1,0,1,0,1,0,0,0,0,0
38.823278,-121.281856,22,20.3,467.15,0,2768,1,0,0,0,1,0,0,0,1,1,0,1,0,1,0,1,0,1,0,1,0,1,0,0,1,0,0
38.584505,-121.491956,9,39.55,373.0,0,3755,1,0,0,0,0,1,0,0,0,0,1,0,1,0,1,0,0,0,0,0,0,1,0,0,0,0,1
38.574856,-121.46504,23,20.45,481.1,0,3434,1,0,0,0,1,0,0,0,1,1,0,1,0,1,0,1,0,1,0,1,0,1,0,0,0,0,1
38.556306,-121.495817,68,25.25,1728.2,0,4571,1,0,1,0,1,0,1,0,1,1,0,1,0,1,0,1,0,1,0,1,0,0,1,0,0,0,0
38.567594,-121.437507,33,91.25,2964.05,0,3296,1,0,1,0,1,0,0,1,0,0,0,0,0,0,0,0,0,0,1,0,1,0,0,0,0,1,0
38.53508,-121.444144,31,72.45,2156.25,0,3175,1,0,0,0,1,0,0,0,0,0,1,0,1,0,1,0,1,0,1,0,0,0,0,1,0,0,0
38.512569,-121.495184,56,19.7,1051.9,0,4831,0,0,0,0,1,0,0,0,1,1,0,1,0,1,0,1,0,1,0,1,0,0,1,0,0,0,0
38.517295,-121.439819,66,75.1,5013.0,0,6123,1,0,1,1,1,0,0,0,0,0,1,0,1,0,1,0,1,0,1,0,0,1,0,1,0,1,0
38.590035,-121.412455,72,25.0,1738.9,0,4275,1,0,1,1,1,0,1,0,1,1,0,1,0,1,0,1,0,1,0,1,0,0,1,0,0,0,0
38.542532,-121.378826,34,69.15,2275.1,0,4478,1,1,0,0,1,0,0,1,0,0,0,0,0,0,0,0,0,0,0,0,0,0,0,0,1,0,0
38.549185,-121.328386,58,91.55,5511.65,0,6423,0,0,1,1,1,0,0,1,0,0,0,0,1,0,1,0,0,0,1,0,0,0,0,1,0,1,0
38.486502,-121.334051,37,35.8,1316.9,0,5658,1,0,0,0,0,1,0,0,0,0,0,0,0,0,0,0,0,0,1,0,0,0,1,0,1,0,0
38.490508,-121.284171,71,113.15,7993.3,0,4955,0,0,0,0,1,0,1,1,0,0,1,0,1,0,1,0,1,0,1,0,1,0,1,1,1,0,0
38.494832,-121.529447,1,19.85,19.85,0,2618,1,0,1,1,1,0,0,0,1,1,0,1,0,1,0,1,0,1,0,1,0,1,0,0,1,0,0
38.445939,-121.496855,71,19.8,1388.45,0,5819,1,1,1,1,1,0,0,0,1,1,0,1,0,1,0,1,0,1,0,1,0,0,1,0,1,0,0
38.619049,-121.517552,35,19.9,666.0,0,2334,1,0,1,1,1,0,0,0,1,1,0,1,0,1,0,1,0,1,0,1,0,1,0,0,0,1,0
38.646209,-121.52446,6,19.7,94.45,0,4122,0,0,1,1,1,0,0,0,1,1,0,1,0,1,0,1,0,1,0,1,0,1,0,0,0,0,1
38.691607,-121.602284,69,59.1,4134.7,0,5846,0,0,1,1,1,0,0,0,0,0,0,0,1,0,1,0,1,0,0,0,0,1,0,0,0,0,0
38.660442,-121.346321,53,91.15,4862.5,0,6439,0,0,1,0,1,0,1,1,0,0,0,0,0,0,0,0,1,0,0,0,1,1,0,1,0,1,0
38.715498,-121.363411,5,68.95,351.5,0,5536,0,0,1,0,1,0,0,1,0,0,0,0,0,0,0,0,0,0,0,0,0,0,0,1,0,1,0
38.585826,-121.376263,2,51.55,106.2,0,4057,0,0,0,1,1,0,0,0,0,0,0,0,1,0,0,0,0,0,0,0,0,0,0,0,0,0,1
39.19514,-121.503883,62,24.4,1413.0,0,4889,1,0,0,1,1,0,1,0,1,1,0,1,0,1,0,1,0,1,0,1,0,0,1,1,0,0,1
39.125311,-121.392283,19,96.8,1743.05,0,3249,0,0,1,0,1,0,0,1,0,0,0,0,0,0,1,0,0,0,1,0,1,0,0,1,0,1,0
39.467828,-120.841386,9,70.05,657.5,0,3522,1,0,0,0,1,0,0,1,0,0,0,0,0,0,0,0,0,0,0,0,0,0,0,0,0,0,1
38.982373,-122.047751,53,19.5,1050.5,0,5625,1,0,0,0,1,0,0,0,1,1,0,1,0,1,0,1,0,1,0,1,0,0,1,0,1,0,0
39.396585,-121.38029,5,78.75,426.35,0,2610,1,0,0,0,1,0,0,1,0,0,0,0,0,0,0,0,0,0,0,0,1,0,0,0,0,0,1
39.657228,-121.37778,71,69.2,4982.5,0,5546,0,1,1,1,1,0,1,0,0,0,1,0,1,0,0,0,0,0,1,0,0,1,0,0,0,1,0
39.457388,-121.818201,1,19.55,19.55,0,5607,0,0,0,0,1,0,0,0,1,1,0,1,0,1,0,1,0,1,0,1,0,0,0,1,0,0,1
39.440687,-121.263583,72,103.65,7634.8,0,6088,1,0,0,0,1,0,1,1,0,0,0,0,1,0,1,0,0,0,1,0,1,0,1,1,0,1,0
39.449794,-121.936372,4,54.7,235.05,0,3475,0,0,1,0,1,0,0,0,0,0,1,0,1,0,0,0,0,0,0,0,0,0,0,0,0,0,1
39.432127,-121.099287,59,54.15,3116.15,0,4293,1,0,0,0,1,0,1,0,0,0,0,0,0,0,1,0,0,0,0,0,0,0,1,0,1,0,0
39.461768,-121.195825,31,84.85,2633.4,0,5603,0,1,1,0,1,0,1,1,0,0,0,0,0,0,0,0,0,0,0,0,1,0,0,1,0,1,0
39.745712,-121.84333,3,20.0,49.65,0,3985,1,0,1,0,1,0,0,0,1,1,0,1,0,1,0,1,0,1,0,1,0,0,0,0,0,0,0
39.562239,-121.14836,49,99.25,4920.8,0,4995,1,0,1,0,1,0,0,1,0,0,0,0,0,0,1,0,1,0,1,0,1,1,0,1,1,0,0
39.273096,-122.050763,2,19.35,46.35,0,5863,1,0,0,0,1,0,0,0,1,1,0,1,0,1,0,1,0,1,0,1,0,0,0,0,0,0,1
39.381174,-121.21191,55,94.75,5276.1,0,6021,0,0,1,0,1,0,0,1,0,0,1,0,0,0,0,0,0,0,1,0,1,1,0,1,0,1,0
39.578792,-120.780786,72,114.05,8289.2,0,6254,1,0,1,1,1,0,1,1,0,0,1,0,1,0,1,0,1,0,1,0,1,0,1,1,1,0,0
38.931425,-121.946081,36,74.9,2659.45,0,5041,0,1,0,0,1,0,1,1,0,0,0,0,0,0,0,0,0,0,0,0,0,0,0,1,0,0,0
39.607831,-121.777959,10,19.8,196.75,0,3196,0,0,1,1,1,0,0,0,1,1,0,1,0,1,0,1,0,1,0,1,0,0,0,1,0,0,0
39.531028,-121.24807,72,80.85,5824.75,0,6317,0,0,1,1,1,0,1,0,0,0,1,0,1,0,1,0,1,0,0,0,1,0,1,0,0,0,0
40.077028,-121.494168,28,54.65,1517.5,0,3185,0,0,0,0,1,0,0,0,0,0,0,0,1,0,0,0,1,0,0,0,0,0,0,0,0,0,0
39.597975,-122.032248,38,91.7,3479.05,0,3676,1,0,1,0,1,0,1,1,0,0,1,0,0,0,0,0,0,0,1,0,0,0,0,0,0,0,0
39.564113,-120.868836,61,118.6,7365.7,0,5536,0,0,0,0,1,0,1,1,0,0,1,0,1,0,1,0,1,0,1,0,1,1,0,1,0,1,0
39.194539,-120.988066,52,24.55,1331.05,0,5535,1,0,1,1,1,0,1,0,1,1,0,1,0,1,0,1,0,1,0,1,0,0,1,0,0,0,1
39.203817,-121.19584,67,19.45,1195.95,0,5343,1,0,0,0,1,0,0,0,1,1,0,1,0,1,0,1,0,1,0,1,0,1,0,1,0,0,1
40.160386,-120.835428,34,116.15,3946.9,0,5104,0,0,0,1,1,0,1,1,0,0,1,0,1,0,1,0,1,0,1,0,1,0,1,1,1,0,0
39.346898,-121.759537,54,80.6,4299.95,0,4231,0,0,0,0,1,0,0,0,0,0,1,0,0,0,1,0,1,0,1,0,1,0,1,0,0,1,0
39.099204,-121.137962,1,20.3,20.3,0,4215,0,0,1,0,1,0,0,0,1,1,0,1,0,1,0,1,0,1,0,1,0,0,0,1,0,0,0
39.933852,-121.584371,46,99.8,4391.25,0,2405,0,0,0,1,1,0,0,1,0,0,0,0,1,0,1,0,0,0,1,0,1,0,0,1,0,1,0
39.068071,-121.832638,55,75.0,4213.9,0,5011,0,0,1,1,1,0,1,0,0,0,1,0,1,0,0,0,1,0,1,0,0,1,0,1,1,0,0
39.333737,-120.858667,1,19.9,19.9,0,5057,0,0,0,0,1,0,0,0,1,1,0,1,0,1,0,1,0,1,0,1,0,0,0,0,0,0,1
39.423046,-120.984472,64,80.3,5017.7,0,4270,1,1,1,0,1,0,0,1,0,0,1,0,0,0,1,0,0,0,0,0,0,1,0,0,1,0,0
39.342587,-121.249833,58,84.3,4916.4,0,5724,0,0,1,0,1,0,1,0,0,0,1,0,0,0,1,0,1,0,1,0,1,0,1,1,0,1,0
39.748037,-122.302169,56,54.05,2959.8,0,6445,1,0,1,0,0,1,0,0,0,0,0,0,0,0,1,0,1,0,1,0,1,1,0,1,0,0,0
39.624561,-121.552866,72,104.9,7559.55,0,5169,1,0,1,1,1,0,0,1,0,0,1,0,0,0,1,0,1,0,1,0,1,0,1,1,1,0,0
39.435756,-121.552071,72,97.25,7133.1,0,6156,1,1,1,0,1,0,1,1,0,0,0,0,1,0,0,0,0,0,1,0,1,1,0,1,1,0,0
39.69676,-121.644379,22,83.05,1799.3,0,5357,1,0,0,0,1,0,1,1,0,0,0,0,0,0,0,0,0,0,0,0,1,0,0,0,0,1,0
39.903272,-121.843567,39,41.1,1597.05,0,3618,0,0,0,0,0,1,0,0,0,0,0,0,1,0,1,0,1,0,0,0,0,0,0,0,0,0,0
39.495768,-121.747472,12,45.0,524.35,0,4998,0,0,0,0,1,0,0,0,0,0,0,0,0,0,0,0,0,0,0,0,0,0,0,1,0,0,0
39.225634,-121.156163,54,74.55,4191.45,0,4544,1,0,1,0,1,0,0,0,0,0,1,0,1,0,0,0,0,0,1,0,1,0,1,1,0,0,0
39.176595,-121.291692,18,40.2,711.95,0,4624,0,0,0,0,0,1,0,0,0,0,1,0,1,0,0,0,1,0,0,0,0,1,0,1,0,0,1
39.904002,-121.527823,32,70.5,2201.75,0,5870,1,0,1,0,1,0,0,0,0,0,1,0,1,0,0,0,1,0,0,0,1,1,0,0,0,0,1
39.288127,-122.415841,41,19.75,806.95,0,5678,0,0,0,0,1,0,0,0,1,1,0,1,0,1,0,1,0,1,0,1,0,1,0,1,0,0,1
39.58458,-121.093256,67,24.65,1620.45,0,4444,1,0,1,1,1,0,1,0,1,1,0,1,0,1,0,1,0,1,0,1,0,0,1,0,0,0,0
39.172777,-121.805845,65,104.25,6812.95,0,5089,1,0,1,0,1,0,1,1,0,0,1,0,0,0,1,0,0,0,1,0,1,0,0,1,0,1,0
40.053684,-120.743116,25,78.35,1837.9,0,4855,0,0,0,0,1,0,1,0,0,0,1,0,1,0,1,0,1,0,1,0,0,0,0,1,0,0,0
39.34128,-120.786867,67,109.7,7344.45,0,4017,0,0,1,0,1,0,1,1,0,0,0,0,1,0,1,0,1,0,1,0,1,1,0,1,1,0,0
39.493991,-122.286363,43,33.45,1500.25,0,4757,0,1,0,0,0,1,0,0,0,0,1,0,1,0,0,0,0,0,0,0,0,0,0,1,1,0,0
39.02741,-121.614982,24,94.6,2283.15,0,3667,0,0,0,0,1,0,0,1,0,0,1,0,0,0,0,0,0,0,1,0,1,0,0,1,0,1,0
40.587919,-122.464732,69,20.2,1376.5,0,5463,1,0,1,1,1,0,0,0,1,1,0,1,0,1,0,1,0,1,0,1,0,0,1,0,0,0,0
40.527834,-122.318749,37,20.3,755.4,0,4186,0,0,0,1,1,0,0,0,1,1,0,1,0,1,0,1,0,1,0,1,0,1,0,0,0,0,0
40.677649,-122.29467,20,39.4,825.4,0,3899,1,0,1,1,0,1,0,0,0,0,1,0,0,0,1,0,1,0,0,0,0,0,1,1,1,0,0
41.171578,-120.913161,7,69.15,488.65,0,4320,1,0,0,0,1,0,0,1,0,0,0,0,0,0,0,0,0,0,0,0,0,0,0,0,0,0,0
41.083464,-121.107929,41,51.35,2075.1,0,5622,1,0,0,0,0,1,0,0,0,0,0,0,0,0,1,0,0,0,1,0,1,1,0,1,0,1,0
40.775272,-123.287414,54,100.05,5299.65,0,4478,0,0,0,0,1,0,0,1,0,0,1,0,1,0,0,0,0,0,1,0,1,1,0,1,1,0,0
40.946785,-121.719489,69,20.3,1356.3,0,4042,1,1,0,0,1,0,0,0,1,1,0,1,0,1,0,1,0,1,0,1,0,0,1,0,1,0,0
41.388397,-122.794636,53,94.45,5042.75,0,5452,0,0,0,0,1,0,0,1,0,0,0,0,1,0,1,0,1,0,0,0,1,1,0,1,1,0,0
41.486953,-120.913975,18,46.4,812.4,0,4003,1,0,1,1,0,1,0,0,0,0,0,0,1,0,1,0,0,0,1,0,0,1,0,0,1,0,0
40.936285,-121.572692,64,104.05,6605.55,0,4337,1,0,1,0,1,0,0,1,0,0,1,0,1,0,0,0,1,0,1,0,1,0,1,1,1,0,0
40.692523,-122.369876,20,24.9,505.95,0,5942,0,0,0,0,0,1,0,0,0,0,0,0,0,0,0,0,0,0,0,0,0,0,0,0,1,0,0
40.243494,-121.154733,57,59.6,3509.4,0,4778,1,0,1,1,1,0,0,0,0,0,1,0,1,0,0,0,1,0,0,0,0,1,0,0,0,0,1
39.913777,-122.289984,63,108.5,6991.9,0,6453,1,1,1,0,1,0,1,1,0,0,1,0,1,0,1,0,0,0,1,0,1,0,1,0,1,0,0
40.336392,-122.448533,13,40.55,590.35,0,2898,1,0,1,1,0,1,0,0,0,0,1,0,1,0,0,0,1,0,0,0,0,0,1,0,0,0,1
41.949216,-122.050062,48,58.95,2789.7,0,4815,0,1,1,0,1,0,0,0,0,0,0,0,1,0,0,0,0,0,0,0,1,1,0,1,0,0,0
41.212695,-122.392067,57,20.75,1123.15,0,4937,1,0,1,1,1,0,0,0,1,1,0,1,0,1,0,1,0,1,0,1,0,0,1,0,0,0,1
41.405193,-123.008567,71,113.15,7953.25,0,4068,1,0,1,0,1,0,1,1,0,0,0,0,1,0,1,0,1,0,1,0,1,1,0,1,0,0,0
41.017282,-121.468945,7,48.8,349.8,0,4785,0,0,1,1,1,0,1,0,0,0,0,0,0,0,0,0,0,0,0,0,0,0,0,0,0,1,0
39.84784,-122.544556,16,63.05,1067.05,0,3214,0,0,0,0,1,0,1,0,0,0,0,0,0,0,0,0,0,0,0,0,1,0,0,1,0,0,0
41.232128,-123.194748,34,100.85,3527.3,0,5891,1,0,1,0,1,0,1,1,0,0,0,0,0,0,1,0,0,0,1,0,1,0,0,0,0,1,0
40.740138,-122.587476,16,80.55,1248.9,0,5183,1,0,0,0,1,0,1,1,0,0,0,0,1,0,0,0,0,0,0,0,0,0,0,1,0,0,1
41.411315,-122.697236,48,64.4,3035.35,0,2545,1,0,0,1,1,0,1,0,0,0,1,0,1,0,1,0,0,0,0,0,0,1,0,1,0,0,0
40.03194,-122.176023,58,75.2,4300.8,0,4559,1,0,1,1,1,0,0,0,0,0,0,0,1,0,0,0,1,0,1,0,1,1,0,1,1,0,0
41.528541,-122.955018,72,84.9,6065.3,0,4447,0,0,1,0,1,0,1,0,0,0,1,0,0,0,1,0,1,0,1,0,1,0,1,1,0,0,0
41.599978,-122.539381,7,19.3,144.95,0,4764,0,0,0,0,1,0,0,0,1,1,0,1,0,1,0,1,0,1,0,1,0,0,0,0,0,0,1
41.962127,-122.527696,30,74.65,2308.6,0,5616,0,0,0,0,1,0,0,0,0,0,1,0,1,0,1,0,1,0,1,0,0,1,0,0,1,0,0
40.648024,-123.465088,31,59.05,1882.8,0,5841,1,0,1,0,1,0,1,0,0,0,0,0,0,0,0,0,0,0,1,0,0,0,0,1,1,0,0
40.524535,-122.647172,46,69.1,3255.35,0,3856,0,1,0,0,1,0,1,0,0,0,0,0,0,0,1,0,1,0,0,0,1,1,0,1,1,0,0
40.913192,-123.06597,50,20.55,1067.65,0,4745,1,0,1,0,1,0,0,0,1,1,0,1,0,1,0,1,0,1,0,1,0,0,1,0,0,0,1
41.816595,-122.948287,28,76.55,2065.4,0,2085,1,0,1,0,1,0,0,1,0,0,0,0,0,0,0,0,1,0,0,0,0,0,0,0,0,0,0
40.883853,-122.418258,66,62.5,4136.4,0,4165,0,0,0,0,0,1,0,0,0,0,1,0,1,0,1,0,1,0,1,0,1,0,1,1,0,0,0
41.280478,-121.160249,41,94.9,3848.0,0,3539,0,0,1,1,1,0,0,1,0,0,0,0,0,0,1,0,0,0,1,0,1,0,0,1,0,0,0
40.059385,-122.091481,72,111.65,8022.85,0,4406,1,1,1,0,1,0,1,1,0,0,0,0,1,0,1,0,1,0,1,0,1,0,1,1,0,0,0
41.10831,-121.360362,7,19.9,173.15,0,2750,0,0,0,0,1,0,0,0,1,1,0,1,0,1,0,1,0,1,0,1,0,1,0,0,0,0,1
41.251322,-122.105209,38,20.45,781.25,0,5587,0,0,1,1,1,0,0,0,1,1,0,1,0,1,0,1,0,1,0,1,0,0,0,0,0,0,1
41.769709,-121.92063,44,106.05,4510.8,0,4588,1,0,0,0,1,0,0,1,0,0,1,0,1,0,1,0,0,0,1,0,1,1,0,1,0,1,0
40.426679,-121.850421,47,113.45,5317.8,0,3729,1,0,1,1,1,0,1,1,0,0,1,0,1,0,1,0,1,0,1,0,1,1,0,1,0,0,0
40.331975,-121.460674,53,92.55,4779.45,0,4700,1,0,1,1,1,0,0,1,0,0,0,0,1,0,0,0,1,0,1,0,0,0,0,1,0,1,0
40.531257,-122.148139,4,65.6,250.1,0,4552,1,0,1,0,1,0,1,0,0,0,0,0,0,0,1,0,0,0,1,0,0,0,0,0,0,1,0
40.408796,-121.579609,20,84.35,1745.2,0,4915,1,1,0,0,1,0,1,1,0,0,0,0,0,0,0,0,0,0,1,0,0,0,0,1,0,1,0
40.877552,-121.885884,57,71.1,4140.1,0,5462,1,1,1,0,1,0,1,0,0,0,0,0,1,0,1,0,0,0,1,0,0,1,0,1,1,0,0
41.33832,-122.290756,44,85.15,3670.5,0,2672,0,1,1,0,1,0,0,1,0,0,1,0,1,0,0,0,1,0,0,0,0,0,0,1,0,1,0
41.082472,-121.195215,24,49.7,1167.8,0,5832,1,0,0,0,1,0,0,0,0,0,0,0,0,0,1,0,0,0,0,0,0,0,0,1,0,0,1
40.689243,-122.037023,15,30.2,469.65,0,5825,1,0,1,1,0,1,0,0,0,0,1,0,0,0,0,0,0,0,0,0,0,0,0,1,0,0,0
40.367964,-122.937379,24,56.35,1381.2,0,5128,0,0,0,0,1,0,0,0,0,0,1,0,0,0,0,0,1,0,0,0,0,0,0,0,1,0,0
40.923558,-122.059933,33,107.55,3645.5,0,4800,0,0,0,0,1,0,1,1,0,0,0,0,1,0,1,0,0,0,1,0,1,0,0,0,0,1,0
41.737962,-123.07557,58,19.85,1158.85,0,6440,0,0,1,1,1,0,0,0,1,1,0,1,0,1,0,1,0,1,0,1,0,0,1,1,0,0,1
41.924174,-123.260788,72,95.9,6954.15,0,4213,0,0,1,1,1,0,1,1,0,0,1,0,1,0,0,0,0,0,1,0,0,0,1,1,0,0,0
40.617614,-122.512861,71,23.85,1672.1,0,6166,0,0,1,0,1,0,1,0,1,1,0,1,0,1,0,1,0,1,0,1,0,0,1,0,0,0,1
40.021787,-122.127576,51,83.85,4307.1,0,5703,1,0,1,0,1,0,0,0,0,0,1,0,1,0,1,0,1,0,1,0,1,0,1,1,1,0,0
39.955164,-122.018567,72,84.8,6141.65,0,4240,1,1,1,0,1,0,0,1,0,0,1,0,1,0,0,0,1,0,0,0,0,0,1,1,1,0,0
41.465121,-122.380947,14,76.1,1054.8,0,2045,1,0,0,1,1,0,0,0,0,0,1,0,1,0,1,0,1,0,0,0,1,0,1,0,0,0,0
40.637105,-121.906949,72,74.55,5430.65,0,4703,0,0,1,1,1,0,1,0,0,0,1,0,1,0,0,0,1,0,1,0,0,0,1,0,0,0,1
41.764869,-122.671316,22,39.2,849.9,0,3288,0,0,1,1,0,1,0,0,0,0,0,0,1,0,0,0,0,0,1,0,0,0,0,0,0,1,0
41.468877,-120.54229,2,79.55,151.75,0,5965,0,0,0,0,1,0,1,1,0,0,0,0,1,0,0,0,0,0,0,0,0,0,0,0,0,1,0
39.783747,-120.661032,15,19.6,299.4,0,3195,0,0,0,0,1,0,0,0,1,1,0,1,0,1,0,1,0,1,0,1,0,0,0,0,0,0,1
41.505916,-120.152505,51,19.55,1086.75,0,5974,1,0,1,1,1,0,0,0,1,1,0,1,0,1,0,1,0,1,0,1,0,0,1,0,1,0,0
39.872961,-120.198876,70,39.15,2692.75,0,5840,1,0,1,0,0,1,0,0,0,0,1,0,0,0,1,0,1,0,0,0,0,0,1,1,1,0,0
39.745805,-120.580882,71,20.1,1389.6,0,5043,0,0,1,1,1,0,0,0,1,1,0,1,0,1,0,1,0,1,0,1,0,0,1,0,0,0,0
38.42528,-119.475741,39,99.95,3767.4,0,4447,0,0,1,1,1,0,1,1,0,0,0,0,0,0,0,0,1,0,1,0,1,0,0,1,1,0,0
41.750354,-120.403885,61,59.8,3641.5,0,5381,0,0,1,1,1,0,1,0,0,0,1,0,1,0,0,0,0,0,0,0,0,0,0,0,0,1,0
40.012675,-120.101857,52,49.75,2535.55,0,6334,0,0,0,0,1,0,0,0,0,0,1,0,0,0,0,0,0,0,0,0,0,0,0,1,0,0,0
41.932207,-120.135941,64,108.5,6880.85,0,4576,1,0,1,0,1,0,1,1,0,0,1,0,0,0,1,0,1,0,1,0,1,1,0,1,0,0,1
40.198234,-120.18089,62,60.15,3753.2,0,4404,1,0,1,0,1,0,0,0,0,0,0,0,1,0,1,0,1,0,0,0,0,0,1,1,1,0,0
40.294034,-120.512622,30,19.05,637.55,0,2347,1,0,1,0,1,0,0,0,1,1,0,1,0,1,0,1,0,1,0,1,0,0,1,0,0,0,1
41.266008,-120.490731,63,84.0,5329.55,0,5688,1,1,1,0,1,0,0,0,0,0,1,0,1,0,1,0,1,0,1,0,1,1,0,1,0,0,0
40.507272,-120.338228,1,44.55,44.55,0,5825,0,0,0,0,1,0,0,0,0,0,0,0,0,0,0,0,0,0,0,0,0,0,0,1,1,0,0
39.637471,-120.226338,15,103.45,1539.8,0,5640,1,0,1,0,1,0,1,1,0,0,0,0,0,0,1,0,1,0,1,0,1,0,0,1,0,1,0
41.042003,-120.506086,27,80.65,2209.75,0,5856,1,0,1,1,1,0,0,1,0,0,1,0,1,0,0,0,0,0,0,0,0,1,0,1,1,0,0
38.735789,-119.85798,4,57.2,223.75,0,2421,0,0,0,1,0,1,0,0,0,0,1,0,1,0,1,0,0,0,1,0,1,0,0,1,0,0,1
40.181279,-120.392967,72,110.75,7751.7,0,4848,0,0,1,0,1,0,1,1,0,0,1,0,1,0,1,0,0,0,1,0,1,0,1,1,0,1,0
39.786755,-120.445626,45,24.7,1174.35,0,5644,1,1,1,0,1,0,1,0,1,1,0,1,0,1,0,1,0,1,0,1,0,1,0,0,1,0,0
40.845738,-120.322219,45,97.05,4385.05,0,4735,0,1,0,0,1,0,1,1,0,0,1,0,1,0,0,0,1,0,1,0,0,0,0,1,0,1,0
39.672813,-120.456699,36,76.35,2606.35,0,4771,0,0,0,0,1,0,0,0,0,0,1,0,1,0,1,0,1,0,1,0,0,1,0,1,0,0,1
39.559709,-120.345639,1,18.9,18.9,0,4480,1,0,0,0,1,0,0,0,1,1,0,1,0,1,0,1,0,1,0,1,0,0,0,0,0,0,1
40.346634,-120.386422,16,74.45,1261.35,0,5111,1,1,0,0,1,0,1,1,0,0,0,0,0,0,0,0,0,0,0,0,0,0,0,1,0,0,0
38.636052,-119.489162,71,84.4,5969.3,0,5619,0,0,1,0,1,0,0,0,0,0,1,0,1,0,1,0,1,0,1,0,1,0,1,1,1,0,0
41.813521,-121.492666,10,24.4,253.9,0,4458,1,0,1,1,1,0,1,0,1,1,0,1,0,1,0,1,0,1,0,1,0,0,0,1,0,0,1
40.345949,-120.081187,20,20.05,400.0,0,4328,1,0,1,1,1,0,0,0,1,1,0,1,0,1,0,1,0,1,0,1,0,0,1,0,0,0,1
39.117018,-120.212535,4,55.5,227.35,0,2328,0,0,0,0,1,0,0,0,0,0,0,0,0,0,0,0,0,0,1,0,0,0,0,0,1,0,0
39.178337,-120.162806,29,84.3,2357.75,0,2217,1,1,1,0,1,0,1,1,0,0,0,0,0,0,0,0,0,0,0,0,1,0,0,1,0,1,0
39.191797,-120.212401,2,100.2,198.5,0,4855,1,0,0,0,1,0,0,1,0,0,1,0,1,0,0,0,0,0,1,0,1,0,0,0,0,1,0
39.24124,-120.054765,29,19.4,554.25,0,2265,0,0,0,0,1,0,0,0,1,1,0,1,0,1,0,1,0,1,0,1,0,0,1,0,0,0,1
33.949255,-118.246978,13,20.4,251.65,0,2486,1,0,0,0,1,0,0,0,1,1,0,1,0,1,0,1,0,1,0,1,0,0,0,1,0,1,0
33.964131,-118.272783,59,94.75,5597.65,0,5238,0,0,1,0,1,0,1,1,0,0,1,0,1,0,0,0,0,0,1,0,0,0,0,1,0,1,0
34.048013,-118.293953,18,44.35,768.05,0,2935,1,0,1,0,1,0,0,0,0,0,0,0,0,0,0,0,0,0,0,0,0,0,0,1,0,0,0
34.027337,-118.28515,17,74.55,1215.8,0,4451,0,0,1,1,1,0,0,0,0,0,1,0,1,0,0,0,0,0,1,0,1,0,0,0,0,0,1
34.008293,-118.346766,47,73.6,3522.65,0,4795,1,0,1,0,1,0,0,0,0,0,0,0,1,0,1,0,0,0,1,0,1,0,1,0,0,1,0
34.065875,-118.238728,19,50.1,910.45,0,5749,1,0,1,1,1,0,1,0,0,0,0,0,0,0,0,0,0,0,0,0,0,0,0,0,1,0,0
34.043144,-118.251977,68,53.0,3656.25,0,5583,0,1,1,1,0,1,0,0,0,0,0,0,1,0,1,0,0,0,1,0,1,0,1,1,0,1,0
34.039224,-118.266293,2,19.85,52.0,0,4107,0,0,1,0,1,0,0,0,1,1,0,1,0,1,0,1,0,1,0,1,0,0,0,0,0,0,0
34.028331,-118.354338,7,24.35,150.85,0,4665,1,0,0,0,0,1,0,0,0,0,0,0,0,0,0,0,0,0,0,0,0,1,0,1,1,0,0
34.052842,-118.264495,18,19.55,389.25,0,2386,0,0,0,0,1,0,0,0,1,1,0,1,0,1,0,1,0,1,0,1,0,0,0,1,0,0,1
34.028735,-118.317236,71,25.05,1873.7,0,6334,0,0,1,0,1,0,1,0,1,1,0,1,0,1,0,1,0,1,0,1,0,0,1,0,1,0,0
34.049841,-118.33846,13,93.8,1261.0,0,5870,1,1,1,0,1,0,1,1,0,0,1,0,1,0,0,0,0,0,0,0,1,0,0,0,1,0,0
34.029043,-118.239504,72,103.75,7346.2,0,4655,1,0,1,0,1,0,1,1,0,0,0,0,1,0,1,0,0,0,1,0,1,0,1,1,0,0,0
34.02381,-118.156582,66,56.75,3708.4,0,5748,1,0,1,1,0,1,0,0,0,0,0,0,1,0,1,0,0,0,1,0,1,0,1,1,1,0,0
34.017697,-118.200577,24,20.8,469.65,0,4654,1,0,1,1,1,0,0,0,1,1,0,1,0,1,0,1,0,1,0,1,0,1,0,1,1,0,0
34.046174,-118.446333,56,24.45,1385.85,0,5577,0,0,1,1,1,0,1,0,1,1,0,1,0,1,0,1,0,1,0,1,0,0,1,1,0,0,1
34.078991,-118.263804,22,25.6,548.8,0,2628,0,1,1,0,1,0,1,0,1,1,0,1,0,1,0,1,0,1,0,1,0,1,0,0,0,0,0
34.085807,-118.206617,42,59.65,2536.55,0,3048,0,0,0,0,1,0,0,0,0,0,1,0,1,0,1,0,0,0,0,0,0,0,0,0,0,0,0
34.078821,-118.177576,72,83.3,6042.7,0,4505,0,0,1,1,1,0,1,0,0,0,1,0,0,0,1,0,1,0,1,0,1,0,1,1,0,0,0
34.050198,-118.210946,12,79.55,958.25,0,3445,0,0,0,0,1,0,1,1,0,0,0,0,0,0,0,0,1,0,0,0,0,0,0,1,1,0,0
34.030578,-118.399613,71,24.45,1730.65,0,4766,1,0,1,0,1,0,1,0,1,1,0,1,0,1,0,1,0,1,0,1,0,0,1,0,0,0,0
34.051809,-118.383843,26,19.2,459.6,0,3656,0,0,1,0,1,0,0,0,1,1,0,1,0,1,0,1,0,1,0,1,0,1,0,0,0,0,1
34.070291,-118.349191,7,29.8,201.95,0,4236,0,0,0,1,0,1,0,0,0,0,1,0,0,0,0,0,0,0,0,0,0,0,0,0,0,0,1
34.002642,-118.287596,6,45.5,285.2,0,5450,0,0,1,1,1,0,0,0,0,0,0,0,0,0,0,0,0,0,0,0,0,0,0,0,0,0,1
34.110845,-118.259595,51,30.05,1529.45,0,5045,1,0,1,0,0,1,0,0,0,0,0,0,1,0,0,0,0,0,0,0,0,0,0,1,1,0,0
33.994524,-118.149953,72,65.65,4664.5,0,4934,1,0,1,1,0,1,0,0,0,0,1,0,1,0,1,0,1,0,1,0,1,0,1,1,0,0,0
33.988543,-118.334081,47,74.05,3496.3,0,2831,0,0,0,0,1,0,1,0,0,0,1,0,1,0,0,0,1,0,0,0,1,0,1,0,0,0,1
33.954017,-118.402447,62,110.75,7053.35,0,5166,1,1,0,0,1,0,1,1,0,0,0,0,1,0,1,0,1,0,1,0,1,1,0,1,0,0,0
34.108455,-118.362081,16,19.7,301.55,0,5293,0,0,1,1,1,0,0,0,1,1,0,1,0,1,0,1,0,1,0,1,0,0,1,0,0,0,1
33.958149,-118.308441,6,49.5,312.7,0,5552,1,0,0,0,1,0,0,0,0,0,0,0,0,0,0,0,1,0,0,0,0,0,0,1,1,0,0
34.091829,-118.491244,69,43.95,2960.1,0,4479,0,0,1,1,0,1,0,0,0,0,1,0,0,0,1,0,0,0,0,0,1,0,1,1,1,0,0
34.061918,-118.277939,64,111.15,6953.4,0,5455,0,0,1,0,1,0,1,1,0,0,0,0,1,0,1,0,1,0,1,0,1,0,0,1,0,1,0
33.92128,-118.274186,25,20.6,541.5,0,2305,1,0,0,0,1,0,0,0,1,1,0,1,0,1,0,1,0,1,0,1,0,0,0,0,0,0,1
34.003553,-118.308933,6,19.65,116.85,0,3945,0,0,0,0,1,0,0,0,1,1,0,1,0,1,0,1,0,1,0,1,0,0,1,0,1,0,0
34.044271,-118.185237,66,115.8,7942.15,0,5845,1,0,1,0,1,0,1,1,0,0,1,0,1,0,1,0,1,0,1,0,1,1,0,0,0,0,0
34.037251,-118.423573,61,88.65,5321.25,0,4730,0,0,0,0,1,0,1,0,0,0,0,0,1,0,1,0,1,0,1,0,1,0,1,0,1,0,0
34.108833,-118.229715,43,94.5,4156.8,0,4745,0,1,1,0,1,0,1,1,0,0,1,0,1,0,0,0,0,0,1,0,0,0,0,1,0,1,0
34.002028,-118.430656,12,20.1,223.6,0,5179,0,0,0,0,1,0,0,0,1,1,0,1,0,1,0,1,0,1,0,1,0,0,0,0,0,0,1
34.057496,-118.413959,23,34.65,768.45,0,2307,1,1,0,0,0,1,0,0,0,0,0,0,0,0,0,0,0,0,0,0,1,0,0,1,0,0,0
34.137411,-118.328915,71,52.3,3765.05,0,5491,1,1,1,0,0,1,0,0,0,0,0,0,1,0,1,0,0,0,1,0,1,0,0,1,0,0,0
34.093781,-118.381061,34,65.0,2157.5,0,5567,0,0,0,0,1,0,1,0,0,0,0,0,0,0,0,0,1,0,1,0,0,0,0,0,0,0,1
34.102084,-118.451629,41,35.45,1391.65,0,2954,0,0,1,0,0,1,0,0,0,0,0,0,1,0,0,0,1,0,0,0,0,1,0,0,0,0,1
33.970343,-118.171368,72,19.7,1379.8,0,5451,0,0,1,1,1,0,0,0,1,1,0,1,0,1,0,1,0,1,0,1,0,0,1,0,1,0,0
34.099891,-118.414338,14,95.6,1273.3,0,3502,1,1,0,0,1,0,1,1,0,0,0,0,0,0,0,0,0,0,1,0,1,0,0,1,0,1,0
34.063947,-118.383001,41,19.85,810.45,0,3523,0,0,0,0,1,0,0,0,1,1,0,1,0,1,0,1,0,1,0,1,0,0,1,1,0,0,1
34.062095,-118.401508,23,81.85,1810.85,0,5939,0,0,1,1,1,0,1,1,0,0,1,0,0,0,0,0,0,0,0,0,0,1,0,0,1,0,0
33.88151,-118.234451,71,109.3,7782.85,0,5737,1,0,1,1,1,0,0,1,0,0,1,0,1,0,1,0,1,0,1,0,1,0,1,0,1,0,0
33.912246,-118.236773,72,25.4,1797.1,0,6011,1,0,1,0,1,0,1,0,1,1,0,1,0,1,0,1,0,1,0,1,0,0,1,0,0,0,1
33.993991,-118.39704,6,69.8,377.85,0,2651,1,0,1,1,1,0,0,1,0,0,0,0,0,0,0,0,0,0,0,0,0,0,0,1,0,1,0
34.019323,-118.391902,23,20.0,445.3,0,2170,1,0,1,1,1,0,0,0,1,1,0,1,0,1,0,1,0,1,0,1,0,1,0,1,1,0,0
33.940884,-118.128628,72,109.9,7624.2,0,5234,0,0,0,0,1,0,0,1,0,0,1,0,1,0,1,0,1,0,1,0,1,0,1,1,0,1,0
33.921793,-118.140588,7,50.3,355.1,0,2547,0,0,1,0,1,0,0,0,0,0,1,0,0,0,0,0,0,0,0,0,0,0,0,1,0,0,0
33.890853,-118.297967,9,101.5,906.85,0,2757,1,0,1,1,1,0,0,1,0,0,0,0,1,0,0,0,1,0,1,0,1,0,0,1,0,1,0
33.876482,-118.284077,12,89.15,1057.55,0,4041,0,0,0,0,1,0,1,1,0,0,0,0,1,0,0,0,0,0,0,0,1,0,0,1,0,1,0
33.90139,-118.315697,1,19.4,19.4,0,2742,0,0,0,0,1,0,0,0,1,1,0,1,0,1,0,1,0,1,0,1,0,0,0,1,0,0,1
33.914775,-118.348083,48,29.9,1388.75,0,2617,0,1,1,1,0,1,0,0,0,0,0,0,1,0,0,0,0,0,0,0,0,1,0,0,0,0,0
33.86532,-118.396336,20,78.8,1641.3,0,2317,1,0,0,0,1,0,0,1,0,0,0,0,0,0,0,0,0,0,1,0,0,0,0,0,0,1,0
33.923573,-118.200669,10,19.3,185.2,0,4190,0,0,0,0,1,0,0,0,1,1,0,1,0,1,0,1,0,1,0,1,0,1,0,1,0,0,1
34.074572,-118.831181,20,96.8,1826.7,0,3222,1,0,1,1,1,0,1,1,0,0,0,0,1,0,0,0,1,0,1,0,0,0,0,0,0,0,1
33.889632,-118.39737,20,20.65,417.5,0,4147,1,0,1,0,1,0,0,0,1,1,0,1,0,1,0,1,0,1,0,1,0,1,0,0,0,0,1
33.988572,-118.186565,19,19.8,344.5,0,4464,1,0,1,1,1,0,0,0,1,1,0,1,0,1,0,1,0,1,0,1,0,1,0,0,0,0,1
33.788208,-118.404955,22,104.6,2180.55,0,2429,1,0,1,0,1,0,0,1,0,0,1,0,1,0,0,0,1,0,1,0,1,0,0,1,0,1,0
33.753146,-118.367459,35,80.05,2835.9,0,3999,0,0,0,0,1,0,1,1,0,0,0,0,0,0,0,0,1,0,0,0,0,0,0,0,1,0,0
33.830453,-118.384565,1,45.15,45.15,0,4131,0,0,0,0,1,0,0,0,0,0,0,0,0,0,0,0,0,0,0,0,0,0,0,0,0,0,1
33.873395,-118.37019,39,73.15,2730.85,0,3271,1,0,0,0,1,0,1,1,0,0,0,0,0,0,0,0,0,0,0,0,0,0,0,1,1,0,0
33.944624,-118.192615,54,99.1,5437.1,0,4118,0,1,1,0,1,0,0,1,0,0,0,0,0,0,1,0,1,0,1,0,1,1,0,1,0,1,0
33.977468,-118.445475,56,105.35,5794.45,0,5680,1,0,0,0,1,0,1,1,0,0,1,0,0,0,0,0,1,0,1,0,1,0,0,1,0,0,1
33.947305,-118.439841,18,45.65,747.2,0,4403,1,0,0,1,1,0,0,0,0,0,0,0,0,0,0,0,0,0,0,0,0,0,0,1,1,0,0
33.956445,-118.358634,16,79.95,1267.95,0,3855,0,0,1,1,1,0,1,1,0,0,0,0,1,0,0,0,0,0,0,0,0,0,0,1,1,0,0
33.975332,-118.355252,68,54.45,3674.95,0,6309,0,0,0,0,1,0,0,0,0,0,1,0,0,0,1,0,0,0,0,0,0,1,0,1,1,0,0
33.936291,-118.332639,53,25.1,1275.6,0,5295,0,1,1,0,1,0,1,0,1,1,0,1,0,1,0,1,0,1,0,1,0,0,1,0,1,0,0
33.936827,-118.359824,72,84.7,5893.9,0,6375,0,0,1,1,1,0,1,0,0,0,1,0,0,0,1,0,1,0,1,0,1,0,1,0,1,0,0
33.958134,-118.330905,9,75.85,724.65,0,5212,1,0,0,0,1,0,1,1,0,0,0,0,0,0,0,0,0,0,0,0,0,0,0,1,0,1,0
34.015481,-118.493231,30,48.8,1536.75,0,4864,0,0,0,0,1,0,0,0,0,0,1,0,0,0,0,0,0,0,0,0,0,0,0,1,0,0,1
34.031529,-118.491156,18,35.2,607.3,0,5381,0,0,0,0,0,1,0,0,0,0,0,0,0,0,1,0,1,0,0,0,0,0,0,1,0,1,0
34.026334,-118.474222,55,76.25,4154.55,0,4319,0,1,1,1,1,0,1,0,0,0,1,0,0,0,1,0,1,0,1,0,0,1,0,0,0,1,0
33.840399,-118.353714,33,24.9,847.8,0,5756,1,1,0,0,1,0,1,0,1,1,0,1,0,1,0,1,0,1,0,1,0,1,0,1,0,0,0
33.867257,-118.330794,44,54.3,2390.45,0,3222,1,0,1,0,0,1,0,0,0,0,0,0,1,0,1,0,0,0,1,0,1,0,1,0,0,0,0
33.807882,-118.347957,30,66.3,1923.5,0,4631,0,0,1,1,1,0,0,0,0,0,1,0,0,0,0,0,1,0,0,0,1,0,0,0,0,0,0
34.007353,-118.033683,71,20.9,1493.2,0,4030,0,0,1,0,1,0,0,0,1,1,0,1,0,1,0,1,0,1,0,1,0,0,1,1,0,0,0
33.929704,-118.01208,1,75.35,75.35,0,3514,1,0,1,0,1,0,0,1,0,0,0,0,0,0,1,0,0,0,0,0,0,0,0,0,1,0,0
33.960891,-118.032222,23,104.45,2184.85,0,5883,1,1,1,0,1,0,1,1,0,0,0,0,1,0,1,0,0,0,1,0,1,0,0,1,0,1,0
33.976678,-118.065875,22,49.45,1031.4,0,5941,0,0,0,1,0,1,0,0,0,0,0,0,0,0,1,0,0,0,1,0,1,1,0,1,1,0,0
33.845706,-118.012204,49,19.45,921.3,0,4170,0,0,0,1,1,0,0,0,1,1,0,1,0,1,0,1,0,1,0,1,0,1,0,0,1,0,0
33.874224,-117.993368,42,92.15,3875.4,0,5697,0,0,1,1,1,0,0,1,0,0,0,0,0,0,1,0,0,0,1,0,1,0,0,1,0,1,0
33.818477,-118.038307,7,19.85,144.15,0,3973,0,0,1,1,1,0,0,0,1,1,0,1,0,1,0,1,0,1,0,1,0,0,1,0,0,0,1
33.940619,-117.9513,67,100.25,6689.0,0,5588,0,0,1,1,1,0,1,1,0,0,1,0,0,0,1,0,1,0,0,0,1,1,0,1,0,0,0
33.902045,-118.008961,15,95.7,1451.1,0,4999,1,0,0,0,1,0,1,1,0,0,0,0,1,0,0,0,1,0,0,0,1,0,0,0,0,1,0
34.015217,-118.109962,67,93.15,6368.2,0,4001,1,0,1,0,1,0,1,1,0,0,0,0,1,0,1,0,0,0,0,0,1,0,1,1,0,1,0
33.905963,-118.08263,53,69.7,3729.6,0,4590,1,0,1,1,1,0,0,0,0,0,1,0,1,0,0,0,1,0,1,0,0,0,1,1,0,0,1
33.989524,-118.089299,21,19.8,350.1,0,3243,1,0,1,1,1,0,0,0,1,1,0,1,0,1,0,1,0,1,0,1,0,1,0,0,0,0,1
33.933565,-118.062611,40,71.35,2847.2,0,5807,0,0,1,1,1,0,0,0,0,0,1,0,1,0,0,0,1,0,0,0,1,0,0,1,0,0,1
33.801869,-117.995068,22,20.75,452.35,0,2258,0,0,1,1,1,0,0,0,1,1,0,1,0,1,0,1,0,1,0,1,0,1,0,0,0,0,0
33.867593,-118.080637,39,40.6,1494.5,0,4436,1,0,0,0,0,1,0,0,0,0,0,0,0,0,0,0,1,0,0,0,1,0,0,1,0,1,0
33.391181,-118.421305,2,20.35,41.85,0,5761,0,0,1,0,1,0,0,0,1,1,0,1,0,1,0,1,0,1,0,1,0,0,0,0,0,0,1
33.887676,-118.127289,57,19.75,1272.05,0,4235,0,0,1,1,1,0,0,0,1,1,0,1,0,1,0,1,0,1,0,1,0,0,1,0,0,0,0
33.798266,-118.300237,8,54.4,475.1,0,4854,1,0,1,1,1,0,0,0,0,0,0,0,0,0,0,0,0,0,1,0,0,0,0,1,0,1,0
33.841027,-118.078097,7,20.45,150.75,0,4484,0,0,1,1,1,0,0,0,1,1,0,1,0,1,0,1,0,1,0,1,0,0,0,0,0,0,1
33.830431,-118.074071,49,66.15,3199.0,0,6138,1,0,0,0,1,0,1,0,0,0,0,0,0,0,0,0,1,0,1,0,0,0,1,1,0,0,0
33.794209,-118.317354,65,89.85,5844.65,0,6421,0,0,0,0,1,0,1,1,0,0,1,0,1,0,0,0,1,0,0,0,0,1,0,1,0,1,0
33.79499,-118.065591,55,45.05,2462.6,0,4055,0,0,0,0,1,0,0,0,0,0,0,0,0,0,0,0,0,0,0,0,0,1,0,0,0,0,0
33.897122,-118.164432,71,86.85,6263.8,0,6452,1,0,1,1,1,0,1,0,0,0,1,0,1,0,1,0,1,0,1,0,1,0,1,0,0,0,0
33.736387,-118.284363,35,96.75,3403.4,0,5154,1,0,0,0,1,0,1,1,0,0,1,0,1,0,1,0,1,0,0,0,0,0,0,1,0,0,1
33.728273,-118.085304,17,106.65,1672.1,0,2754,1,0,0,0,1,0,1,1,0,0,1,0,1,0,1,0,1,0,1,0,0,0,0,1,0,0,0
33.782068,-118.262263,72,110.15,7881.2,0,4498,0,0,1,0,1,0,1,1,0,0,1,0,0,0,1,0,1,0,1,0,1,0,1,1,1,0,0
33.822295,-118.26411,28,82.85,2320.8,0,5802,0,0,1,1,1,0,0,1,0,0,1,0,0,0,0,0,0,0,0,0,1,1,0,1,0,0,0
33.859171,-118.252272,18,20.1,370.5,0,4329,0,0,1,0,1,0,0,0,1,1,0,1,0,1,0,1,0,1,0,1,0,0,1,0,0,0,1
33.760458,-118.129725,52,59.45,3043.7,0,6107,0,0,0,0,1,0,0,0,0,0,0,0,0,0,1,0,0,0,0,0,1,0,0,1,0,1,0
33.783047,-118.1486,47,58.6,2723.4,0,2613,0,0,1,0,1,0,0,0,0,0,0,0,1,0,0,0,0,0,1,0,0,0,0,1,0,0,0
33.864622,-118.179626,23,49.7,1081.25,0,4790,0,0,0,0,1,0,0,0,0,0,0,0,0,0,1,0,0,0,0,0,0,0,0,0,1,0,0
33.802664,-118.179971,66,65.85,4097.05,0,5500,1,0,1,1,1,0,0,0,0,0,1,0,1,0,1,0,1,0,0,0,0,0,1,0,0,0,1
33.830099,-118.182239,8,73.5,632.2,0,5777,0,0,0,0,1,0,1,1,0,0,0,0,0,0,0,0,0,0,0,0,0,0,0,1,0,1,0
33.781086,-118.199049,71,113.65,8166.8,0,6208,0,0,1,1,1,0,1,1,0,0,1,0,1,0,1,0,1,0,1,0,1,0,1,0,1,0,0
33.771612,-118.143866,50,83.4,4113.7,0,4977,0,1,0,0,1,0,1,1,0,0,1,0,1,0,0,0,0,0,0,0,0,0,0,1,0,1,0
33.797638,-118.11662,46,65.65,3047.15,0,2680,1,0,1,0,1,0,0,0,0,0,1,0,1,0,1,0,1,0,0,0,0,0,1,0,0,0,1
34.196837,-118.142236,66,61.35,4193.4,0,4824,0,0,0,0,0,1,0,0,0,0,1,0,0,0,1,0,1,0,1,0,1,0,1,1,0,0,0
34.137319,-118.029837,42,85.9,3729.75,0,2219,0,0,1,0,1,0,1,1,0,0,0,0,0,0,1,0,1,0,0,0,0,0,0,1,1,0,0
34.128284,-118.047732,5,75.65,399.45,0,2296,0,0,0,0,1,0,0,1,0,0,0,0,0,0,0,0,1,0,0,0,0,0,0,1,0,0,1
34.234912,-118.153729,29,70.9,1964.6,0,2064,1,0,0,0,1,0,1,0,0,0,0,0,1,0,1,0,0,0,0,0,1,1,0,0,1,0,0
34.1528,-118.000482,27,49.85,1336.15,0,5580,0,0,1,1,1,0,0,0,0,0,0,0,1,0,0,0,0,0,0,0,0,0,0,0,0,0,1
34.168686,-118.057505,25,20.1,486.05,0,5306,0,0,1,1,1,0,0,0,1,1,0,1,0,1,0,1,0,1,0,1,0,0,1,0,0,0,1
34.282704,-118.312929,57,103.05,5925.75,0,5586,1,0,1,0,1,0,1,1,0,0,1,0,1,0,1,0,1,0,1,0,0,0,0,1,0,1,0
34.146635,-118.139225,47,99.7,4747.2,0,4787,0,1,1,0,1,0,1,1,0,0,0,0,0,0,1,0,0,0,1,0,1,0,0,0,0,1,0
34.167465,-118.165327,13,81.9,1028.9,0,2054,0,0,0,0,1,0,0,1,0,0,0,0,0,0,0,0,0,0,1,0,0,0,0,1,0,0,1
34.139402,-118.128658,71,66.2,4692.55,0,4756,1,0,1,1,1,0,1,0,0,0,1,0,0,0,0,0,0,0,1,0,0,1,0,1,0,1,0
34.17051,-118.289463,1,19.75,19.75,0,3666,0,0,0,0,1,0,0,0,1,1,0,1,0,1,0,1,0,1,0,1,0,0,0,0,0,1,0
34.167926,-118.267539,2,72.6,154.3,0,5098,1,1,0,0,1,0,1,1,0,0,0,0,0,0,0,0,0,0,0,0,0,0,0,1,0,0,1
34.153338,-118.262974,55,116.5,6382.55,0,4222,1,1,0,0,1,0,1,1,0,0,1,0,1,0,1,0,1,0,1,0,1,0,0,1,0,1,0
34.136306,-118.26036,71,106.8,7623.2,0,6423,1,1,0,0,1,0,1,1,0,0,0,0,1,0,0,0,1,0,1,0,1,0,1,1,0,1,0
34.13658,-118.245839,50,24.95,1261.45,0,6019,1,0,1,1,1,0,1,0,1,1,0,1,0,1,0,1,0,1,0,1,0,0,1,0,0,0,1
34.162515,-118.203869,1,89.25,89.25,0,5579,1,0,0,0,1,0,0,1,0,0,0,0,0,0,0,0,0,0,1,0,1,0,0,1,0,1,0
34.182378,-118.262922,5,19.25,86.05,0,3056,1,0,0,0,1,0,0,0,1,1,0,1,0,1,0,1,0,1,0,1,0,0,0,1,0,0,1
34.195386,-118.238508,66,104.55,6779.05,0,4494,0,0,0,0,1,0,1,1,0,0,1,0,1,0,1,0,1,0,1,0,0,1,0,1,0,0,0
34.239636,-118.245259,49,87.2,4345.0,0,4567,0,0,1,1,1,0,0,0,0,0,1,0,1,0,1,0,1,0,1,0,1,1,0,1,0,0,1
34.129058,-118.759788,3,30.75,82.85,0,4133,0,1,1,0,0,1,0,0,0,0,0,0,1,0,0,0,0,0,0,0,0,0,0,1,0,1,0
34.130861,-118.68346,66,25.7,1714.55,0,5517,1,0,1,1,1,0,1,0,1,1,0,1,0,1,0,1,0,1,0,1,0,1,0,1,1,0,0
34.19829,-118.602203,11,86.2,893.2,0,3157,1,0,0,1,1,0,1,1,0,0,0,0,0,0,0,0,0,0,0,0,1,0,0,0,0,1,0
34.224377,-118.632656,28,30.1,810.85,0,2653,1,0,0,0,0,1,0,0,0,0,0,0,0,0,0,0,1,0,0,0,0,0,0,1,1,0,0
34.209532,-118.577563,65,99.35,6347.55,0,6300,1,0,1,0,1,0,1,1,0,0,1,0,1,0,1,0,0,0,1,0,0,0,1,1,0,1,0
34.199787,-118.68493,62,19.2,1123.65,0,4937,0,0,0,0,1,0,0,0,1,1,0,1,0,1,0,1,0,1,0,1,0,0,1,1,1,0,0
34.294142,-118.603883,2,20.1,43.15,0,4158,0,0,1,0,1,0,0,0,1,1,0,1,0,1,0,1,0,1,0,1,0,0,0,0,0,0,0
34.150354,-118.518292,2,20.35,35.1,0,3746,0,0,0,0,1,0,0,0,1,1,0,1,0,1,0,1,0,1,0,1,0,0,0,0,1,0,0
34.172071,-118.946262,55,25.65,1388.0,0,4466,0,0,1,1,1,0,1,0,1,1,0,1,0,1,0,1,0,1,0,1,0,0,1,1,1,0,0
34.370378,-118.504118,41,94.55,3851.45,0,4914,1,1,1,0,1,0,0,1,0,0,0,0,1,0,0,0,0,0,1,0,1,0,0,1,0,1,0
34.236683,-118.517588,30,94.4,2638.1,0,4584,0,0,0,0,1,0,0,1,0,0,0,0,0,0,0,0,1,0,1,0,1,1,0,1,0,0,0
34.281911,-118.556218,17,56.1,946.95,0,5025,1,0,0,0,1,0,0,0,0,0,1,0,1,0,0,0,0,0,0,0,0,1,0,0,0,0,1
34.255442,-118.421314,16,68.25,1114.85,0,3559,0,0,1,1,1,0,0,0,0,0,1,0,1,0,0,0,1,0,0,0,1,0,1,0,0,0,0
34.200175,-118.540958,72,24.75,1777.6,0,5398,1,0,0,0,1,0,1,0,1,1,0,1,0,1,0,1,0,1,0,1,0,0,1,0,0,0,0
34.286131,-118.435969,9,76.25,684.85,0,2062,1,0,0,0,1,0,1,1,0,0,0,0,0,0,0,0,0,0,0,0,0,0,0,1,0,1,0
34.321621,-118.399841,1,74.35,74.35,0,4237,0,0,0,0,1,0,0,1,0,0,0,0,1,0,0,0,0,0,0,0,0,0,0,0,0,1,0
34.238802,-118.482296,23,54.15,1312.45,0,2496,1,0,0,1,1,0,0,0,0,0,0,0,1,0,0,0,1,0,0,0,0,0,0,0,0,1,0
34.291273,-118.505104,8,19.45,159.2,0,4119,1,0,0,1,1,0,0,0,1,1,0,1,0,1,0,1,0,1,0,1,0,0,0,0,0,0,0
34.266389,-118.459744,19,34.95,610.2,0,3422,1,0,1,1,0,1,0,0,0,0,1,0,1,0,0,0,0,0,0,0,0,0,0,1,0,0,1
34.502432,-118.41459,7,53.65,404.35,0,4389,0,0,0,0,1,0,1,0,0,0,1,0,0,0,0,0,0,0,0,0,0,0,0,1,0,1,0
34.231053,-118.338307,61,104.0,6363.45,0,4344,1,0,0,0,1,0,1,1,0,0,1,0,0,0,1,0,0,0,1,0,1,1,0,0,0,1,0
34.457005,-118.573726,57,70.35,4124.65,0,5779,0,0,1,0,1,0,0,0,0,0,1,0,1,0,0,0,1,0,1,0,0,0,1,1,1,0,0
34.157137,-118.548511,15,64.85,950.75,0,4442,1,0,0,1,1,0,0,0,0,0,1,0,0,0,1,0,0,0,0,0,1,1,0,0,0,0,1
34.214054,-118.88109,1,19.65,19.65,0,4639,0,0,0,0,1,0,0,0,1,1,0,1,0,1,0,1,0,1,0,1,0,0,0,0,0,0,1
34.130992,-118.894673,12,45.9,505.95,0,5790,0,0,1,0,1,0,0,0,0,0,0,0,0,0,0,0,0,0,0,0,0,0,0,0,0,0,0
34.191842,-118.822796,54,20.0,1149.65,0,6094,1,0,0,0,1,0,0,0,1,1,0,1,0,1,0,1,0,1,0,1,0,0,1,0,0,0,1
34.153733,-118.593408,4,44.8,169.65,0,2114,1,0,1,1,1,0,0,0,0,0,0,0,0,0,0,0,0,0,0,0,0,0,0,0,0,1,0
34.19225,-118.776874,20,20.35,393.15,0,4390,0,0,1,0,1,0,0,0,1,1,0,1,0,1,0,1,0,1,0,1,0,1,0,0,0,0,1
34.364153,-118.615583,26,45.8,1147.0,0,3287,0,0,0,1,0,1,0,0,0,0,1,0,0,0,0,0,1,0,0,0,1,0,0,0,0,0,1
34.178483,-118.431791,53,108.95,5718.2,0,4163,0,0,1,0,1,0,1,1,0,0,0,0,1,0,1,0,1,0,1,0,1,1,0,1,0,0,0
34.147149,-118.463365,68,64.35,4539.6,0,4146,0,0,0,0,0,1,0,0,0,0,1,0,1,0,1,0,1,0,1,0,1,0,1,0,1,0,0
34.202494,-118.448048,72,90.8,6397.6,0,5028,1,0,1,1,1,0,1,0,0,0,1,0,1,0,1,0,1,0,1,0,1,0,1,1,1,0,0
34.195685,-118.490752,12,24.95,280.4,0,4443,1,0,0,0,1,0,1,0,1,1,0,1,0,1,0,1,0,1,0,1,0,1,0,0,1,0,0
34.146957,-118.432138,68,84.7,5711.05,0,5520,0,0,1,0,1,0,1,1,0,0,1,0,1,0,0,0,0,0,0,0,0,0,1,1,0,0,0
34.152875,-118.486056,50,70.8,3478.15,0,4798,0,0,0,1,1,0,0,0,0,0,1,0,0,0,1,0,1,0,1,0,0,1,0,1,1,0,0
34.177267,-118.31003,41,104.4,4133.95,0,4477,0,1,0,0,1,0,1,1,0,0,0,0,1,0,1,0,0,0,1,0,1,0,0,1,0,1,0
34.213049,-118.317651,30,101.5,2917.65,0,4828,1,1,1,0,1,0,1,1,0,0,0,0,0,0,0,0,1,0,1,0,1,0,0,1,0,1,0
34.174215,-118.345928,1,54.3,54.3,0,3259,1,0,0,0,1,0,1,0,0,0,0,0,1,0,0,0,0,0,0,0,0,0,0,0,0,1,0
34.169706,-118.323548,29,103.95,2964.8,0,3733,1,1,1,1,1,0,1,1,0,0,0,0,0,0,1,0,0,0,1,0,1,0,0,1,0,1,0
34.1692,-118.372498,23,91.1,2198.3,0,5991,0,0,1,1,1,0,1,0,0,0,1,0,1,0,1,0,1,0,1,0,1,0,1,1,1,0,0
34.15136,-118.364786,60,19.95,1189.9,0,5316,1,0,0,1,1,0,0,0,1,1,0,1,0,1,0,1,0,1,0,1,0,0,1,0,0,0,1
34.139082,-118.39275,72,26.45,1914.5,0,5534,0,0,1,0,1,0,1,0,1,1,0,1,0,1,0,1,0,1,0,1,0,0,1,0,1,0,0
34.187599,-118.387125,72,75.1,5336.35,0,6284,1,0,0,0,1,0,0,0,0,0,1,0,1,0,1,0,1,0,1,0,0,0,1,1,0,0,0
34.165783,-118.399795,66,108.1,7238.6,0,4722,0,1,0,0,1,0,1,1,0,0,0,0,1,0,1,0,0,0,1,0,1,1,0,0,0,0,0
34.132275,-117.611478,72,110.15,7998.8,0,5065,0,0,1,0,1,0,1,1,0,0,0,0,1,0,1,0,1,0,1,0,1,0,1,1,0,1,0
34.098275,-117.967399,51,111.5,5703.25,0,4363,0,0,0,0,1,0,1,1,0,0,0,0,1,0,1,0,1,0,1,0,1,1,0,1,0,1,0
33.942895,-117.725644,70,106.5,7397.0,0,6319,0,0,1,1,1,0,1,1,0,0,0,0,1,0,1,0,0,0,1,0,1,1,0,1,0,1,0
33.990646,-117.663025,9,19.9,164.6,0,3643,1,0,0,0,1,0,0,0,1,1,0,1,0,1,0,1,0,1,0,1,0,1,0,1,0,1,0
34.127621,-117.717863,59,111.1,6555.2,0,4952,1,0,1,1,1,0,1,1,0,0,1,0,1,0,0,0,1,0,1,0,1,0,1,1,0,0,1
34.097345,-117.906736,3,70.7,225.65,0,2584,1,0,0,1,1,0,0,0,0,0,0,0,0,0,0,0,1,0,1,0,1,0,0,0,0,0,1
34.084747,-117.886844,38,24.85,955.75,0,3511,1,1,1,0,0,1,0,0,0,0,0,0,0,0,0,0,0,0,0,0,0,0,0,1,0,1,0
34.08111,-117.853935,37,91.2,3382.3,0,5135,0,0,0,0,1,0,1,1,0,0,1,0,1,0,1,0,0,0,0,0,0,0,0,0,0,0,0
34.10097,-117.57882,37,65.6,2313.8,0,3183,1,0,0,0,1,0,0,0,0,0,1,0,1,0,1,0,1,0,0,0,0,0,1,0,0,0,0
34.074492,-118.01462,14,59.45,780.85,0,5723,0,0,1,1,1,0,0,0,0,0,1,0,1,0,0,0,1,0,0,0,0,0,0,0,0,0,0
34.04622,-118.053753,72,109.95,7852.4,0,6258,1,0,1,0,1,0,1,1,0,0,1,0,1,0,0,0,1,0,1,0,1,0,1,1,1,0,0
34.119363,-117.855059,72,38.5,2763.0,0,4710,1,0,1,1,0,1,0,0,0,0,1,0,1,0,1,0,0,0,0,0,0,0,1,0,1,0,0
34.14649,-117.849815,17,92.55,1614.7,0,3689,0,1,1,0,1,0,1,1,0,0,0,0,0,0,0,0,0,0,1,0,1,0,0,1,0,1,0
33.976753,-117.897367,10,24.5,270.15,0,5594,0,0,0,0,1,0,1,0,1,1,0,1,0,1,0,1,0,1,0,1,0,0,0,1,0,0,1
34.144703,-117.770299,0,19.7,1397.475,0,4890,1,0,1,1,1,0,0,0,1,1,0,1,0,1,0,1,0,1,0,1,0,1,0,1,0,0,1
33.999992,-117.535395,1,20.6,20.6,0,5370,1,0,0,0,1,0,0,0,1,1,0,1,0,1,0,1,0,1,0,1,0,0,0,0,0,0,1
34.050322,-118.147037,29,58.0,1734.5,0,2810,0,0,0,0,1,0,0,0,0,0,1,0,0,0,1,0,1,0,0,0,0,1,0,0,1,0,0
34.049172,-118.115022,65,107.45,7047.5,0,6211,0,1,1,1,1,0,1,1,0,0,0,0,1,0,1,0,0,0,1,0,1,1,0,1,0,1,0
34.231318,-117.662032,8,65.5,573.15,0,3033,0,0,0,0,1,0,1,0,0,0,1,0,1,0,1,0,0,0,0,0,0,0,0,1,0,0,0
34.035602,-117.591528,61,25.45,1538.6,0,6015,1,0,1,0,1,0,1,0,1,1,0,1,0,1,0,1,0,1,0,1,0,0,1,0,0,0,0
34.057256,-117.667677,45,100.15,4459.8,0,2636,0,1,0,0,1,0,1,1,0,0,0,0,0,0,1,0,0,0,1,0,1,1,0,1,0,0,0
34.072121,-117.698319,72,104.45,7459.0,0,4750,1,0,1,1,1,0,1,1,0,0,0,0,1,0,1,0,0,0,1,0,1,1,0,1,1,0,0
34.074087,-117.605618,12,21.15,306.05,0,5209,1,0,1,1,1,0,0,0,1,1,0,1,0,1,0,1,0,1,0,1,0,0,0,1,0,1,0
33.992416,-117.807874,7,96.2,639.7,0,4329,1,0,0,0,1,0,1,1,0,0,0,0,0,0,0,0,0,0,1,0,1,0,0,0,0,1,0
34.042286,-117.756106,9,44.4,348.15,0,5457,1,0,0,0,1,0,0,0,0,0,0,0,0,0,0,0,0,0,0,0,0,0,0,1,0,0,1
34.067932,-117.785168,58,94.35,5563.65,0,4777,1,0,1,1,1,0,1,1,0,0,0,0,0,0,1,0,1,0,0,0,1,0,1,0,0,0,0
34.102119,-117.815532,2,20.3,40.25,0,5113,1,0,1,1,1,0,0,0,1,1,0,1,0,1,0,1,0,1,0,1,0,0,0,0,0,0,1
34.089927,-118.095645,40,105.75,4228.55,0,4078,0,0,1,0,1,0,1,1,0,0,1,0,0,0,1,0,0,0,1,0,1,1,0,0,0,0,0
34.101608,-118.055848,9,81.15,784.45,0,4544,1,0,0,0,1,0,1,1,0,0,1,0,0,0,0,0,0,0,0,0,0,0,0,1,0,1,0
34.141146,-117.655583,41,89.55,3729.75,0,5549,1,0,0,0,1,0,0,1,0,0,0,0,1,0,0,0,1,0,1,0,0,1,0,1,0,1,0
34.105493,-117.660934,26,54.75,1406.9,0,4020,0,0,0,0,1,0,0,0,0,0,0,0,1,0,1,0,0,0,0,0,0,0,0,1,1,0,0
34.018354,-117.85492,33,53.75,1857.3,0,3160,0,0,1,0,1,0,0,0,0,0,0,0,1,0,0,0,1,0,0,0,0,1,0,1,1,0,0
34.066964,-117.937007,68,105.75,7322.5,0,4437,1,0,1,1,1,0,0,1,0,0,0,0,1,0,1,0,1,0,1,0,1,1,0,0,1,0,0
34.061634,-117.893169,65,105.85,6725.5,0,4872,0,1,1,0,1,0,0,1,0,0,0,0,1,0,1,0,1,0,1,0,1,0,1,1,1,0,0
34.024405,-117.898722,55,64.2,3627.3,0,5151,1,0,0,0,1,0,0,0,0,0,0,0,1,0,0,0,1,0,0,0,1,1,0,1,0,1,0
34.074736,-118.145959,19,87.7,1725.95,0,4446,1,0,0,0,1,0,0,1,0,0,0,0,0,0,0,0,1,0,0,0,1,1,0,1,1,0,0
32.827184,-116.703729,45,89.3,4192.15,0,5470,0,0,0,0,1,0,1,1,0,0,0,0,0,0,1,0,0,0,0,0,1,0,0,1,1,0,0
32.67117,-117.00232,70,20.15,1411.2,0,5219,0,0,1,1,1,0,0,0,1,1,0,1,0,1,0,1,0,1,0,1,0,0,1,1,1,0,0
32.636792,-117.054989,12,20.05,264.55,0,5453,0,0,1,0,1,0,0,0,1,1,0,1,0,1,0,1,0,1,0,1,0,0,1,1,0,1,0
32.607964,-117.059459,72,67.2,4671.7,0,5592,1,0,0,1,0,1,0,0,0,0,1,0,1,0,1,0,1,0,1,0,1,0,1,0,1,0,0
32.64164,-116.985026,12,94.55,1173.55,0,5674,1,0,0,0,1,0,1,1,0,0,0,0,0,0,0,0,0,0,1,0,1,0,0,0,0,1,0
32.605012,-116.97595,71,107.5,7713.55,0,5775,1,1,1,0,1,0,1,1,0,0,1,0,1,0,1,0,0,0,1,0,1,0,0,1,0,1,0
32.912664,-116.635387,35,73.0,2471.25,0,2715,1,1,0,0,1,0,0,0,0,0,0,0,0,0,1,0,1,0,1,0,1,1,0,1,0,1,0
32.622999,-116.687855,70,114.75,7842.3,0,5035,1,0,1,1,1,0,1,1,0,0,1,0,1,0,1,0,1,0,1,0,1,0,1,0,1,0,0
32.857946,-116.561917,31,76.05,2227.8,0,2421,0,0,0,0,1,0,1,1,0,0,0,0,0,0,0,0,0,0,0,0,0,0,0,1,0,1,0
32.759327,-116.99726,30,77.9,2351.45,0,2009,1,1,1,0,1,0,1,1,0,0,0,0,0,0,0,0,0,0,0,0,0,0,0,0,0,0,1
32.782501,-117.01611,33,90.65,2989.6,0,4460,0,0,0,0,1,0,1,1,0,0,1,0,0,0,0,0,0,0,0,0,1,0,0,1,0,1,0
32.733564,-117.033713,54,110.45,6077.75,0,4425,1,1,1,0,1,0,1,1,0,0,0,0,1,0,1,0,1,0,1,0,1,0,1,1,0,1,0
32.830852,-116.444601,59,68.7,4070.95,0,4244,0,0,0,0,1,0,1,0,0,0,1,0,0,0,0,0,1,0,0,0,1,1,0,0,0,0,0
32.67102,-117.095235,55,44.85,2479.05,0,5829,1,1,0,0,0,1,0,0,0,0,1,0,1,0,0,0,0,0,1,0,0,0,0,1,0,1,0
32.800671,-116.483363,69,29.8,2134.3,0,5681,1,1,1,0,0,1,0,0,0,0,0,0,0,0,1,0,0,0,0,0,0,1,0,1,1,0,0
32.619465,-116.593605,66,88.9,6000.1,0,5868,0,0,0,0,1,0,1,1,0,0,0,0,1,0,0,0,0,0,1,0,0,1,0,1,0,0,0
32.726627,-116.994608,37,58.75,2203.1,0,3483,1,0,1,1,1,0,0,0,0,0,1,0,0,0,1,0,1,0,0,0,0,1,0,1,0,0,1
32.730264,-116.950963,9,19.85,183.15,0,5601,1,1,1,0,1,0,0,0,1,1,0,1,0,1,0,1,0,1,0,1,0,1,0,0,1,0,0
32.587557,-116.636816,69,86.9,6194.1,0,4667,1,0,1,1,1,0,1,0,0,0,1,0,0,0,1,0,1,0,1,0,1,0,1,0,0,0,0
33.290907,-117.202895,10,59.65,638.95,0,2385,1,0,0,0,1,0,0,0,0,0,0,0,1,0,0,0,0,0,1,0,0,0,0,1,0,0,1
33.015866,-117.272254,13,66.4,831.75,0,3660,1,0,0,1,1,0,0,0,0,0,0,0,0,0,0,0,0,0,1,0,1,0,0,0,1,0,0
33.098018,-117.258203,69,20.15,1337.5,0,4554,0,0,1,1,1,0,0,0,1,1,0,1,0,1,0,1,0,1,0,1,0,0,1,0,0,0,0
32.948262,-117.256086,66,108.1,7181.95,0,5360,0,1,1,0,1,0,1,1,0,0,0,0,1,0,1,0,1,0,1,0,1,1,0,1,1,0,0
32.79697,-116.969082,46,56.9,2560.1,0,4258,1,0,1,1,1,0,0,0,0,0,1,0,0,0,1,0,1,0,0,0,0,1,0,0,0,0,1
33.054579,-117.25665,56,109.6,5953.0,0,5012,0,0,1,1,1,0,1,1,0,0,1,0,0,0,1,0,1,0,1,0,1,0,0,1,0,0,1
33.081478,-117.033814,70,25.15,1790.15,0,5114,1,0,1,1,1,0,1,0,1,1,0,1,0,1,0,1,0,1,0,1,0,0,1,0,1,0,0
33.21846,-117.116916,33,79.15,2531.4,0,3555,0,0,1,1,1,0,1,0,0,0,0,0,0,0,1,0,1,0,1,0,1,1,0,1,0,1,0
33.141265,-116.967221,72,66.75,4760.3,0,6063,0,0,1,1,1,0,1,0,0,0,1,0,1,0,0,0,1,0,0,0,0,0,1,0,1,0,0
33.079834,-117.134275,19,48.8,953.65,0,3749,0,0,0,1,1,0,0,0,0,0,0,0,0,0,0,0,1,0,0,0,0,0,0,0,0,0,1
32.853743,-117.25034,71,80.7,5705.05,0,5617,0,0,1,0,1,0,0,0,0,0,0,0,1,0,1,0,1,0,1,0,1,0,1,1,1,0,0
33.351059,-117.420557,1,20.55,20.55,0,4801,1,0,0,0,1,0,0,0,1,1,0,1,0,1,0,1,0,1,0,1,0,0,0,0,1,0,0
33.254497,-117.285879,61,115.1,6993.65,0,4785,0,0,0,0,1,0,1,1,0,0,1,0,1,0,1,0,1,0,1,0,1,1,0,1,0,0,1
33.384345,-117.072619,71,59.7,4122.65,0,6420,0,0,1,1,0,1,0,0,0,0,1,0,1,0,0,0,1,0,1,0,1,0,1,0,0,0,0
33.309852,-116.823091,68,86.45,5762.95,0,4480,0,0,1,0,1,0,1,1,0,0,0,0,1,0,1,0,0,0,0,0,0,1,0,0,1,0,0
33.313828,-116.940501,46,33.7,1537.85,0,3007,1,0,0,0,0,1,0,0,0,0,0,0,0,0,1,0,1,0,0,0,0,1,0,0,1,0,0
32.984395,-117.013454,33,80.1,2603.3,0,3957,1,0,0,0,1,0,1,1,0,0,1,0,0,0,0,0,0,0,0,0,0,1,0,0,0,0,0
33.044541,-116.833922,53,104.05,5566.4,0,4190,0,0,1,1,1,0,1,1,0,0,1,0,1,0,1,0,1,0,0,0,1,0,1,1,0,0,0
33.215251,-116.53633,50,108.75,5431.9,0,5211,0,1,1,0,1,0,1,1,0,0,1,0,1,0,1,0,0,0,1,0,1,0,0,0,0,0,0
33.012751,-117.200617,57,41.1,2258.25,0,5281,0,0,0,0,0,1,0,0,0,0,1,0,0,0,1,0,1,0,0,0,0,1,0,1,1,0,0
33.162624,-117.170863,54,20.35,1092.35,0,5646,0,0,1,1,1,0,0,0,1,1,0,1,0,1,0,1,0,1,0,1,0,0,1,1,0,0,0
33.174725,-116.743329,60,105.9,6401.25,0,5084,0,1,1,0,1,0,1,1,0,0,0,0,1,0,1,0,0,0,1,0,1,0,0,1,0,1,0
33.25283,-116.986079,10,65.5,616.9,0,3137,0,0,1,1,1,0,0,0,0,0,0,0,1,0,0,0,1,0,0,0,1,0,0,1,0,1,0
33.17494,-117.242761,43,40.45,1912.85,0,3176,1,0,0,1,0,1,0,0,0,0,1,0,1,0,1,0,0,0,0,0,0,0,0,1,0,1,0
33.22784,-117.200024,13,70.45,849.1,0,5225,1,1,1,0,1,0,0,1,0,0,0,0,0,0,0,0,0,0,0,0,0,0,0,0,0,0,0
33.323705,-116.626907,43,78.8,3460.3,0,3972,0,0,1,0,1,0,0,0,0,0,1,0,0,0,1,0,1,0,1,0,1,0,1,1,0,1,0
32.72523,-117.171346,1,90.1,90.1,0,4142,1,0,1,1,1,0,0,1,0,0,0,0,0,0,0,0,0,0,1,0,1,0,0,1,0,1,0
32.716007,-117.117462,69,82.45,5555.3,0,4631,0,0,0,0,1,0,0,0,0,0,1,0,0,0,1,0,1,0,1,0,1,0,1,1,1,0,0
32.747484,-117.166877,61,20.25,1278.8,0,5974,0,0,1,0,1,0,0,0,1,1,0,1,0,1,0,1,0,1,0,1,0,0,1,0,1,0,0
32.741499,-117.127409,43,66.25,2907.35,0,2168,1,0,1,0,1,0,1,0,0,0,1,0,1,0,0,0,1,0,0,0,0,0,0,0,0,0,0
32.741852,-117.243453,56,89.7,4952.95,0,5955,1,0,1,0,1,0,0,1,0,0,0,0,0,0,0,0,0,0,1,0,1,0,0,0,0,0,1
32.774046,-117.142454,70,64.55,4504.9,0,4858,0,0,1,0,0,1,0,0,0,0,1,0,1,0,1,0,1,0,1,0,1,0,1,0,0,0,0
32.76501,-117.19938,49,93.65,4520.15,0,5542,1,0,1,1,1,0,1,1,0,0,0,0,1,0,1,0,0,0,1,0,0,1,0,1,0,1,0
32.697098,-117.116587,32,73.6,2316.85,0,4343,0,0,1,1,1,0,0,0,0,0,1,0,1,0,1,0,1,0,0,0,1,0,1,0,0,0,1
32.707892,-117.05512,72,109.75,8075.35,0,6010,0,1,1,0,1,0,1,1,0,0,1,0,0,0,1,0,1,0,1,0,1,0,1,1,0,0,1
32.762506,-117.07245,37,61.45,2302.35,0,5447,1,0,0,1,1,0,0,0,0,0,1,0,1,0,0,0,1,0,0,0,0,0,1,0,1,0,0
32.765299,-117.122565,69,106.4,7251.9,0,4328,0,0,1,0,1,0,0,1,0,0,1,0,1,0,0,0,1,0,1,0,1,1,0,1,1,0,0
32.825086,-117.199424,26,81.9,2078.55,0,3350,0,0,1,0,1,0,0,0,0,0,0,0,1,0,1,0,1,0,1,0,1,0,0,0,0,0,0
32.68674,-117.186612,58,105.2,6225.4,0,4605,0,0,1,1,1,0,1,1,0,0,0,0,1,0,1,0,0,0,1,0,1,1,0,1,1,0,0
32.802959,-117.027095,24,54.6,1242.25,0,3398,1,0,0,0,1,0,1,0,0,0,0,0,0,0,0,0,1,0,0,0,0,1,0,0,0,0,0
32.807867,-117.060993,5,20.55,99.45,0,3629,1,0,1,1,1,0,0,0,1,1,0,1,0,1,0,1,0,1,0,1,0,1,0,0,0,1,0
32.85723,-117.209774,30,19.7,599.25,0,5045,0,0,1,1,1,0,0,0,1,1,0,1,0,1,0,1,0,1,0,1,0,0,1,0,0,0,1
32.808814,-117.134694,55,66.05,3462.1,0,5501,0,0,1,0,1,0,1,0,0,0,1,0,1,0,0,0,1,0,0,0,0,1,0,1,1,0,0
33.017518,-117.118456,44,54.05,2375.2,0,4896,1,0,1,1,0,1,0,0,0,0,1,0,1,0,1,0,1,0,0,0,1,0,1,1,1,0,0
33.000269,-117.072093,47,58.9,2813.05,0,5774,0,0,0,0,1,0,0,0,0,0,1,0,1,0,0,0,1,0,0,0,0,1,0,1,0,0,1
32.89325,-117.087091,64,96.9,6314.35,0,5369,0,0,1,0,1,0,0,1,0,0,1,0,0,0,0,0,1,0,1,0,1,1,0,1,0,0,1
32.677716,-117.047666,1,19.1,19.1,0,2091,1,0,0,0,1,0,0,0,1,1,0,1,0,1,0,1,0,1,0,1,0,0,0,0,0,0,1
32.578103,-117.012975,20,50.0,1003.05,0,5741,1,0,0,0,1,0,0,0,0,0,0,0,0,0,0,0,1,0,0,0,0,0,0,0,0,0,1
32.555828,-117.040073,37,45.4,1593.1,0,4051,0,0,1,0,0,1,0,0,0,0,1,0,0,0,0,0,1,0,1,0,0,0,1,0,0,1,0
33.713891,-116.237257,30,85.45,2509.95,0,3409,1,0,1,1,1,0,1,1,0,0,0,0,0,0,0,0,0,0,1,0,0,0,0,0,0,1,0
33.752938,-116.230055,38,84.1,3187.65,0,2604,0,0,0,0,1,0,1,0,0,0,1,0,1,0,1,0,0,0,1,0,1,1,0,0,0,0,0
33.936298,-116.849577,52,66.25,3330.1,0,4275,0,0,1,0,0,1,0,0,0,0,1,0,1,0,1,0,1,0,1,0,1,0,1,0,1,0,0
33.946982,-116.977672,71,76.9,5522.7,0,4633,1,0,0,1,1,0,0,0,0,0,1,0,1,0,1,0,1,0,1,0,0,0,1,1,1,0,0
33.03933,-115.191857,66,74.6,4798.4,0,4838,1,0,0,0,1,0,1,0,0,0,1,0,1,0,1,0,0,0,0,0,1,0,1,1,1,0,0
33.929812,-116.76058,72,116.95,8594.4,0,5949,1,0,1,0,1,0,1,1,0,0,1,0,1,0,1,0,1,0,1,0,1,0,1,1,1,0,0
32.690654,-115.431225,25,40.65,970.55,0,5079,1,0,0,1,0,1,0,0,0,0,1,0,0,0,0,0,0,0,1,0,0,1,0,1,1,0,0
33.143826,-115.497485,69,114.35,7665.8,0,6082,1,0,1,1,1,0,1,1,0,0,1,0,1,0,1,0,1,0,1,0,1,0,1,1,0,0,0
33.829583,-116.474131,53,69.7,3686.05,0,4975,1,0,1,1,1,0,1,0,0,0,1,0,1,0,0,0,0,0,0,0,1,0,1,0,0,0,0
33.889605,-115.257009,26,98.65,2537.0,0,4191,1,0,0,0,1,0,0,1,0,0,0,0,0,0,1,0,1,0,1,0,1,0,0,1,0,1,0
33.948558,-116.516976,21,61.65,1393.6,0,2926,1,0,0,0,1,0,0,0,0,0,0,0,0,0,1,0,0,0,0,0,1,0,0,0,0,0,1
33.832799,-116.250973,1,89.35,89.35,0,2432,0,0,0,1,1,0,0,1,0,0,0,0,0,0,0,0,0,0,1,0,1,0,0,1,0,1,0
34.137742,-114.36514,48,95.4,4445.3,0,4334,1,0,0,0,1,0,1,1,0,0,1,0,0,0,0,0,1,0,0,0,1,0,0,1,0,1,0
32.770393,-115.60915,26,35.4,978.6,0,2519,0,0,1,0,0,1,0,0,0,0,1,0,0,0,1,0,0,0,0,0,0,1,0,0,1,0,0
32.730583,-115.501083,60,19.95,1258.15,0,5971,1,0,1,0,1,0,0,0,1,1,0,1,0,1,0,1,0,1,0,1,0,0,1,0,0,0,1
32.811001,-115.152865,18,19.25,331.35,0,4769,1,0,0,0,1,0,0,0,1,1,0,1,0,1,0,1,0,1,0,1,0,0,0,0,0,0,1
33.695532,-116.310571,4,20.4,84.75,0,5602,0,0,0,1,1,0,0,0,1,1,0,1,0,1,0,1,0,1,0,1,0,1,0,1,0,0,1
33.543835,-115.993906,65,24.75,1715.1,0,6263,1,0,1,1,1,0,1,0,1,1,0,1,0,1,0,1,0,1,0,1,0,0,1,0,1,0,0
34.097863,-116.594561,70,25.35,1715.15,0,6059,1,0,1,1,1,0,1,0,1,1,0,1,0,1,0,1,0,1,0,1,0,0,1,0,0,0,1
33.906496,-116.569499,62,20.0,1250.1,0,4402,1,0,0,1,1,0,0,0,1,1,0,1,0,1,0,1,0,1,0,1,0,0,1,0,0,0,0
32.698964,-115.886656,66,59.75,3996.8,0,5979,0,0,1,1,1,0,0,0,0,0,1,0,0,0,0,0,0,0,1,0,0,0,1,1,0,1,0
33.694501,-116.412711,65,82.5,5215.1,0,5314,0,0,1,1,1,0,1,0,0,0,1,0,1,0,0,0,1,0,1,0,1,0,1,1,0,0,0
33.745746,-116.514215,34,20.35,673.2,0,2864,0,0,0,0,1,0,0,0,1,1,0,1,0,1,0,1,0,1,0,1,0,0,0,0,0,0,1
33.3249,-114.758334,16,90.8,1442.2,0,5560,1,0,1,1,1,0,1,1,0,0,0,0,0,0,1,0,0,0,1,0,0,0,0,1,0,0,0
34.201108,-116.593456,50,104.95,5222.35,0,5570,0,1,0,0,1,0,1,1,0,0,0,0,0,0,1,0,1,0,1,0,1,0,0,1,0,1,0
33.763678,-116.429928,71,105.25,7291.75,0,6319,1,0,1,0,1,0,0,1,0,0,0,0,1,0,1,0,1,0,1,0,1,0,1,1,0,1,0
33.28156,-115.955541,18,23.75,424.5,0,3076,1,0,0,0,1,0,1,0,1,1,0,1,0,1,0,1,0,1,0,1,0,1,0,0,0,0,1
33.849263,-116.382778,4,61.3,249.4,0,5281,1,0,0,0,1,0,0,0,0,0,0,0,0,0,0,0,1,0,1,0,0,0,0,1,0,1,0
34.17211,-115.769773,58,75.8,4415.75,0,4292,0,0,1,1,1,0,1,0,0,0,1,0,0,0,1,0,1,0,1,0,0,0,1,0,0,0,1
34.457829,-116.139589,56,98.0,5270.6,0,4615,0,0,1,0,1,0,1,1,0,0,1,0,0,0,0,0,0,0,1,0,1,1,0,1,0,1,0
33.972293,-116.654195,56,52.0,2884.9,0,5845,1,0,1,1,0,1,0,0,0,0,1,0,1,0,0,0,1,0,1,0,0,1,0,1,0,0,1
34.159534,-116.425984,4,64.4,253.0,0,3334,0,0,0,0,1,0,1,0,0,0,0,0,0,0,0,0,1,0,1,0,0,0,0,1,0,0,1
34.667815,-117.536183,10,45.8,436.2,0,5586,1,0,0,0,1,0,0,0,0,0,0,0,0,0,0,0,0,0,0,0,0,0,0,1,1,0,0
34.559882,-115.637164,4,30.5,118.4,0,3030,1,0,0,0,0,1,0,0,0,0,0,0,0,0,0,0,1,0,0,0,0,0,0,0,0,1,0
34.55082,-117.122396,51,69.15,3649.6,0,5187,0,0,1,0,1,0,0,1,0,0,0,0,0,0,0,0,0,0,0,0,0,0,0,0,0,0,1
35.28952,-116.092214,6,49.25,255.6,0,2979,0,0,0,0,0,1,0,0,0,0,0,0,0,0,0,0,1,0,1,0,1,1,0,1,0,0,1
35.349241,-116.770281,63,39.35,2395.05,0,5374,1,0,1,1,0,1,0,0,0,0,0,0,1,0,1,0,1,0,0,0,0,0,1,0,0,0,0
34.029175,-117.307211,48,105.1,5083.55,0,3109,0,0,1,0,1,0,1,1,0,0,0,0,1,0,0,0,1,0,1,0,1,0,0,1,1,0,0
34.242058,-116.89802,35,20.1,644.5,0,3726,0,0,0,1,1,0,0,0,1,1,0,1,0,1,0,1,0,1,0,1,0,1,0,1,1,0,0
33.982787,-117.057627,2,19.75,39.3,0,4064,1,0,0,0,1,0,0,0,1,1,0,1,0,1,0,1,0,1,0,1,0,0,0,0,0,0,1
34.255203,-117.175654,50,19.75,989.05,0,4934,0,0,0,0,1,0,0,0,1,1,0,1,0,1,0,1,0,1,0,1,0,1,0,0,0,0,0
34.030915,-117.273201,33,70.4,2406.1,0,4860,0,0,0,0,1,0,0,1,0,0,0,0,0,0,0,0,0,0,0,0,0,0,0,1,0,0,0
34.248061,-117.29028,31,20.45,638.55,0,2598,1,0,0,0,1,0,0,0,1,1,0,1,0,1,0,1,0,1,0,1,0,0,1,0,0,0,1
34.875144,-116.821698,9,20.35,191.1,0,5352,0,0,1,1,1,0,0,0,1,1,0,1,0,1,0,1,0,1,0,1,0,0,1,0,0,0,1
36.27688,-117.033326,54,86.2,4524.05,0,6275,0,0,1,1,1,0,1,0,0,0,0,0,1,0,1,0,1,0,1,0,1,0,0,1,0,1,0
34.9436,-115.287901,46,95.65,4664.2,0,4727,0,0,0,0,1,0,0,1,0,0,1,0,1,0,1,0,0,0,1,0,0,1,0,1,1,0,0
34.274846,-116.937581,34,103.8,3470.8,0,5382,1,0,0,1,1,0,1,1,0,0,1,0,1,0,0,0,0,0,1,0,1,1,0,1,0,1,0
34.087558,-117.464096,71,97.2,6910.3,0,4603,1,0,1,1,1,0,1,1,0,0,1,0,0,0,0,0,0,0,1,0,1,0,1,1,0,1,0
34.136367,-117.460803,63,63.55,4014.2,0,5733,0,0,1,1,1,0,0,0,0,0,1,0,1,0,1,0,1,0,0,0,0,0,1,0,0,0,1
34.049671,-117.468896,51,24.95,1288.0,0,5458,0,0,0,0,1,0,1,0,1,1,0,1,0,1,0,1,0,1,0,1,0,0,1,0,0,0,0
34.067699,-116.903891,64,99.0,6375.8,0,5483,0,0,1,0,1,0,0,1,0,0,1,0,0,0,1,0,0,0,1,0,1,0,1,1,0,0,0
34.757783,-117.33997,61,85.55,5251.75,0,4845,1,1,1,0,1,0,1,1,0,0,0,0,1,0,0,0,1,0,0,0,0,1,0,1,0,0,0
34.361387,-117.337509,15,94.0,1505.45,0,4521,0,0,0,0,1,0,0,1,0,0,0,0,0,0,1,0,0,0,1,0,1,0,0,1,1,0,0
34.983808,-117.239306,18,50.3,913.3,0,5877,0,0,0,0,1,0,1,0,0,0,0,0,0,0,0,0,0,0,0,0,0,0,0,1,0,1,0
34.2565,-117.19335,57,95.0,5535.8,0,6245,0,0,1,1,1,0,0,1,0,0,0,0,1,0,0,0,0,0,1,0,1,1,0,1,0,1,0
34.049315,-117.255974,14,61.4,815.55,0,3186,1,0,1,1,1,0,0,0,0,0,1,0,1,0,0,0,0,0,0,0,1,0,1,1,0,0,0
34.508417,-116.856103,18,80.55,1411.65,0,5137,1,1,0,0,1,0,1,1,0,0,0,0,1,0,0,0,0,0,0,0,0,0,0,1,1,0,0
34.238162,-117.534306,72,78.5,5602.25,0,6072,0,1,1,0,1,0,1,1,0,0,1,0,0,0,0,0,0,0,0,0,0,0,1,0,0,0,0
34.103578,-117.04054,70,114.3,8244.3,0,4280,1,0,1,0,1,0,1,1,0,0,1,0,1,0,1,0,1,0,1,0,1,0,1,0,1,0,0
34.711224,-114.702256,38,20.05,741.5,0,2295,0,0,0,0,1,0,0,0,1,1,0,1,0,1,0,1,0,1,0,1,0,0,1,0,0,0,1
35.478736,-115.516984,68,62.65,4375.8,0,5215,1,0,1,1,1,0,0,0,0,0,1,0,1,0,1,0,1,0,0,0,0,0,1,0,1,0,0
34.647959,-117.296957,65,92.7,5968.4,0,5205,1,1,1,0,1,0,1,1,0,0,1,0,1,0,0,0,0,0,1,0,0,0,1,1,1,0,0
34.441123,-117.537886,30,100.45,3096.9,0,3936,0,0,0,0,1,0,1,1,0,0,0,0,0,0,1,0,0,0,1,0,1,0,0,0,0,1,0
34.459322,-117.629729,51,75.2,3901.25,0,4708,1,0,1,0,1,0,1,0,0,0,0,0,0,0,0,0,1,0,1,0,1,0,1,1,0,0,0
34.003243,-117.138286,31,84.75,2613.4,0,3727,0,0,0,0,1,0,1,1,0,0,1,0,0,0,1,0,0,0,0,0,0,0,0,1,1,0,0
34.109775,-117.378904,72,79.5,5661.7,0,4390,0,0,1,1,1,0,1,0,0,0,1,0,1,0,1,0,1,0,0,0,1,0,1,1,0,0,0
34.186211,-117.07683,37,19.8,695.05,0,5987,0,0,0,0,1,0,0,0,1,1,0,1,0,1,0,1,0,1,0,1,0,1,0,1,0,1,0
34.243088,-116.830015,55,100.9,5552.05,0,5101,1,0,0,0,1,0,0,1,0,0,1,0,1,0,0,0,0,0,1,0,1,1,0,1,0,0,1
35.824572,-116.274755,33,95.3,3275.15,0,3087,1,0,0,1,1,0,1,1,0,0,1,0,0,0,1,0,0,0,0,0,1,0,0,1,0,0,0
34.486835,-117.362274,46,90.95,4236.6,0,5187,0,0,1,1,1,0,0,1,0,0,0,0,0,0,1,0,1,0,0,0,1,1,0,0,0,0,0
34.567058,-117.362329,1,54.5,54.5,0,4359,0,0,0,1,1,0,0,0,0,0,1,0,0,0,0,0,1,0,0,0,0,0,0,0,0,1,0
34.105935,-117.2914,19,49.6,962.9,0,5735,0,0,1,1,1,0,0,0,0,0,0,0,0,0,1,0,0,0,0,0,0,0,0,1,0,0,0
34.142747,-117.300864,61,25.0,1498.35,0,4673,0,0,0,1,1,0,1,0,1,1,0,1,0,1,0,1,0,1,0,1,0,0,1,1,1,0,0
34.250069,-117.393949,26,45.45,1233.15,0,5451,1,0,0,0,1,0,0,0,0,0,0,0,0,0,0,0,0,0,0,0,0,0,0,0,0,1,0
34.084909,-117.258107,45,107.75,4882.8,0,3301,1,0,1,0,1,0,1,1,0,0,0,0,1,0,1,0,0,0,1,0,1,0,0,1,0,0,0
34.106922,-117.297553,62,89.1,5411.65,0,5995,1,0,1,1,1,0,1,1,0,0,0,0,0,0,1,0,0,0,1,0,0,0,1,1,1,0,0
33.994676,-117.372498,3,44.75,148.05,0,3422,0,0,0,0,1,0,0,0,0,0,0,0,0,0,0,0,0,0,0,0,0,0,0,0,0,0,1
33.890046,-117.455583,41,101.6,3930.55,0,3275,0,0,1,1,1,0,1,1,0,0,1,0,1,0,1,0,0,0,0,0,1,1,0,1,0,0,0
33.9108,-117.398153,67,103.15,6895.5,0,4376,1,0,1,1,1,0,0,1,0,0,0,0,1,0,1,0,1,0,1,0,1,0,1,0,0,0,0
33.930931,-117.361788,71,95.65,6856.95,0,5856,0,0,1,0,1,0,1,1,0,0,1,0,1,0,0,0,0,0,1,0,0,1,0,0,0,0,1
33.976328,-117.319786,37,75.1,2658.8,0,4131,0,0,1,1,1,0,0,0,0,0,1,0,1,0,0,0,0,0,1,0,1,1,0,0,0,0,0
33.885499,-117.324959,60,61.35,3766.2,0,6174,1,0,1,0,1,0,0,0,0,0,1,0,1,0,0,0,1,0,0,0,0,0,1,1,0,0,1
33.888323,-117.277533,6,19.7,129.55,0,5387,0,0,0,0,1,0,0,0,1,1,0,1,0,1,0,1,0,1,0,1,0,0,0,0,1,0,0
33.705836,-117.318204,11,51.0,581.7,0,5777,0,0,1,1,1,0,0,0,0,0,1,0,0,0,0,0,0,0,0,0,0,0,0,0,0,0,0
33.527605,-116.666551,10,88.85,929.45,0,4531,0,0,1,1,1,0,0,1,0,0,0,0,0,0,0,0,0,0,1,0,1,0,0,1,0,1,0
33.739415,-116.968339,34,20.05,679.0,0,2236,1,0,1,0,1,0,0,0,1,1,0,1,0,1,0,1,0,1,0,1,0,0,1,0,1,0,0
33.644585,-116.871544,62,65.1,3846.75,0,5172,0,0,0,0,1,0,0,0,0,0,1,0,0,0,0,0,1,0,0,0,1,0,1,1,0,0,1
33.734933,-117.044145,64,70.15,4480.7,0,5037,1,0,1,0,1,0,1,0,0,0,0,0,1,0,0,0,1,0,0,0,1,1,0,1,0,0,1
33.755039,-116.741796,25,20.75,499.4,0,5161,1,0,0,0,1,0,0,0,1,1,0,1,0,1,0,1,0,1,0,1,0,0,1,1,0,0,1
33.88274,-117.224878,26,56.05,1553.2,0,3079,0,0,0,0,1,0,0,0,0,0,0,0,1,0,1,0,0,0,0,0,0,1,0,1,0,0,1
33.923149,-117.244933,10,19.95,219.5,0,3044,1,0,0,1,1,0,0,0,1,1,0,1,0,1,0,1,0,1,0,1,0,1,0,1,0,0,0
33.907361,-117.109972,53,98.6,5311.85,0,4635,0,0,0,0,1,0,1,1,0,0,1,0,1,0,1,0,0,0,1,0,0,1,0,0,0,0,1
33.638645,-116.55783,33,79.0,2576.8,0,4396,1,0,0,0,1,0,0,1,0,0,0,0,1,0,1,0,0,0,0,0,0,0,0,1,1,0,0
33.548869,-117.334165,71,89.45,6435.25,0,6004,0,1,1,0,1,0,0,1,0,0,0,0,1,0,1,0,0,0,0,0,1,0,1,0,1,0,0
33.581045,-117.14719,29,74.2,1993.25,0,3982,0,0,0,0,1,0,1,1,0,0,0,0,0,0,0,0,0,0,0,0,0,0,0,1,0,1,0
33.82769,-117.102244,24,81.0,1923.85,0,3019,1,0,1,1,1,0,1,0,0,0,1,0,0,0,0,0,1,0,1,0,1,0,0,0,0,0,0
33.787298,-117.320676,20,49.6,939.8,0,3235,1,0,1,1,1,0,0,0,0,0,0,0,0,0,1,0,0,0,0,0,0,0,0,1,0,1,0
33.828289,-117.201666,1,84.6,84.6,0,2196,0,0,0,0,1,0,1,1,0,0,0,0,0,0,0,0,0,0,1,0,0,0,0,1,0,1,0
33.653338,-117.178271,72,84.2,5986.55,0,5598,0,0,1,1,1,0,1,0,0,0,1,0,0,0,1,0,1,0,1,0,1,0,1,1,0,0,0
33.739412,-117.173334,52,106.3,5487.0,0,4969,1,0,1,0,1,0,0,1,0,0,1,0,1,0,1,0,1,0,1,0,1,0,1,1,0,1,0
33.707483,-117.200006,9,69.05,651.5,0,5121,0,0,0,0,1,0,0,1,0,0,0,0,0,0,0,0,0,0,0,0,0,0,0,0,0,1,0
33.69887,-117.25071,1,45.4,45.4,0,4916,0,0,0,0,1,0,0,0,0,0,0,0,0,0,0,0,0,0,0,0,0,0,0,1,0,0,1
33.617108,-117.253349,69,99.35,6856.45,0,4637,1,0,1,1,1,0,1,1,0,0,0,0,0,0,0,0,1,0,1,0,1,0,1,1,0,1,0
33.657433,-117.04254,1,50.75,50.75,0,2250,1,0,0,0,1,0,0,0,0,0,1,0,0,0,0,0,0,0,0,0,0,0,0,1,0,0,1
33.720359,-117.733655,54,87.1,4735.2,0,5418,1,0,0,0,1,0,1,0,0,0,1,0,0,0,1,0,1,0,1,0,1,0,1,0,0,0,0
33.688546,-117.788091,33,20.15,682.15,0,5759,1,0,0,1,1,0,0,0,1,1,0,1,0,1,0,1,0,1,0,1,0,1,0,1,0,0,1
33.703976,-117.824172,45,98.7,4525.8,0,2535,1,1,1,0,1,0,1,1,0,0,0,0,1,0,1,0,1,0,1,0,0,1,0,1,0,0,0
33.698728,-117.67768,11,25.2,321.05,0,5916,0,0,0,1,0,1,0,0,0,0,0,0,0,0,0,0,0,0,0,0,0,0,0,0,0,1,0
33.643095,-117.810896,6,55.7,335.65,0,2482,1,0,0,0,1,0,0,0,0,0,1,0,1,0,0,0,0,0,0,0,0,0,0,1,0,0,0
33.680302,-117.833296,21,65.35,1424.4,0,2887,1,0,0,0,1,0,0,0,0,0,1,0,0,0,1,0,0,0,1,0,0,0,0,0,0,0,0
33.667145,-117.732135,65,25.3,1748.55,0,4533,0,0,1,1,1,0,1,0,1,1,0,1,0,1,0,1,0,1,0,1,0,0,1,1,0,0,0
33.678591,-117.905471,43,24.25,1077.95,0,4432,1,0,1,1,1,0,1,0,1,1,0,1,0,1,0,1,0,1,0,1,0,0,1,0,0,0,1
33.666301,-117.969501,60,60.5,3694.45,0,6026,1,0,1,1,1,0,0,0,0,0,1,0,1,0,1,0,0,0,0,0,0,0,1,0,0,0,0
33.723579,-118.005441,17,25.1,382.8,0,4580,1,0,0,0,0,1,0,0,0,0,0,0,0,0,0,0,0,0,0,0,0,0,0,0,1,0,0
33.721917,-118.043237,35,20.05,746.75,0,3942,1,0,1,1,1,0,0,0,1,1,0,1,0,1,0,1,0,1,0,1,0,1,0,0,0,0,0
33.606899,-117.717854,12,30.25,368.85,0,5988,0,0,1,1,0,1,0,0,0,0,0,0,0,0,0,0,1,0,0,0,0,1,0,0,1,0,0
33.744439,-117.98588,1,20.2,20.2,0,4496,1,0,0,0,1,0,0,0,1,1,0,1,0,1,0,1,0,1,0,1,0,0,0,0,0,0,1
33.571259,-117.731917,28,59.9,1654.7,0,4131,0,0,0,0,1,0,0,0,0,0,1,0,1,0,0,0,1,0,0,0,0,1,0,1,0,1,0
33.603282,-117.821841,70,25.15,1940.85,0,4279,1,0,1,0,1,0,1,0,1,1,0,1,0,1,0,1,0,1,0,1,0,0,1,0,0,0,0
33.601309,-117.902304,18,101.3,1794.65,0,5948,1,0,0,0,1,0,0,1,0,0,0,0,1,0,1,0,0,0,1,0,1,0,0,0,1,0,0
33.606336,-117.893042,70,76.95,5289.8,0,6280,1,0,1,0,1,0,1,0,0,0,1,0,0,0,0,0,1,0,1,0,1,0,1,1,1,0,0
33.62251,-117.927024,9,55.3,501.2,0,4291,0,0,1,1,1,0,1,0,0,0,0,0,1,0,0,0,0,0,0,0,0,0,0,1,0,0,1
33.429488,-117.609432,67,92.45,6140.85,0,5857,0,1,0,0,1,0,0,1,0,0,1,0,1,0,0,0,1,0,1,0,0,0,1,1,0,0,0
33.4725,-117.584273,1,48.45,48.45,0,5838,0,0,0,0,1,0,0,0,0,0,1,0,0,0,0,0,0,0,0,0,0,0,0,1,0,0,0
33.521447,-117.602555,18,19.35,309.25,0,2269,0,0,1,1,1,0,0,0,1,1,0,1,0,1,0,1,0,1,0,1,0,0,1,0,0,0,1
33.529047,-117.701175,71,86.7,6179.35,0,4485,1,1,1,1,1,0,0,1,0,0,1,0,1,0,1,0,0,0,0,0,0,1,0,1,0,0,0
33.752591,-117.993661,1,55.7,55.7,0,5664,1,0,1,0,1,0,0,0,0,0,1,0,0,0,1,0,0,0,0,0,0,0,0,0,0,0,1
33.624654,-117.611733,55,84.25,4589.85,0,5735,0,0,0,0,1,0,1,1,0,0,1,0,0,0,1,0,0,0,0,0,0,1,0,1,1,0,0
33.611945,-117.665867,59,64.65,3735.45,0,5687,1,0,0,0,1,0,0,0,0,0,0,0,0,0,1,0,1,0,1,0,0,0,0,1,0,1,0
33.569186,-117.640055,7,69.2,477.55,0,2551,0,0,1,0,1,0,0,1,0,0,0,0,0,0,0,0,0,0,0,0,0,0,0,1,0,0,0
33.748478,-117.858918,45,54.65,2553.7,0,5083,1,0,1,1,1,0,0,0,0,0,1,0,0,0,0,0,1,0,0,0,0,0,1,0,0,0,0
33.748635,-117.906125,54,24.75,1342.15,0,6466,0,0,1,1,1,0,1,0,1,1,0,1,0,1,0,1,0,1,0,1,0,1,0,1,0,0,0
33.719869,-117.907063,51,23.95,1216.35,0,5895,1,0,1,1,1,0,1,0,1,1,0,1,0,1,0,1,0,1,0,1,0,1,0,1,0,0,1
33.766004,-117.786763,72,105.0,7578.05,0,6423,0,1,1,0,1,0,1,1,0,0,0,0,1,0,1,0,0,0,1,0,1,1,0,0,1,0,0
33.765893,-117.881533,44,59.85,2603.95,0,5981,1,0,1,0,1,0,0,0,0,0,1,0,1,0,0,0,1,0,0,0,0,1,0,1,0,0,0
33.714829,-117.872941,2,20.05,42.7,0,4394,1,0,0,0,1,0,0,0,1,1,0,1,0,1,0,1,0,1,0,1,0,0,0,0,0,0,1
33.712036,-117.950113,66,92.15,6056.9,0,4928,0,0,0,0,1,0,1,1,0,0,0,0,0,0,1,0,0,0,1,0,0,1,0,1,0,0,0
33.735802,-117.818805,68,44.8,2983.65,0,4112,1,0,1,1,0,1,0,0,0,0,1,0,1,0,0,0,0,0,1,0,0,1,0,0,0,0,1
33.738543,-117.785046,31,20.9,689.35,0,5581,0,0,0,0,1,0,0,0,1,1,0,1,0,1,0,1,0,1,0,1,0,0,1,0,1,0,0
33.844983,-117.952151,21,95.4,2025.1,0,5691,0,1,0,0,1,0,1,1,0,0,0,0,0,0,0,0,0,0,1,0,1,0,0,1,0,0,0
33.807864,-117.923782,21,80.35,1747.2,0,4579,1,0,0,1,1,0,1,1,0,0,1,0,0,0,0,0,0,0,0,0,0,0,0,0,0,1,0
33.818,-117.974404,55,85.1,4657.95,0,5661,0,0,1,1,1,0,1,0,0,0,1,0,0,0,1,0,1,0,1,0,1,0,1,1,0,0,0
33.83796,-117.870494,71,115.05,8016.6,0,4438,1,1,1,0,1,0,1,1,0,0,1,0,1,0,1,0,1,0,1,0,1,0,1,1,0,0,0
33.850452,-117.726668,22,19.95,433.5,0,2233,1,0,1,1,1,0,0,0,1,1,0,1,0,1,0,1,0,1,0,1,0,1,0,0,0,0,1
33.879983,-117.895482,67,86.15,5883.85,0,5037,0,0,1,0,1,0,1,0,0,0,0,0,1,0,1,0,1,0,1,0,1,0,1,0,0,0,0
33.868316,-117.929029,14,78.85,1043.8,0,5327,0,1,0,0,1,0,0,1,0,0,1,0,1,0,0,0,0,0,0,0,0,0,0,0,0,1,0
33.902211,-117.914922,21,86.55,1857.25,0,5318,1,1,1,0,1,0,0,1,0,0,0,0,0,0,1,0,0,0,1,0,0,0,0,0,0,0,0
33.787165,-117.931889,4,42.4,146.4,0,4282,1,0,0,0,0,1,0,0,0,0,1,0,1,0,0,0,1,0,0,0,0,0,0,0,0,0,1
33.764018,-117.931507,70,24.25,1724.15,0,4118,1,0,1,0,1,0,1,0,1,1,0,1,0,1,0,1,0,1,0,1,0,0,1,0,0,0,0
33.782955,-118.026456,21,20.5,429.55,0,5766,1,1,0,0,1,0,0,0,1,1,0,1,0,1,0,1,0,1,0,1,0,1,0,0,0,0,0
33.925833,-117.559639,20,19.6,356.15,0,5909,1,0,0,0,1,0,0,0,1,1,0,1,0,1,0,1,0,1,0,1,0,0,0,1,1,0,0
33.817473,-117.810462,22,20.25,488.25,0,3339,1,0,1,1,1,0,0,0,1,1,0,1,0,1,0,1,0,1,0,1,0,1,0,0,0,0,0
33.784597,-117.844535,63,20.6,1298.7,0,6469,0,0,0,0,1,0,0,0,1,1,0,1,0,1,0,1,0,1,0,1,0,0,1,1,0,0,1
33.81859,-117.821288,70,19.8,1378.75,0,5169,0,0,1,1,1,0,0,0,1,1,0,1,0,1,0,1,0,1,0,1,0,0,1,0,0,0,0
33.792791,-117.789749,5,80.2,384.25,0,3391,0,0,0,0,1,0,0,1,0,0,0,0,0,0,0,0,0,0,1,0,0,0,0,0,0,1,0
33.881158,-117.854783,72,116.4,8543.25,0,6491,0,0,1,1,1,0,1,1,0,0,1,0,1,0,1,0,1,0,1,0,1,0,1,1,1,0,0
33.893823,-117.531446,13,31.65,389.95,0,4959,0,0,0,0,0,1,0,0,0,0,0,0,1,0,0,0,0,0,0,0,0,0,0,1,0,1,0
33.918043,-117.617809,61,94.15,5731.85,0,4806,1,0,1,0,1,0,0,1,0,0,0,0,1,0,1,0,1,0,0,0,1,0,0,0,1,0,0
33.833686,-117.513063,1,20.65,20.65,0,2729,1,0,0,0,1,0,0,0,1,1,0,1,0,1,0,1,0,1,0,1,0,0,0,0,0,1,0
33.819385,-117.600213,56,76.85,4275.75,0,6035,0,1,1,0,1,0,1,1,0,0,0,0,0,0,0,0,1,0,0,0,0,0,0,1,0,0,0
33.762351,-117.488725,4,20.15,84.5,0,5535,0,0,0,0,1,0,0,0,1,1,0,1,0,1,0,1,0,1,0,1,0,0,0,0,0,0,1
33.897253,-117.792202,35,55.25,1924.1,0,5498,1,0,0,0,1,0,1,0,0,0,1,0,0,0,0,0,0,0,0,0,0,0,1,0,0,0,1
34.360261,-119.306383,72,82.15,5784.3,0,4552,1,0,1,0,1,0,1,0,0,0,0,0,1,0,1,0,0,0,1,0,1,0,1,0,0,0,0
34.279221,-119.221437,49,103.0,5166.2,0,5023,0,1,0,0,1,0,1,1,0,0,1,0,1,0,1,0,1,0,0,0,1,1,0,0,0,0,0
34.278697,-119.167798,44,95.1,4060.55,0,2221,0,0,1,0,1,0,1,1,0,0,1,0,1,0,1,0,1,0,0,0,0,0,0,1,1,0,0
34.205504,-118.993111,37,95.15,3532.85,0,3407,0,0,1,1,1,0,1,1,0,0,0,0,1,0,1,0,0,0,0,0,1,0,0,1,0,1,0
34.441398,-119.513163,61,79.8,4914.8,0,6432,1,0,1,0,1,0,1,0,0,0,0,0,1,0,1,0,0,0,1,0,1,1,0,1,0,1,0
34.408161,-118.865111,70,74.8,5315.8,0,6447,1,0,1,0,1,0,1,0,0,0,1,0,0,0,1,0,1,0,0,0,1,0,1,1,1,0,0
34.404544,-119.302118,41,20.45,775.6,0,2839,0,0,0,0,1,0,0,0,1,1,0,1,0,1,0,1,0,1,0,1,0,0,0,0,0,1,0
34.581308,-118.931948,70,78.35,5445.95,0,4422,1,0,1,1,1,0,1,0,0,0,1,0,1,0,1,0,1,0,0,0,1,1,0,0,0,0,0
34.156629,-119.117218,51,19.1,1007.8,0,4120,1,0,0,0,1,0,0,0,1,1,0,1,0,1,0,1,0,1,0,1,0,1,0,0,0,1,0
34.18454,-119.224666,42,20.0,833.55,0,3413,0,0,1,1,1,0,0,0,1,1,0,1,0,1,0,1,0,1,0,1,0,0,1,0,0,0,1
34.110124,-119.100972,48,19.95,1004.5,0,4254,1,0,0,0,1,0,0,0,1,1,0,1,0,1,0,1,0,1,0,1,0,1,0,0,0,0,0
34.296813,-118.685703,48,24.0,1183.05,0,3948,0,0,0,0,1,0,1,0,1,1,0,1,0,1,0,1,0,1,0,1,0,0,1,0,1,0,0
34.419203,-119.710008,27,19.15,501.35,0,5606,0,0,0,0,1,0,0,0,1,1,0,1,0,1,0,1,0,1,0,1,0,1,0,0,0,0,1
34.438581,-119.685368,46,91.3,4126.35,0,3191,0,1,0,0,1,0,0,1,0,0,0,0,1,0,1,0,0,0,1,0,0,1,0,1,0,0,0
34.406256,-119.726936,25,19.15,477.6,0,3829,1,0,1,1,1,0,0,0,1,1,0,1,0,1,0,1,0,1,0,1,0,0,0,1,0,0,1
34.460197,-119.802602,13,19.75,265.75,0,2016,1,0,0,0,1,0,0,0,1,1,0,1,0,1,0,1,0,1,0,1,0,0,1,0,0,0,1
34.489983,-120.091246,31,75.5,2424.45,0,5611,1,0,1,0,1,0,0,0,0,0,1,0,1,0,1,0,1,0,0,0,1,1,0,1,1,0,0
35.869626,-119.498771,23,83.75,1849.95,0,3585,0,0,1,1,1,0,1,1,0,0,0,0,0,0,0,0,0,0,1,0,0,0,0,1,0,1,0
36.315979,-119.710852,2,19.4,61.05,0,5816,0,0,0,0,1,0,0,0,1,1,0,1,0,1,0,1,0,1,0,1,0,0,0,0,0,0,1
35.116307,-118.817644,65,26.5,1698.55,0,4404,0,0,0,0,1,0,1,0,1,1,0,1,0,1,0,1,0,1,0,1,0,0,1,0,0,0,0
35.523991,-118.400432,55,19.15,998.1,0,5390,0,0,1,1,1,0,0,0,1,1,0,1,0,1,0,1,0,1,0,1,0,1,0,0,1,0,0
36.057458,-118.591951,35,40.9,1383.6,0,5691,0,0,1,1,0,1,0,0,0,0,0,0,0,0,0,0,1,0,1,0,0,1,0,0,0,0,1
36.186867,-120.387793,6,80.25,493.4,0,2706,1,0,0,0,1,0,0,0,0,0,1,0,0,0,1,0,1,0,1,0,1,0,1,1,0,0,1
35.772244,-119.209689,17,70.8,1207.0,0,5420,1,0,0,0,1,0,0,1,0,0,0,0,0,0,0,0,0,0,0,0,0,0,0,1,0,1,0
35.846067,-119.004073,10,60.2,563.5,0,5318,1,0,1,1,1,0,0,0,0,0,0,0,0,0,1,0,0,0,1,0,0,0,0,0,0,0,1
35.858054,-119.305858,15,55.2,864.55,0,3608,1,0,0,1,1,0,0,0,0,0,0,0,0,0,1,0,1,0,0,0,0,1,0,0,1,0,0
34.907911,-119.234281,13,54.15,701.05,0,4977,0,0,1,1,1,0,0,0,0,0,1,0,0,0,0,0,1,0,0,0,0,1,0,0,0,0,0
34.827662,-118.999073,58,100.4,5749.8,0,4005,0,1,1,0,1,0,1,1,0,0,0,0,0,0,0,0,1,0,1,0,1,0,0,1,0,0,0
35.735694,-118.738483,45,62.55,2796.45,0,2935,0,0,0,0,1,0,0,0,0,0,1,0,1,0,0,0,1,0,0,0,0,1,0,1,1,0,0
36.29223,-119.622676,72,70.45,5165.7,0,4463,0,0,1,1,1,0,1,0,0,0,1,0,1,0,1,0,1,0,0,0,0,0,1,1,0,0,0
36.217864,-120.080117,68,85.5,5696.6,0,4380,1,0,1,1,1,0,1,1,0,0,1,0,1,0,0,0,0,0,0,0,0,1,0,1,0,0,0
35.852892,-118.397782,38,54.5,2076.05,0,5499,0,0,1,1,1,0,0,0,0,0,1,0,1,0,0,0,0,0,0,0,0,0,0,0,0,1,0
35.996923,-120.000951,2,20.75,44.2,0,3976,1,0,0,0,1,0,0,0,1,1,0,1,0,1,0,1,0,1,0,1,0,0,0,0,0,0,1
35.607875,-118.466318,11,20.35,215.25,0,5597,1,0,0,0,1,0,0,0,1,1,0,1,0,1,0,1,0,1,0,1,0,0,0,0,0,0,1
35.245035,-118.905553,20,91.0,1859.5,0,3748,0,1,1,0,1,0,0,1,0,0,0,0,0,0,0,0,0,0,1,0,1,1,0,1,0,0,0
36.444232,-119.718285,72,104.8,7470.1,0,4165,1,0,1,0,1,0,1,1,0,0,0,0,1,0,1,0,0,0,1,0,1,0,1,1,0,0,0
36.303666,-119.825657,40,51.1,2092.9,0,3355,1,0,0,0,1,0,0,0,0,0,0,0,0,0,0,0,1,0,0,0,0,0,0,1,0,1,0
36.205465,-119.085807,62,89.8,5629.55,0,4981,1,1,1,0,1,0,1,1,0,0,0,0,1,0,0,0,0,0,0,0,1,0,0,1,0,0,0
35.637715,-119.893068,22,20.55,469.85,0,3169,0,0,0,1,1,0,0,0,1,1,0,1,0,1,0,1,0,1,0,1,0,0,0,1,0,1,0
35.666886,-119.186717,11,64.05,733.95,0,4171,0,0,0,0,1,0,0,0,0,0,1,0,0,0,1,0,0,0,0,0,1,0,0,0,0,0,0
35.38381,-119.730885,7,74.85,485.25,0,2259,1,1,1,0,1,0,1,1,0,0,0,0,0,0,0,0,0,0,0,0,0,0,0,1,0,1,0
35.957019,-119.330928,3,25.0,78.25,0,2730,1,0,1,0,0,1,0,0,0,0,0,0,0,0,0,0,0,0,0,0,0,0,0,0,0,0,1
36.008958,-118.891593,58,20.3,1131.5,0,4335,1,0,0,0,1,0,0,0,1,1,0,1,0,1,0,1,0,1,0,1,0,0,1,0,1,0,0
35.861928,-118.636698,6,26.35,184.05,0,2189,1,0,0,1,1,0,1,0,1,1,0,1,0,1,0,1,0,1,0,1,0,0,0,0,0,0,1
36.527243,-118.594938,22,54.7,1178.75,0,5722,0,0,1,0,1,0,0,0,0,0,0,0,1,0,1,0,0,0,0,0,0,0,0,1,0,0,1
36.245926,-118.693138,64,90.25,5629.15,0,4799,1,0,1,1,1,0,1,1,0,0,0,0,0,0,1,0,0,0,0,0,1,1,0,0,1,0,0
36.141319,-119.129075,6,20.65,109.3,0,3266,1,0,0,0,1,0,0,0,1,1,0,1,0,1,0,1,0,1,0,1,0,0,0,0,0,0,1
35.939068,-119.043666,39,25.45,958.45,0,5986,1,0,0,1,1,0,1,0,1,1,0,1,0,1,0,1,0,1,0,1,0,1,0,0,0,0,0
36.413433,-118.854708,20,19.5,403.15,0,4700,0,0,0,0,1,0,0,0,1,1,0,1,0,1,0,1,0,1,0,1,0,1,0,0,0,0,1
35.316263,-119.402559,64,66.15,4392.5,0,4703,1,0,1,0,1,0,1,0,0,0,1,0,0,0,0,0,0,0,1,0,0,1,0,1,1,0,0
35.652242,-119.4464,46,69.1,3168.0,0,2333,0,0,1,0,1,0,0,0,0,0,0,0,1,0,0,0,0,0,1,0,1,0,0,1,1,0,0
35.55647,-118.244914,28,39.1,1096.6,0,2305,0,1,1,1,0,1,0,0,0,0,0,0,1,0,0,0,0,0,0,0,1,1,0,1,0,1,0
35.690535,-118.552784,33,20.05,669.45,0,5759,0,0,1,0,1,0,0,0,1,1,0,1,0,1,0,1,0,1,0,1,0,0,0,0,0,0,1
36.464635,-119.094348,39,59.8,2343.85,0,3093,1,0,1,1,1,0,0,0,0,0,1,0,1,0,1,0,0,0,0,0,0,1,0,0,0,1,0
36.391777,-119.372842,1,48.6,48.6,0,3704,0,0,0,0,1,0,0,0,0,0,0,0,1,0,0,0,0,0,0,0,0,0,0,1,0,1,0
35.383937,-119.020428,70,105.35,7511.9,0,5866,1,1,1,0,1,0,0,1,0,0,1,0,1,0,1,0,0,0,1,0,1,0,1,0,1,0,0
35.339796,-119.023552,65,25.1,1725.0,0,5449,1,0,0,0,1,0,1,0,1,1,0,1,0,1,0,1,0,1,0,1,0,0,1,1,0,0,0
35.391733,-118.984109,1,49.75,49.75,0,2908,1,0,0,0,1,0,0,0,0,0,1,0,0,0,0,0,0,0,0,0,0,0,0,0,0,1,0
35.449881,-118.841442,18,94.75,1691.9,0,4477,1,0,1,0,1,0,1,1,0,0,0,0,0,0,0,0,0,0,1,0,1,0,0,1,0,1,0
35.280113,-118.962329,24,93.0,2248.05,0,5886,1,0,1,0,1,0,1,1,0,0,0,0,0,0,0,0,0,0,1,0,1,0,0,1,0,1,0
35.559617,-118.925185,63,71.9,4479.2,0,5816,1,0,0,0,1,0,1,0,0,0,1,0,0,0,1,0,1,0,0,0,1,0,1,1,0,0,0
35.342891,-119.064803,44,77.55,3471.1,0,5044,0,0,0,1,1,0,1,0,0,0,0,0,1,0,0,0,0,0,1,0,1,1,0,1,0,0,1
35.16207,-119.194488,4,19.85,63.0,0,5918,1,0,0,0,1,0,0,0,1,1,0,1,0,1,0,1,0,1,0,1,0,0,0,1,0,1,0
35.140938,-119.051348,37,95.25,3314.15,0,2969,0,0,1,1,1,0,1,1,0,0,0,0,0,0,0,0,0,0,1,0,1,0,0,1,0,1,0
35.279984,-120.824288,34,25.05,852.7,0,3800,1,0,0,0,0,1,0,0,0,0,0,0,0,0,0,0,0,0,0,0,0,0,0,1,0,0,0
35.236549,-120.727344,35,53.15,1930.9,0,5638,1,0,1,0,0,1,0,0,0,0,1,0,0,0,1,0,0,0,1,0,1,1,0,0,1,0,0
35.176236,-120.483243,4,20.15,91.4,0,2198,0,0,1,0,1,0,0,0,1,1,0,1,0,1,0,1,0,1,0,1,0,0,0,0,0,1,0
35.453912,-120.69461,39,101.25,3949.15,0,3172,0,1,1,0,1,0,1,1,0,0,0,0,0,0,0,0,1,0,1,0,1,0,0,1,0,1,0
35.186644,-120.728305,43,100.55,4304.0,0,4499,1,1,1,0,1,0,0,1,0,0,0,0,1,0,1,0,0,0,1,0,1,1,0,1,0,0,0
34.631362,-120.238218,61,25.3,1554.9,0,4501,0,0,1,0,1,0,1,0,1,1,0,1,0,1,0,1,0,1,0,1,0,0,1,0,0,0,0
35.591387,-121.032256,49,71.8,3472.05,0,6193,0,0,1,0,1,0,1,0,0,0,1,0,1,0,1,0,0,0,0,0,1,1,0,0,0,1,0
34.866032,-120.536546,4,19.7,117.8,0,5018,1,0,0,0,1,0,0,0,1,1,0,1,0,1,0,1,0,1,0,1,0,1,0,0,0,0,1
35.511833,-120.918713,64,49.85,3210.35,0,5644,0,0,1,1,0,1,0,0,0,0,0,0,1,0,1,0,1,0,0,0,1,0,1,0,0,1,0
35.480896,-120.469476,3,69.6,207.4,0,5487,1,0,0,0,1,0,0,1,0,0,0,0,0,0,0,0,0,0,0,0,0,0,0,1,0,0,1
35.120833,-120.61843,1,19.75,19.75,0,3068,1,0,1,1,1,0,0,0,1,1,0,1,0,1,0,1,0,1,0,1,0,0,0,0,0,1,0
34.936,-120.594655,40,80.8,3132.75,0,3387,1,0,1,0,1,0,0,1,0,0,0,0,1,0,1,0,0,0,0,0,0,1,0,0,0,1,0
34.70434,-120.02609,34,64.2,2106.3,0,2225,0,1,1,0,1,0,0,0,0,0,0,0,0,0,1,0,1,0,1,0,0,1,0,0,0,0,0
35.369553,-120.763864,1,35.0,35.0,0,4099,0,0,1,0,0,1,0,0,0,0,0,0,0,0,0,0,0,0,0,0,1,0,0,0,0,1,0
35.634222,-120.728341,45,19.2,903.7,0,3451,1,0,1,1,1,0,0,0,1,1,0,1,0,1,0,1,0,1,0,1,0,0,1,0,0,1,0
35.996008,-120.85305,43,90.65,3882.3,0,2496,1,0,0,0,1,0,0,1,0,0,1,0,1,0,1,0,1,0,0,0,0,1,0,1,1,0,0
35.886767,-120.608661,41,20.0,879.8,0,5743,1,0,1,1,1,0,0,0,1,1,0,1,0,1,0,1,0,1,0,1,0,0,1,1,0,0,1
35.746484,-121.223355,5,74.65,383.65,0,3319,1,0,0,0,1,0,0,1,0,0,0,0,1,0,0,0,0,0,0,0,0,0,0,1,0,1,0
35.303926,-120.256567,72,61.2,4390.25,0,4085,1,0,0,0,0,1,0,0,0,0,1,0,0,0,1,0,1,0,1,0,1,0,1,1,1,0,0
34.943523,-120.256729,4,19.95,68.2,0,2195,1,0,0,0,1,0,0,0,1,1,0,1,0,1,0,1,0,1,0,1,0,1,0,0,0,0,1
34.818227,-120.418784,9,54.8,452.8,0,2848,1,0,1,1,1,0,0,0,0,0,0,0,1,0,0,0,1,0,0,0,0,0,0,0,0,0,1
34.95934,-120.490081,72,73.45,5329.0,0,5540,1,1,1,0,1,0,1,0,0,0,0,0,0,0,1,0,0,0,1,0,1,0,1,1,1,0,0
34.630356,-120.032564,33,51.45,1758.9,0,4935,0,0,1,0,1,0,0,0,0,0,0,0,0,0,0,0,1,0,0,0,0,1,0,1,0,0,1
35.634488,-120.293534,72,80.45,5737.6,0,4202,0,0,1,0,1,0,1,1,0,0,1,0,0,0,0,0,0,0,0,0,0,0,1,0,0,0,0
35.151491,-117.927597,15,85.3,1219.85,0,5559,1,0,0,0,1,0,0,1,0,0,0,0,0,0,1,0,0,0,1,0,0,0,0,0,0,1,0
34.501452,-118.207862,29,79.3,2414.55,0,3172,1,1,1,0,1,0,1,1,0,0,0,0,0,0,0,0,1,0,0,0,0,0,0,1,0,1,0
37.653947,-118.231443,15,76.5,1155.6,0,3851,0,0,1,1,1,0,0,0,0,0,0,0,1,0,1,0,1,0,1,0,1,0,0,0,0,0,0
37.04584,-118.397236,72,25.4,1809.35,0,6141,1,1,0,0,1,0,1,0,1,1,0,1,0,1,0,1,0,1,0,1,0,0,1,0,0,0,0
34.95703,-117.73045,19,86.85,1564.4,0,5072,0,0,1,0,1,0,1,1,0,0,0,0,0,0,0,0,0,0,1,0,0,0,0,1,0,1,0
38.184583,-119.286558,1,19.65,19.65,0,3192,1,0,0,0,1,0,0,0,1,1,0,1,0,1,0,1,0,1,0,1,0,0,0,0,0,0,1
36.319181,-117.593053,2,45.55,84.4,0,4372,0,0,0,0,1,0,0,0,0,0,0,0,0,0,0,0,0,0,0,0,0,0,0,0,0,1,0
34.966777,-117.961179,11,78.1,864.85,0,2333,0,1,1,1,1,0,1,1,0,0,0,0,0,0,1,0,0,0,0,0,0,0,0,1,1,0,0
36.869584,-118.189241,12,19.3,228.75,0,2868,0,0,0,0,1,0,0,0,1,1,0,1,0,1,0,1,0,1,0,1,0,1,0,0,0,0,1
36.041315,-118.188235,70,110.5,7752.05,0,5979,0,0,1,0,1,0,1,1,0,0,0,0,1,0,1,0,1,0,1,0,1,0,1,1,0,1,0
37.730269,-119.055813,23,20.3,470.6,0,3630,0,0,0,0,1,0,0,0,1,1,0,1,0,1,0,1,0,1,0,1,0,0,0,1,0,0,0
36.560498,-117.962461,49,81.35,4060.9,0,4537,1,1,0,0,1,0,1,0,0,0,1,0,1,0,1,0,1,0,0,0,1,0,1,0,1,0,0
34.727529,-118.153098,2,55.3,108.65,0,4594,1,0,0,1,1,0,0,0,0,0,0,0,0,0,0,0,0,0,0,0,1,0,0,1,0,1,0
34.712708,-117.889656,69,56.55,3952.65,0,4162,1,1,1,0,0,1,0,0,0,0,1,0,1,0,0,0,0,0,1,0,1,0,1,0,1,0,0
37.890145,-119.184087,24,19.7,494.05,0,3594,0,0,1,1,1,0,0,0,1,1,0,1,0,1,0,1,0,1,0,1,0,0,1,1,0,0,1
34.505273,-117.955054,32,104.05,3416.85,0,2335,0,0,0,0,1,0,1,1,0,0,0,0,1,0,1,0,0,0,1,0,1,1,0,1,1,0,0
34.500091,-117.765862,27,52.85,1498.65,0,2842,0,0,0,0,1,0,0,0,0,0,1,0,1,0,0,0,0,0,0,0,0,0,1,0,0,0,0
37.550074,-118.837167,58,80.65,4807.35,0,6043,1,0,0,0,1,0,1,1,0,0,0,0,0,0,0,0,1,0,0,0,0,0,0,0,0,0,0
34.536232,-118.082935,18,24.65,471.35,0,5231,0,0,1,1,1,0,1,0,1,1,0,1,0,1,0,1,0,1,0,1,0,0,1,1,1,0,0
34.613476,-118.256358,47,21.3,1041.8,0,2861,0,0,1,1,1,0,0,0,1,1,0,1,0,1,0,1,0,1,0,1,0,0,1,1,0,0,0
34.557711,-118.029441,70,110.2,7689.8,0,4098,0,0,1,1,1,0,1,1,0,0,0,0,1,0,1,0,1,0,1,0,1,0,1,1,0,1,0
35.405722,-117.773354,36,51.05,1815.0,0,2161,0,0,1,1,1,0,0,0,0,0,1,0,0,0,0,0,0,0,0,0,0,0,0,0,1,0,0
35.603913,-117.67828,67,19.8,1311.3,0,4260,1,0,0,0,1,0,0,0,1,1,0,1,0,1,0,1,0,1,0,1,0,0,1,1,0,0,1
34.903052,-118.411251,10,19.9,199.45,0,5811,0,0,0,0,1,0,0,0,1,1,0,1,0,1,0,1,0,1,0,1,0,0,0,1,0,0,1
35.073777,-118.652112,19,87.3,1637.3,0,4447,1,1,0,0,1,0,0,1,0,0,1,0,0,0,0,0,0,0,0,0,1,0,0,1,0,1,0
35.74837,-117.384948,71,19.85,1326.35,0,6342,0,0,1,1,1,0,0,0,1,1,0,1,0,1,0,1,0,1,0,1,0,0,1,0,0,0,0
34.39583,-117.734568,72,89.4,6376.55,0,6044,1,0,1,1,1,0,1,0,0,0,1,0,1,0,1,0,1,0,1,0,1,0,1,1,0,0,1
34.598221,-117.79593,48,20.0,935.9,0,2608,0,0,1,1,1,0,0,0,1,1,0,1,0,1,0,1,0,1,0,1,0,0,1,0,0,0,1
37.375816,-119.739935,1,20.05,20.05,0,2067,1,0,0,0,1,0,0,0,1,1,0,1,0,1,0,1,0,1,0,1,0,0,0,0,0,0,1
36.991762,-119.242874,18,83.25,1611.15,0,2065,1,0,1,1,1,0,0,0,0,0,1,0,0,0,1,0,1,0,1,0,1,0,0,0,0,1,0
37.458367,-119.345011,67,102.9,6989.7,0,5869,1,1,1,0,1,0,1,1,0,0,0,0,1,0,0,0,1,0,1,0,1,0,1,0,0,0,0
37.17277,-119.2997,69,39.1,2779.5,0,5987,1,0,1,1,0,1,0,0,0,0,1,0,0,0,1,0,1,0,0,0,0,0,1,0,0,0,1
36.488056,-120.407691,72,114.5,8331.95,0,6051,1,1,1,0,1,0,1,1,0,0,1,0,1,0,1,0,1,0,1,0,1,0,1,1,0,0,1
36.5276,-119.865999,38,20.2,735.9,0,4947,0,1,0,0,1,0,0,0,1,1,0,1,0,1,0,1,0,1,0,1,0,0,1,0,0,0,1
37.100948,-120.270136,40,55.8,2283.3,0,3587,1,1,1,0,1,0,0,0,0,0,0,0,0,0,0,0,0,0,0,0,1,1,0,0,0,1,0
36.917652,-119.593757,61,24.2,1445.2,0,6201,0,0,1,1,1,0,1,0,1,1,0,1,0,1,0,1,0,1,0,1,0,0,1,1,0,0,1
37.212191,-119.749323,32,72.8,2333.05,0,3278,1,0,1,0,1,0,1,0,0,0,1,0,0,0,0,0,1,0,1,0,0,1,0,1,1,0,0
36.497895,-119.285484,21,99.85,1992.55,0,2113,0,0,0,0,1,0,1,1,0,0,0,0,1,0,0,0,0,0,1,0,1,0,0,1,1,0,0
36.657462,-119.595293,59,99.5,5890.0,0,5513,0,1,0,0,1,0,1,1,0,0,0,0,0,0,1,0,0,0,1,0,1,1,0,1,0,1,0
37.045728,-120.630682,47,20.25,1029.8,0,5134,0,0,0,0,1,0,0,0,1,1,0,1,0,1,0,1,0,1,0,1,0,0,1,0,1,0,0
36.789213,-119.140338,69,26.0,1796.55,0,4933,1,0,1,1,1,0,1,0,1,1,0,1,0,1,0,1,0,1,0,1,0,0,1,1,0,0,0
36.785618,-120.625382,2,19.9,33.7,0,5824,1,0,0,0,1,0,0,0,1,1,0,1,0,1,0,1,0,1,0,1,0,0,0,1,1,0,0
37.483535,-119.679414,22,19.05,454.05,0,4312,0,0,1,1,1,0,0,0,1,1,0,1,0,1,0,1,0,1,0,1,0,0,0,0,0,0,0
36.397745,-120.119911,15,96.5,1392.25,0,2394,1,1,1,0,1,0,1,1,0,0,1,0,0,0,1,0,0,0,1,0,0,0,0,1,0,1,0
36.625792,-119.672483,53,19.85,1049.6,0,6338,0,0,0,0,1,0,0,0,1,1,0,1,0,1,0,1,0,1,0,1,0,0,1,0,1,0,0
37.027663,-119.69056,28,25.7,734.6,0,3136,0,1,1,0,1,0,1,0,1,1,0,1,0,1,0,1,0,1,0,1,0,0,0,0,0,0,1
36.520537,-120.118055,22,20.3,475.1,0,4510,1,0,0,0,1,0,0,0,1,1,0,1,0,1,0,1,0,1,0,1,0,1,0,0,0,0,1
36.727418,-120.123526,16,91.55,1540.05,0,4045,1,1,1,0,1,0,0,1,0,0,0,0,0,0,1,0,1,0,0,0,1,0,0,1,0,1,0
36.478239,-119.52137,48,39.4,1978.65,0,5701,0,0,1,1,0,1,0,0,0,0,1,0,1,0,0,0,1,0,0,0,0,0,1,0,0,0,1
37.290606,-119.216328,30,105.7,3181.8,0,2455,1,1,1,0,1,0,1,1,0,0,1,0,1,0,1,0,1,0,1,0,0,0,0,1,0,0,0
36.995162,-120.955099,3,70.25,229.7,0,2156,0,0,0,0,1,0,0,1,0,0,0,0,0,0,0,0,0,0,0,0,0,0,0,1,0,1,0
36.902954,-120.194274,57,93.75,5625.55,0,4276,1,1,0,0,1,0,1,1,0,0,1,0,0,0,0,0,1,0,0,0,1,0,1,0,0,1,0
36.687292,-120.437354,23,60.0,1347.15,0,3835,0,0,1,0,1,0,0,0,0,0,0,0,0,0,0,0,1,0,1,0,0,1,0,0,0,0,0
36.696759,-119.024051,65,59.8,3808.2,0,6034,0,0,1,0,1,0,0,0,0,0,0,0,0,0,0,0,1,0,1,0,0,0,1,1,1,0,0
37.244307,-119.470256,44,90.65,3974.15,0,3786,1,0,1,0,1,0,0,1,0,0,0,0,0,0,0,0,0,0,1,0,1,1,0,1,0,0,0
37.648647,-119.231447,71,109.0,7661.8,0,4204,0,0,1,1,1,0,1,1,0,0,1,0,1,0,1,0,0,0,1,0,1,0,1,1,0,0,0
37.140104,-119.657092,37,68.1,2479.25,0,2873,0,0,1,0,1,0,1,0,0,0,1,0,0,0,1,0,1,0,0,0,0,1,0,0,1,0,0
36.633498,-119.298895,12,20.4,266.6,0,4497,0,0,0,0,1,0,0,0,1,1,0,1,0,1,0,1,0,1,0,1,0,0,0,0,0,0,1
36.600185,-119.175655,69,81.95,5601.4,0,6182,1,0,1,1,1,0,1,0,0,0,0,0,1,0,1,0,1,0,1,0,1,0,1,1,0,0,0
36.622237,-119.521126,35,60.55,1982.6,0,3463,0,0,0,0,1,0,0,0,0,0,1,0,1,0,1,0,0,0,0,0,0,0,0,0,0,1,0
36.841655,-119.797113,5,65.6,339.9,0,5636,1,0,0,0,1,0,0,0,0,0,0,0,1,0,0,0,1,0,0,0,1,0,0,1,0,0,0
37.007238,-119.505661,58,82.5,4828.05,0,4348,1,0,1,1,1,0,1,1,0,0,0,0,0,0,0,0,0,0,1,0,0,0,1,0,0,0,0
36.594542,-119.905245,72,82.3,5980.55,0,5219,1,0,1,0,1,0,1,0,0,0,1,0,1,0,1,0,1,0,0,0,1,0,1,1,0,0,0
37.252057,-119.95783,72,68.15,4808.7,0,4613,1,0,1,0,1,0,1,0,0,0,1,0,1,0,1,0,1,0,0,0,0,0,1,0,0,0,1
36.636638,-119.421842,1,20.3,20.3,0,2507,0,0,0,0,1,0,0,0,1,1,0,1,0,1,0,1,0,1,0,1,0,0,0,0,1,0,0
36.819628,-119.440414,53,20.2,1068.15,0,6050,1,0,1,1,1,0,0,0,1,1,0,1,0,1,0,1,0,1,0,1,0,1,0,0,1,0,0
36.600193,-120.153393,27,89.2,2383.6,0,4384,0,0,0,0,1,0,0,1,0,0,0,0,0,0,1,0,1,0,0,0,1,0,0,1,0,1,0
36.959731,-120.653519,18,74.8,1438.05,0,4809,0,0,1,0,1,0,0,1,0,0,1,0,0,0,0,0,0,0,0,0,0,0,0,0,0,1,0
36.545353,-119.338535,46,20.2,917.45,0,3136,1,0,1,1,1,0,0,0,1,1,0,1,0,1,0,1,0,1,0,1,0,0,1,1,0,0,1
36.993666,-119.348267,72,84.4,6096.45,0,5046,0,0,1,0,1,0,1,0,0,0,1,0,0,0,1,0,1,0,1,0,1,0,1,1,1,0,0
37.287758,-119.548156,4,25.15,99.95,0,3891,0,0,1,0,0,1,0,0,0,0,0,0,0,0,0,0,0,0,0,0,0,0,0,1,0,1,0
36.456091,-119.486225,25,19.8,475.2,0,3875,0,0,0,0,1,0,0,0,1,1,0,1,0,1,0,1,0,1,0,1,0,0,1,0,1,0,0
36.719141,-119.202677,40,50.85,2036.55,0,2819,0,0,1,1,0,1,0,0,0,0,0,0,1,0,0,0,0,0,1,0,1,0,0,1,0,1,0
36.749403,-119.787574,63,102.4,6444.05,0,5096,1,0,1,0,1,0,1,1,0,0,0,0,1,0,1,0,0,0,1,0,1,0,0,1,0,1,0
36.768774,-119.762633,14,55.5,767.55,0,3520,1,0,0,0,1,0,1,0,0,0,0,0,1,0,0,0,0,0,0,0,0,0,0,1,1,0,0
36.799648,-119.801247,72,109.75,7932.5,0,4265,1,1,1,0,1,0,1,1,0,0,0,0,1,0,1,0,1,0,1,0,1,0,1,1,0,0,0
36.78724,-119.827813,39,106.4,4040.65,0,4111,1,0,0,0,1,0,1,1,0,0,1,0,1,0,0,0,0,0,1,0,1,0,0,1,0,1,0
36.654614,-119.903674,47,60.0,2768.65,0,3248,0,0,1,1,0,1,0,0,0,0,1,0,1,0,1,0,0,0,1,0,1,0,1,1,1,0,0
36.822715,-119.761826,19,88.8,1672.35,0,4600,1,0,1,0,1,0,1,1,0,0,1,0,1,0,0,0,1,0,0,0,0,0,0,1,1,0,0
36.732694,-119.783786,17,80.05,1345.65,0,3443,0,0,0,0,1,0,1,1,0,0,0,0,0,0,1,0,0,0,0,0,0,0,0,0,0,0,0
36.78979,-119.929894,34,75.55,2425.4,0,5381,1,1,1,0,1,0,1,1,0,0,0,0,0,0,0,0,0,0,0,0,0,0,0,1,0,1,0
36.623632,-119.741322,42,49.55,2077.95,0,3637,0,0,0,0,1,0,0,0,0,0,0,0,1,0,0,0,0,0,0,0,0,0,0,1,0,1,0
36.751489,-119.68072,71,23.9,1663.5,0,5471,0,0,1,1,1,0,1,0,1,1,0,1,0,1,0,1,0,1,0,1,0,0,1,0,1,0,0
36.757345,-119.818274,19,66.4,1286.05,0,4533,1,1,1,0,1,0,0,0,0,0,1,0,0,0,1,0,0,0,1,0,0,0,0,0,0,0,0
36.667794,-121.601306,57,18.8,1094.35,0,6466,1,0,0,0,1,0,0,0,1,1,0,1,0,1,0,1,0,1,0,1,0,0,1,0,1,0,0
36.722898,-121.633648,72,108.4,7719.5,0,4394,1,0,1,0,1,0,1,1,0,0,0,0,1,0,1,0,1,0,1,0,1,0,1,1,0,1,0
36.77462,-121.664714,6,85.95,514.6,0,3291,0,0,0,0,1,0,0,1,0,0,0,0,1,0,0,0,0,0,0,0,1,0,0,1,0,0,1
36.092975,-121.549826,61,80.9,4932.5,0,4161,1,0,1,0,1,0,1,0,0,0,0,0,1,0,1,0,0,0,1,0,1,0,1,0,0,0,0
36.460611,-121.852507,48,111.8,5443.65,0,3922,1,0,1,1,1,0,1,1,0,0,1,0,1,0,1,0,1,0,1,0,1,0,1,0,1,0,0
36.414611,-121.6386,16,20.6,330.25,0,5667,1,0,0,0,1,0,0,0,1,1,0,1,0,1,0,1,0,1,0,1,0,0,0,1,1,0,0
36.52588,-121.396719,3,44.6,122.7,0,3122,0,0,0,0,1,0,0,0,0,0,0,0,0,0,0,0,0,0,0,0,0,0,0,0,0,1,0
35.930782,-121.189757,65,105.1,6631.85,0,5649,1,0,0,0,1,0,1,1,0,0,0,0,1,0,1,0,0,0,1,0,1,0,1,0,1,0,0
36.220761,-120.980777,70,115.15,8250.0,0,4388,0,0,1,1,1,0,1,1,0,0,1,0,1,0,1,0,1,0,1,0,1,0,1,1,1,0,0
35.989792,-121.055933,60,59.8,3561.15,0,5488,1,0,1,0,1,0,0,0,0,0,1,0,0,0,0,0,0,0,1,0,0,1,0,1,0,0,1
36.689582,-121.758398,69,26.3,1763.55,0,5418,0,0,1,0,1,0,1,0,1,1,0,1,0,1,0,1,0,1,0,1,0,1,0,1,0,1,0
36.362741,-121.869685,35,70.55,2419.0,0,5873,0,1,0,0,1,0,0,1,0,0,0,0,0,0,0,0,0,0,0,0,0,0,0,0,0,1,0
36.618337,-121.926417,22,20.05,470.2,0,5555,0,0,0,0,1,0,0,0,1,1,0,1,0,1,0,1,0,1,0,1,0,0,0,1,0,0,1
36.587497,-121.944815,66,79.85,5234.95,0,6236,1,0,1,1,1,0,1,0,0,0,0,0,1,0,1,0,0,0,1,0,1,0,1,0,0,0,0
36.414216,-121.360597,34,90.05,3097.0,0,4648,1,0,1,1,1,0,1,1,0,0,0,0,0,0,1,0,0,0,0,0,1,0,0,1,1,0,0
36.624641,-121.647195,72,24.45,1709.1,0,5335,0,0,1,1,1,0,1,0,1,1,0,1,0,1,0,1,0,1,0,1,0,0,1,0,0,0,0
37.509366,-122.306132,31,59.95,1848.8,0,4337,1,0,1,1,0,1,0,0,0,0,1,0,0,0,1,0,1,0,1,0,1,1,0,0,0,1,0
37.684694,-122.40712,30,25.35,723.3,0,5915,1,0,0,1,1,0,1,0,1,1,0,1,0,1,0,1,0,1,0,1,0,1,0,0,0,0,0
37.680844,-122.48131,19,34.3,577.15,0,4615,1,1,1,0,0,1,0,0,0,0,0,0,1,0,1,0,0,0,0,0,0,0,0,1,1,0,0
37.45567,-122.407992,65,105.05,6914.95,0,5313,0,0,1,0,1,0,1,1,0,0,1,0,0,0,1,0,0,0,1,0,1,0,0,1,0,1,0
37.285677,-122.224165,30,19.3,602.9,0,4453,0,0,1,1,1,0,0,0,1,1,0,1,0,1,0,1,0,1,0,1,0,0,1,0,0,0,1
37.266388,-122.26308,6,19.15,124.4,0,5322,1,0,0,0,1,0,0,0,1,1,0,1,0,1,0,1,0,1,0,1,0,1,0,0,0,0,1
37.349546,-122.134356,2,51.4,96.8,0,2580,0,0,0,0,0,1,0,0,0,0,0,0,1,0,0,0,0,0,1,0,1,0,0,0,0,1,0
37.352911,-122.093002,53,71.85,3827.9,0,4903,1,0,1,1,1,0,1,0,0,0,1,0,0,0,0,0,1,0,0,0,1,0,0,0,0,1,0
37.449551,-122.183762,7,75.4,533.05,0,3533,1,1,1,0,1,0,1,1,0,0,0,0,0,0,0,0,0,0,0,0,0,0,0,1,0,1,0
37.454924,-122.203168,61,49.7,2961.4,0,4577,0,0,1,1,1,0,0,0,0,0,1,0,0,0,0,0,0,0,0,0,0,1,0,1,0,0,0
37.601248,-122.403099,13,78.75,995.35,0,5631,0,0,0,0,1,0,1,0,0,0,1,0,0,0,1,0,0,0,1,0,1,0,0,1,0,1,0
37.540582,-122.509594,35,81.6,2815.25,0,2300,1,1,1,0,1,0,1,1,0,0,0,0,0,0,1,0,0,0,0,0,0,1,0,1,0,0,0
37.515556,-122.502311,2,70.4,154.8,0,5748,0,0,1,0,1,0,0,1,0,0,0,0,0,0,0,0,0,0,0,0,0,0,0,1,1,0,0
37.388349,-122.075299,3,76.1,257.6,0,2650,0,0,0,0,1,0,1,1,0,0,0,0,0,0,0,0,0,0,0,0,0,0,0,0,0,1,0
37.419725,-122.062947,62,94.0,5757.2,0,4778,0,0,0,0,1,0,1,1,0,0,0,0,0,0,0,0,0,0,1,0,1,1,0,1,0,0,0
37.573633,-122.455167,72,103.95,7517.7,0,4495,1,0,1,1,1,0,1,1,0,0,1,0,1,0,1,0,1,0,0,0,1,0,1,0,1,0,0
37.22565,-122.297533,63,19.95,1234.8,0,5151,1,0,1,0,1,0,0,0,1,1,0,1,0,1,0,1,0,1,0,1,0,0,1,1,0,0,0
37.410567,-122.297152,35,110.8,3836.3,0,2125,0,1,0,0,1,0,1,1,0,0,1,0,1,0,1,0,1,0,1,0,1,1,0,1,0,0,0
37.527497,-122.230941,62,96.1,6001.45,0,6139,1,0,1,0,1,0,1,1,0,0,1,0,1,0,0,0,0,0,0,0,1,1,0,0,0,1,0
37.624436,-122.430661,15,48.8,720.1,0,2577,0,0,0,0,1,0,1,0,0,0,0,0,0,0,0,0,0,0,0,0,0,0,0,1,0,0,1
37.497915,-122.267361,55,50.55,2832.75,0,6250,0,0,0,0,1,0,0,0,0,0,1,0,0,0,0,0,0,0,0,0,0,0,0,1,1,0,0
37.331762,-122.341444,11,44.65,472.25,0,4492,0,0,0,0,1,0,0,0,0,0,0,0,0,0,0,0,0,0,0,0,0,0,0,1,0,0,1
37.378541,-122.020456,61,19.45,1336.35,0,4559,0,0,0,0,1,0,0,0,1,1,0,1,0,1,0,1,0,1,0,1,0,1,0,0,0,0,0
37.3511,-122.037311,71,89.3,6388.65,0,4658,0,0,1,0,1,0,1,0,0,0,1,0,1,0,1,0,1,0,1,0,1,0,1,0,1,0,0
37.7795,-122.419233,35,19.25,677.9,0,2682,1,0,0,0,1,0,0,0,1,1,0,1,0,1,0,1,0,1,0,1,0,0,1,0,0,0,1
37.773147,-122.411287,17,70.5,1165.6,0,3650,0,0,0,0,1,0,0,1,0,0,0,0,0,0,0,0,0,0,0,0,0,0,0,0,0,0,0
37.789168,-122.395009,47,19.65,921.55,0,4159,0,0,1,0,1,0,0,0,1,1,0,1,0,1,0,1,0,1,0,1,0,0,1,0,0,0,0
37.768881,-122.395521,3,20.85,72.0,0,5867,0,0,1,0,1,0,0,0,1,1,0,1,0,1,0,1,0,1,0,1,0,0,0,0,0,0,1
37.791998,-122.408653,3,19.65,68.35,0,4852,1,0,0,0,1,0,0,0,1,1,0,1,0,1,0,1,0,1,0,1,0,0,0,1,0,0,1
37.794487,-122.42227,44,19.35,847.25,0,4975,1,1,1,0,1,0,0,0,1,1,0,1,0,1,0,1,0,1,0,1,0,0,1,1,1,0,0
37.750021,-122.415201,1,44.0,44.0,0,4138,0,0,0,0,1,0,0,0,0,0,0,0,0,0,0,0,0,0,0,0,0,0,0,1,0,0,1
37.801776,-122.402293,44,94.4,4295.35,0,5019,0,0,1,1,1,0,1,1,0,0,0,0,1,0,1,0,0,0,0,0,1,1,0,0,0,1,0
37.74441,-122.486764,18,75.4,1380.4,0,4792,0,0,0,0,1,0,0,1,0,0,1,0,0,0,0,0,0,0,0,0,0,0,0,1,0,1,0
37.781304,-122.461522,65,71.0,4386.2,0,6308,0,0,1,0,1,0,0,0,0,0,1,0,1,0,1,0,0,0,0,0,1,0,1,0,0,0,0
37.800254,-122.436975,3,21.2,52.05,0,2088,1,0,0,0,1,0,0,0,1,1,0,1,0,1,0,1,0,1,0,1,0,1,0,0,0,0,1
37.731505,-122.384532,33,61.05,2018.4,0,3215,1,0,1,0,1,0,0,0,0,0,1,0,1,0,0,0,1,0,0,0,0,0,1,1,0,0,1
37.797526,-122.464531,34,79.95,2727.3,0,3570,0,0,0,0,1,0,0,0,0,0,1,0,0,0,1,0,1,0,1,0,1,1,0,1,0,0,0
37.820894,-122.369725,14,19.7,263.65,0,2966,0,0,1,1,1,0,0,0,1,1,0,1,0,1,0,1,0,1,0,1,0,0,1,1,0,0,1
37.746699,-122.442833,13,20.3,275.4,0,5332,0,0,0,0,1,0,0,0,1,1,0,1,0,1,0,1,0,1,0,1,0,0,0,1,0,0,1
37.802071,-122.411004,23,24.35,538.5,0,4031,1,0,1,1,1,0,1,0,1,1,0,1,0,1,0,1,0,1,0,1,0,1,0,0,0,0,1
37.721052,-122.413573,47,19.75,948.9,0,3843,0,0,1,1,1,0,0,0,1,1,0,1,0,1,0,1,0,1,0,1,0,0,1,0,0,0,1
37.444314,-122.149996,17,50.3,846.8,0,3202,1,0,0,1,1,0,0,0,0,0,1,0,0,0,0,0,0,0,0,0,0,0,0,1,0,0,1
37.386978,-122.177746,59,50.25,2997.45,0,5546,1,1,1,0,0,1,0,0,0,0,0,0,1,0,0,0,0,0,1,0,1,0,0,1,0,1,0
37.424342,-122.165641,69,85.35,5897.4,0,6499,0,0,0,0,1,0,1,0,0,0,1,0,0,0,1,0,1,0,1,0,1,0,1,1,1,0,0
37.590421,-122.306467,10,51.65,524.5,0,4292,1,0,0,0,1,0,0,0,0,0,1,0,0,0,0,0,0,0,0,0,0,0,0,1,0,0,1
37.556634,-122.317723,12,24.0,269.65,0,3705,1,0,1,1,1,0,1,0,1,1,0,1,0,1,0,1,0,1,0,1,0,0,1,1,0,0,0
37.556094,-122.272437,39,59.85,2341.5,0,3900,0,0,1,1,1,0,0,0,0,0,0,0,0,0,1,0,0,0,1,0,0,0,0,1,0,0,1
37.774633,-122.274434,71,25.45,1789.65,0,5341,1,1,1,0,1,0,1,0,1,1,0,1,0,1,0,1,0,1,0,1,0,0,1,0,1,0,0
37.724817,-122.224363,71,23.9,1626.4,0,5574,1,0,1,1,1,0,1,0,1,1,0,1,0,1,0,1,0,1,0,1,0,0,1,0,1,0,0
37.791481,-121.903253,33,24.15,800.3,0,4501,0,0,1,1,1,0,1,0,1,1,0,1,0,1,0,1,0,1,0,1,0,1,0,0,1,0,0
37.855717,-121.994813,67,75.7,5060.85,0,5823,1,1,0,0,1,0,1,1,0,0,0,0,0,0,0,0,0,0,0,0,0,0,0,1,0,0,1
38.113533,-122.11926,9,50.85,466.6,0,4623,0,0,1,0,1,0,0,0,0,0,0,0,1,0,0,0,0,0,0,0,0,0,0,0,0,0,1
38.050558,-121.646924,52,91.6,4627.8,0,6069,1,0,1,0,1,0,1,1,0,0,1,0,0,0,1,0,1,0,0,0,0,0,1,1,1,0,0
38.140719,-121.838298,70,98.9,6838.6,0,5980,0,0,0,0,1,0,1,1,0,0,0,0,1,0,0,0,0,0,1,0,1,1,0,0,0,1,0
37.908242,-121.682472,1,85.0,85.0,0,5754,1,0,0,0,1,0,0,1,0,0,0,0,1,0,0,0,0,0,0,0,1,0,0,1,0,1,0
38.629618,-122.593216,1,44.3,44.3,0,4427,1,0,0,0,1,0,0,0,0,0,0,0,0,0,0,0,0,0,0,0,0,0,0,1,0,0,1
37.950248,-122.022455,52,80.2,4297.6,0,5597,0,0,0,0,1,0,1,1,0,0,0,0,1,0,0,0,0,0,0,0,0,1,0,1,0,0,1
37.990118,-122.012188,6,60.9,414.1,0,2191,1,0,0,0,1,0,0,0,0,0,0,0,0,0,1,0,0,0,1,0,0,0,0,0,0,0,1
38.013825,-122.039144,7,34.2,256.6,0,5100,1,0,1,0,0,1,0,0,0,0,1,0,1,0,0,0,0,0,0,0,0,0,0,0,0,0,1
37.95338,-122.076886,26,87.15,2274.1,0,5689,0,0,0,0,1,0,0,1,0,0,1,0,0,0,1,0,1,0,0,0,0,1,0,1,1,0,0
38.049292,-122.228415,25,54.3,1296.8,0,3971,1,0,1,1,1,0,0,0,0,0,1,0,0,0,0,0,1,0,0,0,0,0,0,0,0,1,0
37.815459,-121.977203,69,19.1,1268.85,0,4535,1,0,0,0,1,0,0,0,1,1,0,1,0,1,0,1,0,1,0,1,0,0,1,1,0,0,1
37.924838,-122.289145,72,112.75,8192.6,0,4927,0,0,0,0,1,0,1,1,0,0,1,0,1,0,1,0,1,0,1,0,1,0,1,1,1,0,0
38.287136,-122.02711,4,19.95,59.25,0,3172,1,0,0,0,1,0,0,0,1,1,0,1,0,1,0,1,0,1,0,1,0,0,0,1,0,0,1
38.265899,-121.939461,59,19.5,1147.85,0,5293,1,0,1,1,1,0,0,0,1,1,0,1,0,1,0,1,0,1,0,1,0,0,1,0,0,0,1
37.572273,-121.964583,67,65.55,4361.55,0,6035,1,0,0,0,1,0,0,0,0,0,1,0,0,0,1,0,0,0,0,0,1,0,1,0,0,0,0
37.505768,-121.962472,26,78.8,2006.1,0,4509,0,1,0,0,1,0,0,1,0,0,0,0,0,0,0,0,0,0,0,0,1,0,0,1,0,1,0
37.516791,-121.899117,27,78.2,2078.95,0,2297,0,0,0,0,1,0,0,0,0,0,0,0,1,0,1,0,1,0,1,0,1,1,0,0,0,0,1
37.674002,-122.076796,72,105.25,7609.75,0,4427,1,0,1,1,1,0,1,1,0,0,1,0,0,0,1,0,0,0,1,0,1,0,1,0,0,0,0
37.656695,-122.048361,6,89.25,487.05,0,4430,0,0,0,0,1,0,0,1,0,0,0,0,0,0,1,0,1,0,0,0,1,0,0,1,0,1,0
37.639215,-122.037554,62,20.65,1218.45,0,6403,1,0,1,1,1,0,0,0,1,1,0,1,0,1,0,1,0,1,0,1,0,0,1,0,1,0,0
37.62984,-122.120843,20,68.7,1416.2,0,2989,1,0,0,0,1,0,1,0,0,0,0,0,1,0,0,0,1,0,1,0,0,1,0,1,0,1,0
37.708327,-122.083473,6,78.65,483.3,0,2724,1,0,0,0,1,0,0,0,0,0,1,0,0,0,1,0,1,0,1,0,1,0,0,0,1,0,0
37.991259,-122.214945,51,24.75,1234.6,0,5080,1,0,0,0,1,0,1,0,1,1,0,1,0,1,0,1,0,1,0,1,0,0,1,0,0,0,1
37.907777,-122.127161,61,19.75,1311.6,0,6108,0,0,1,1,1,0,0,0,1,1,0,1,0,1,0,1,0,1,0,1,0,0,1,0,1,0,0
37.571748,-121.659562,62,89.1,5618.3,0,4415,1,1,1,0,1,0,1,1,0,0,1,0,1,0,1,0,0,0,0,0,0,0,0,1,0,1,0
37.722727,-122.02157,72,84.7,6185.15,0,4520,0,0,0,0,1,0,1,1,0,0,1,0,0,0,0,0,1,0,0,0,0,0,1,1,0,0,0
38.232389,-122.324944,13,59.9,788.35,0,5254,1,1,0,0,1,0,0,0,0,0,0,0,1,0,0,0,0,0,1,0,0,0,0,1,0,1,0
37.504133,-122.032347,38,19.95,756.4,0,3614,0,0,1,1,1,0,0,0,1,1,0,1,0,1,0,1,0,1,0,1,0,0,1,1,0,0,1
37.873916,-122.20522,34,108.9,3625.2,0,5151,1,1,1,1,1,0,1,1,0,0,0,0,1,0,1,0,1,0,1,0,1,0,0,1,0,1,0
37.996462,-122.293716,18,33.6,550.35,0,5388,1,0,0,0,0,1,0,0,0,0,1,0,0,0,1,0,0,0,0,0,0,0,0,0,0,0,1
38.006047,-121.916834,56,85.85,4793.8,0,5058,1,0,1,1,1,0,0,1,0,0,0,0,1,0,1,0,1,0,0,0,0,1,0,1,0,0,1
37.633361,-121.862395,36,34.85,1267.2,0,4452,0,0,0,0,0,1,0,0,0,0,0,0,1,0,0,0,1,0,0,0,0,0,0,1,0,0,0
38.148862,-121.737696,57,95.3,5567.45,0,4912,0,1,1,1,1,0,0,1,0,0,0,0,1,0,1,0,1,0,1,0,0,0,0,1,1,0,0
38.554383,-122.474773,70,84.6,5706.2,0,5679,1,0,1,0,1,0,0,1,0,0,1,0,1,0,0,0,1,0,0,0,0,0,1,0,0,0,0
37.717196,-122.159338,68,44.95,3085.35,0,5750,0,0,0,0,0,1,0,0,0,0,0,0,1,0,0,0,1,0,0,0,1,0,0,0,0,1,0
37.704384,-122.126703,1,24.7,24.7,0,3518,1,0,0,1,0,1,0,0,0,0,0,0,0,0,0,0,0,0,0,0,0,0,0,1,0,1,0
37.687264,-122.15728,37,100.3,3541.4,0,4040,0,0,0,0,1,0,1,1,0,0,0,0,0,0,0,0,1,0,1,0,1,0,0,0,1,0,0
37.676249,-122.132415,4,25.45,84.2,0,2616,0,0,0,1,1,0,1,0,1,1,0,1,0,1,0,1,0,1,0,1,0,0,0,1,0,0,1
37.766556,-121.976784,1,50.7,50.7,0,3007,1,0,0,0,1,0,0,0,0,0,1,0,0,0,0,0,0,0,0,0,0,0,0,1,0,0,1
38.197907,-122.017258,20,55.0,1165.55,0,4481,1,0,0,0,0,1,0,0,0,0,1,0,1,0,1,0,1,0,1,0,0,0,0,1,1,0,0
37.587494,-121.862856,72,68.4,4855.35,0,5504,1,0,1,1,1,0,0,0,0,0,1,0,1,0,0,0,1,0,1,0,0,0,1,0,0,0,0
38.161321,-122.271588,11,55.05,608.15,0,2762,1,0,1,0,1,0,0,0,0,0,0,0,0,0,0,0,0,0,1,0,0,0,0,1,0,0,0
38.104705,-122.247387,33,19.8,641.35,0,2635,0,0,1,1,1,0,0,0,1,1,0,1,0,1,0,1,0,1,0,1,0,0,1,0,1,0,0
38.105733,-122.186338,62,84.45,4959.15,0,4166,0,1,0,0,1,0,1,1,0,0,0,0,0,0,0,0,0,0,1,0,0,1,0,0,0,1,0
38.093701,-122.276589,1,35.9,35.9,0,3929,0,0,0,0,0,1,0,0,0,0,0,0,0,0,1,0,1,0,0,0,0,0,0,0,0,0,1
37.862128,-122.075197,16,80.75,1321.3,0,2942,1,0,1,0,1,0,0,1,0,0,1,0,1,0,0,0,0,0,0,0,0,0,0,0,0,0,0
37.900662,-122.052782,22,78.65,1663.75,0,3571,1,0,1,1,1,0,1,0,0,0,0,0,0,0,1,0,1,0,1,0,1,1,0,1,0,0,1
37.916648,-122.008483,49,61.75,3024.15,0,5511,0,0,1,1,1,0,0,0,0,0,1,0,0,0,1,0,1,0,0,0,0,0,0,0,0,0,0
38.421458,-122.365048,36,63.7,2188.5,0,2504,1,0,1,1,1,0,0,0,0,0,1,0,0,0,1,0,0,0,0,0,1,1,0,1,1,0,0
37.758019,-122.138678,31,87.6,2724.25,0,5094,0,0,0,0,1,0,0,1,0,0,1,0,0,0,1,0,1,0,0,0,0,0,0,0,0,1,0
37.792489,-122.244314,5,89.15,413.25,0,2576,1,0,1,0,1,0,1,1,0,0,1,0,0,0,0,0,0,0,0,0,1,0,0,1,0,1,0
37.80707,-122.297401,66,20.0,1374.2,0,5011,1,0,1,1,1,0,0,0,1,1,0,1,0,1,0,1,0,1,0,1,0,0,1,0,1,0,0
37.834341,-122.26437,64,104.4,6692.65,0,5617,1,0,0,0,1,0,1,1,0,0,0,0,1,0,1,0,0,0,1,0,1,0,1,1,0,0,0
37.808731,-122.238708,10,20.05,218.5,0,2049,1,0,1,1,1,0,0,0,1,1,0,1,0,1,0,1,0,1,0,1,0,0,0,1,1,0,0
37.809014,-122.269739,29,34.3,1004.75,0,2555,1,0,0,0,0,1,0,0,0,0,0,0,1,0,0,0,1,0,0,0,0,0,0,0,0,1,0
37.84551,-122.235181,57,20.65,1125.6,0,4193,1,0,0,0,1,0,0,0,1,1,0,1,0,1,0,1,0,1,0,1,0,0,1,0,0,0,0
37.787186,-122.14633,46,84.25,3847.6,0,3509,0,0,0,0,1,0,1,1,0,0,1,0,1,0,0,0,0,0,0,0,0,0,0,0,0,0,1
37.750553,-122.197175,53,19.65,978.0,0,5878,1,0,0,0,1,0,0,0,1,1,0,1,0,1,0,1,0,1,0,1,0,0,1,0,0,0,0
37.866009,-122.286228,17,79.85,1387.35,0,5574,0,0,0,0,1,0,0,0,0,0,1,0,1,0,0,0,1,0,1,0,1,1,0,0,1,0,0
37.863843,-122.275684,38,20.2,746.05,0,2631,0,0,1,1,1,0,0,0,1,1,0,1,0,1,0,1,0,1,0,1,0,0,1,1,0,0,1
37.871416,-122.246597,15,19.8,304.6,0,5753,1,0,0,0,1,0,0,0,1,1,0,1,0,1,0,1,0,1,0,1,0,1,0,0,0,0,1
37.858898,-122.240512,22,50.35,1098.85,0,2875,0,0,0,0,0,1,0,0,0,0,0,0,1,0,0,0,0,0,1,0,1,0,0,1,0,1,0
37.897753,-122.279391,57,74.6,4368.95,0,4546,0,0,1,0,1,0,1,0,0,0,0,0,1,0,1,0,1,0,1,0,0,1,0,0,0,0,0
37.897743,-122.263124,11,79.15,827.7,0,3355,1,1,0,0,1,0,0,1,0,0,0,0,0,0,0,0,0,0,0,0,1,0,0,1,1,0,0
37.878554,-122.26609,1,20.35,20.35,0,4836,0,0,1,1,1,0,0,0,1,1,0,1,0,1,0,1,0,1,0,1,0,0,1,0,0,0,1
37.872902,-122.303708,12,21.05,262.05,0,4843,1,0,1,1,1,0,0,0,1,1,0,1,0,1,0,1,0,1,0,1,0,0,1,0,0,0,0
37.963995,-122.288296,36,94.7,3512.5,0,4671,1,0,0,1,1,0,0,1,0,0,0,0,1,0,0,0,0,0,1,0,1,0,0,1,0,1,0
37.980269,-122.342635,2,74.95,151.75,0,3969,1,0,0,0,1,0,0,1,0,0,0,0,1,0,0,0,0,0,0,0,0,0,0,0,0,1,0
38.018065,-122.546024,72,111.95,8033.1,0,4004,1,0,1,1,1,0,0,1,0,0,1,0,1,0,1,0,1,0,1,0,1,0,1,0,0,0,0
37.946617,-122.563571,62,19.85,1253.65,0,4278,1,0,0,0,1,0,0,0,1,1,0,1,0,1,0,1,0,1,0,1,0,0,1,0,0,0,0
37.885629,-122.46858,6,89.75,552.65,0,2370,0,0,0,0,1,0,1,1,0,0,0,0,1,0,0,0,0,0,1,0,0,0,0,1,0,1,0
38.343282,-122.9755,48,20.05,1036.0,0,2964,1,0,1,0,1,0,0,0,1,1,0,1,0,1,0,1,0,1,0,1,0,0,1,1,0,0,1
38.377165,-123.037957,35,108.95,4025.5,0,5903,1,0,0,0,1,0,1,1,0,0,1,0,0,0,1,0,1,0,1,0,1,0,1,1,0,1,0
37.943087,-122.72379,52,19.65,928.4,0,4279,1,0,0,1,1,0,0,0,1,1,0,1,0,1,0,1,0,1,0,1,0,1,0,0,1,0,0
37.924014,-122.511694,1,24.9,24.9,0,5318,0,0,0,0,0,1,0,0,0,0,0,0,0,0,0,0,0,0,0,0,0,0,0,1,0,0,1
38.24458,-122.956268,71,93.2,6506.15,0,4493,0,0,1,0,1,0,1,0,0,0,1,0,1,0,1,0,1,0,1,0,1,0,1,0,1,0,0
37.971751,-122.611873,67,84.8,5598.3,0,6072,0,0,1,1,1,0,0,1,0,0,1,0,1,0,1,0,0,0,0,0,0,1,0,0,0,0,0
38.326215,-122.718742,60,71.75,4374.55,0,4964,1,1,0,0,1,0,1,0,0,0,1,0,1,0,0,0,0,0,0,0,1,1,0,1,0,1,0
38.010092,-122.689442,23,30.35,678.75,0,4960,1,0,1,1,0,1,0,0,0,0,0,0,0,0,0,0,1,0,0,0,0,0,0,1,0,0,0
38.099323,-122.945723,39,54.85,2191.7,0,3884,1,0,0,1,0,1,0,0,0,0,0,0,0,0,1,0,1,0,1,0,1,1,0,0,0,0,0
38.021772,-122.691744,15,19.5,239.75,0,5471,1,0,1,1,1,0,0,0,1,1,0,1,0,1,0,1,0,1,0,1,0,1,0,1,0,0,1
38.129308,-122.834815,24,24.2,609.05,0,5865,1,0,1,1,1,0,1,0,1,1,0,1,0,1,0,1,0,1,0,1,0,0,1,0,0,0,1
37.901371,-122.572024,37,19.35,683.75,0,2360,0,0,1,1,1,0,0,0,1,1,0,1,0,1,0,1,0,1,0,1,0,0,0,0,0,1,0
38.065359,-122.665566,50,100.65,5189.75,0,5791,0,1,1,0,1,0,1,1,0,0,0,0,0,0,0,0,1,0,1,0,1,1,0,1,0,1,0
38.112166,-122.634384,54,94.1,5060.9,0,4084,0,0,0,0,1,0,0,1,0,0,0,0,0,0,1,0,0,0,1,0,1,1,0,1,1,0,0
38.067204,-122.524004,3,74.55,233.65,0,5125,0,0,0,0,1,0,0,1,0,0,1,0,0,0,0,0,0,0,0,0,0,0,0,1,0,1,0
38.325599,-122.642352,5,56.15,291.45,0,5232,1,0,0,0,1,0,0,0,0,0,0,0,0,0,1,0,1,0,0,0,0,0,0,0,0,1,0
38.237018,-122.77872,33,20.35,689.75,0,2507,1,0,0,0,1,0,0,0,1,1,0,1,0,1,0,1,0,1,0,1,0,0,1,0,0,0,1
38.235021,-122.557332,41,80.55,3263.9,0,4176,0,0,0,0,1,0,1,0,0,0,0,0,1,0,1,0,0,0,1,0,1,1,0,1,0,1,0
38.060264,-122.830646,34,61.25,1993.2,0,3607,0,0,1,1,0,1,0,0,0,0,1,0,0,0,1,0,1,0,1,0,1,1,0,0,0,0,1
37.99272,-122.575026,13,20.45,254.5,0,5417,0,0,1,1,1,0,0,0,1,1,0,1,0,1,0,1,0,1,0,1,0,0,0,1,0,0,1
38.00474,-122.663717,20,18.9,347.65,0,4277,0,0,0,0,1,0,0,0,1,1,0,1,0,1,0,1,0,1,0,1,0,0,0,1,1,0,0
37.942551,-122.491642,51,19.6,967.9,0,4224,0,1,0,0,1,0,0,0,1,1,0,1,0,1,0,1,0,1,0,1,0,0,1,0,1,0,0
37.921137,-122.657562,41,45.2,1841.9,0,4418,0,0,0,1,1,0,0,0,0,0,0,0,0,0,0,0,0,0,0,0,0,0,0,0,0,0,0
38.240769,-122.901041,13,19.45,232.1,0,2783,0,0,0,0,1,0,0,0,1,1,0,1,0,1,0,1,0,1,0,1,0,0,0,0,1,0,0
38.339996,-122.935056,35,25.45,809.25,0,4873,1,0,1,1,1,0,1,0,1,1,0,1,0,1,0,1,0,1,0,1,0,0,1,0,0,0,0
37.449537,-121.994813,4,94.9,360.55,0,3094,1,0,0,0,1,0,0,1,0,0,1,0,1,0,0,0,1,0,0,0,1,0,0,1,0,0,1
36.878364,-121.629781,12,29.3,355.9,0,3353,0,1,1,1,0,1,0,0,0,0,0,0,0,0,0,0,1,0,0,0,0,0,0,1,0,0,1
37.106902,-122.100006,7,20.25,129.15,0,4208,0,0,0,0,1,0,0,0,1,1,0,1,0,1,0,1,0,1,0,1,0,1,0,0,0,0,1
36.977025,-121.952864,53,110.5,5835.5,0,4135,0,0,1,0,1,0,0,1,0,0,1,0,1,0,1,0,1,0,1,0,1,1,0,0,0,1,0
36.784481,-121.759054,63,109.4,7031.45,0,5961,1,1,0,0,1,0,1,1,0,0,1,0,1,0,1,0,0,0,1,0,1,0,0,1,0,0,0
36.936228,-121.785559,5,19.95,109.6,0,5252,0,0,0,0,1,0,0,0,1,1,0,1,0,1,0,1,0,1,0,1,0,0,0,0,0,0,1
37.03889,-121.528955,37,19.6,727.8,0,5730,0,1,1,0,1,0,0,0,1,1,0,1,0,1,0,1,0,1,0,1,0,1,0,0,0,0,1
37.222842,-121.988727,12,76.6,893.0,0,3280,0,0,0,1,1,0,1,1,0,0,0,0,0,0,0,0,0,0,0,0,0,0,0,1,0,1,0
37.233034,-121.947427,38,19.6,763.1,0,4623,0,0,1,1,1,0,0,0,1,1,0,1,0,1,0,1,0,1,0,1,0,1,0,0,1,0,0
37.160194,-121.945611,9,85.3,781.4,0,5850,0,0,0,0,1,0,0,1,0,0,0,0,0,0,1,0,0,0,0,0,1,0,0,1,1,0,0
37.441931,-121.878502,13,65.85,902.25,0,2731,1,0,1,0,1,0,1,0,0,0,1,0,0,0,0,0,0,0,0,0,1,0,0,1,0,1,0
36.863303,-121.781632,47,20.05,1016.7,0,3260,0,0,1,1,1,0,0,0,1,1,0,1,0,1,0,1,0,1,0,1,0,0,1,0,1,0,0
37.051166,-122.056194,61,99.4,5943.65,0,5404,1,0,1,0,1,0,1,1,0,0,1,0,0,0,1,0,1,0,1,0,0,0,0,0,0,0,0
36.525703,-120.952122,16,20.0,275.7,0,3705,1,0,0,0,1,0,0,0,1,1,0,1,0,1,0,1,0,1,0,1,0,0,0,0,0,0,1
36.810568,-121.503022,41,78.45,3126.45,0,5468,0,0,1,1,1,0,0,0,0,0,1,0,1,0,0,0,1,0,1,0,1,0,1,0,0,1,0
37.084697,-121.606417,43,25.1,1070.15,0,4797,0,0,0,1,1,0,1,0,1,1,0,1,0,1,0,1,0,1,0,1,0,0,1,1,0,1,0
37.348129,-121.98469,6,55.0,340.4,0,2629,0,0,0,0,1,0,0,0,0,0,0,0,0,0,0,0,0,0,0,0,1,0,0,1,0,1,0
37.393554,-121.965114,58,71.1,4299.2,0,5395,0,0,0,0,1,0,1,0,0,0,1,0,1,0,1,0,1,0,0,0,0,1,0,1,1,0,0
36.993451,-122.098858,19,61.55,1093.2,0,5831,1,0,0,0,1,0,0,0,0,0,0,0,0,0,0,0,1,0,1,0,0,0,0,1,1,0,0
36.974575,-121.991149,11,45.9,521.9,0,3880,1,0,1,0,1,0,0,0,0,0,0,0,0,0,0,0,0,0,0,0,0,0,0,1,0,0,0
37.007882,-122.065975,39,40.3,1630.4,0,3424,0,0,0,0,0,1,0,0,0,0,1,0,1,0,0,0,1,0,0,0,0,1,0,1,0,0,0
37.031404,-121.981865,8,87.1,713.6,0,3950,0,1,0,0,1,0,0,1,0,0,0,0,1,0,0,0,0,0,1,0,0,0,0,1,0,1,0
37.070177,-122.010077,26,49.5,1265.65,0,4196,0,0,0,1,1,0,1,0,0,0,0,0,0,0,0,0,0,0,0,0,0,0,0,1,0,0,1
37.257772,-122.051824,53,73.8,4003.85,0,6469,0,1,0,0,1,0,0,1,0,0,0,0,1,0,0,0,0,0,0,0,0,0,0,1,1,0,0
37.023669,-121.946461,70,19.2,1401.4,0,5261,0,0,1,1,1,0,0,0,1,1,0,1,0,1,0,1,0,1,0,1,0,0,1,1,0,0,1
37.34667,-121.910019,59,25.0,1510.5,0,5537,1,0,0,0,1,0,1,0,1,1,0,1,0,1,0,1,0,1,0,1,0,0,1,0,0,0,1
37.343827,-121.883119,7,35.3,264.8,0,3463,1,0,0,0,0,1,0,0,0,0,1,0,0,0,1,0,0,0,0,0,0,1,0,0,0,0,1
37.350284,-121.852855,59,76.75,4541.9,0,5918,1,0,1,1,1,0,0,0,0,0,0,0,1,0,1,0,1,0,1,0,1,1,0,0,1,0,0
37.311088,-121.961786,61,81.0,4976.15,0,4151,1,0,1,1,1,0,1,0,0,0,0,0,0,0,1,0,1,0,1,0,1,0,1,1,0,0,0
37.255479,-121.889838,72,105.55,7542.25,0,4331,1,0,1,1,1,0,1,1,0,0,1,0,0,0,1,0,0,0,1,0,1,0,1,1,0,0,0
37.233226,-121.78809,13,18.8,251.25,0,2333,0,0,1,1,1,0,0,0,1,1,0,1,0,1,0,1,0,1,0,1,0,0,0,0,0,0,1
37.186141,-121.843554,64,24.9,1595.5,0,5038,0,0,1,1,1,0,1,0,1,1,0,1,0,1,0,1,0,1,0,1,0,1,0,0,0,0,1
37.32886,-121.834567,10,64.9,685.55,0,4883,0,0,0,0,1,0,0,0,0,0,0,0,1,0,0,0,1,0,0,0,1,1,0,0,0,0,1
37.238758,-121.828375,65,61.35,3874.1,0,6354,0,0,1,1,1,0,0,0,0,0,1,0,1,0,1,0,0,0,0,0,0,1,0,0,0,0,0
37.257063,-121.923037,62,113.95,6891.4,0,6193,0,0,1,0,1,0,1,1,0,0,1,0,1,0,1,0,1,0,1,0,1,0,1,0,0,0,1
37.294926,-121.894763,55,90.15,4916.95,0,4712,0,0,1,0,1,0,1,0,0,0,1,0,1,0,1,0,1,0,1,0,1,1,0,1,0,1,0
37.327069,-121.916819,25,54.1,1373.0,0,5701,0,0,1,0,1,0,1,0,0,0,0,0,1,0,0,0,0,0,0,0,0,0,0,0,0,1,0
37.316146,-121.936285,1,49.8,49.8,0,2978,1,0,0,0,1,0,0,0,0,0,1,0,0,0,0,0,0,0,0,0,0,0,0,1,1,0,0
37.277592,-121.986477,64,24.4,1548.65,0,4772,1,1,1,1,1,0,1,0,1,1,0,1,0,1,0,1,0,1,0,1,0,0,1,1,0,0,0
37.387027,-121.897775,36,95.0,3440.25,0,3057,1,0,1,0,1,0,1,1,0,0,0,0,0,0,0,0,0,0,1,0,1,0,0,1,0,0,0
37.371862,-121.860349,61,69.9,4226.7,0,5117,1,0,1,0,1,0,1,0,0,0,1,0,0,0,1,0,0,0,0,0,1,0,1,1,0,0,1
37.42765,-121.945416,26,39.95,1023.75,0,2715,1,0,0,1,0,1,0,0,0,0,0,0,1,0,0,0,0,0,1,0,0,1,0,1,0,0,0
37.246064,-121.749494,68,103.25,7074.4,0,4751,1,0,1,1,1,0,0,1,0,0,1,0,1,0,1,0,0,0,1,0,1,0,1,1,1,0,0
37.382909,-121.634151,72,94.25,6849.75,0,6295,0,0,1,0,1,0,1,1,0,0,1,0,1,0,1,0,1,0,0,0,0,0,1,1,0,0,0
37.339533,-121.777179,71,47.05,3263.6,0,6302,0,0,1,0,0,1,0,0,0,0,0,0,0,0,1,0,1,0,0,0,1,0,1,1,0,1,0
37.959706,-121.287669,57,20.55,1252.85,0,4565,1,0,0,0,1,0,0,0,1,1,0,1,0,1,0,1,0,1,0,1,0,0,1,0,1,0,0
37.954089,-121.329761,4,19.65,67.55,0,4925,1,0,0,0,1,0,0,0,1,1,0,1,0,1,0,1,0,1,0,1,0,0,0,1,0,0,1
37.974498,-121.319568,1,70.2,70.2,0,2422,0,1,0,0,1,0,0,1,0,0,0,0,0,0,0,0,0,0,0,0,0,0,0,1,0,1,0
37.965695,-121.260051,72,81.0,5750.0,0,4237,1,0,1,1,1,0,1,0,0,0,1,0,1,0,1,0,1,0,0,0,1,0,1,0,1,0,0
37.902422,-121.440029,21,75.9,1549.75,0,3503,1,0,1,1,1,0,1,0,0,0,1,0,0,0,0,0,0,0,1,0,1,1,0,1,0,0,0
38.002125,-121.324979,71,24.7,1810.55,0,5187,0,0,1,1,1,0,1,0,1,1,0,1,0,1,0,1,0,1,0,1,0,0,1,0,0,0,0
38.033219,-121.297433,69,110.25,7467.55,0,4948,0,1,0,0,1,0,1,1,0,0,1,0,0,0,1,0,1,0,1,0,1,0,1,0,1,0,0
38.049457,-121.21653,64,85.0,5484.4,0,5472,0,0,1,0,1,0,1,0,0,0,1,0,0,0,1,0,1,0,1,0,1,0,1,1,1,0,0
37.946282,-121.139499,16,19.75,294.9,0,5433,1,0,0,0,1,0,0,0,1,1,0,1,0,1,0,1,0,1,0,1,0,0,0,0,1,0,0
38.029729,-121.387999,4,23.9,97.5,0,5685,0,0,0,0,1,0,1,0,1,1,0,1,0,1,0,1,0,1,0,1,0,1,0,0,0,1,0
38.32153,-120.236358,1,19.95,19.95,0,5916,1,0,0,0,1,0,0,0,1,1,0,1,0,1,0,1,0,1,0,1,0,0,0,0,0,0,1
38.208336,-120.339938,18,25.15,476.8,0,2675,1,0,0,0,0,1,0,0,0,0,0,0,0,0,0,0,0,0,0,0,0,0,0,0,0,0,1
38.183918,-120.898817,2,54.15,101.65,0,3527,0,0,0,0,1,0,1,0,0,0,0,0,1,0,0,0,0,0,0,0,0,0,0,0,0,0,1
38.233879,-120.861666,19,59.8,1130.85,0,3652,0,0,1,0,1,0,0,0,0,0,0,0,1,0,0,0,0,0,0,0,1,0,0,1,0,0,1
38.227285,-121.02789,40,83.85,3532.25,0,4294,0,0,0,0,1,0,1,1,0,0,0,0,0,0,0,0,0,0,0,0,1,0,0,0,0,0,0
37.943954,-120.67108,66,104.9,6891.45,0,4892,0,1,1,1,1,0,1,1,0,0,0,0,1,0,1,0,0,0,1,0,1,1,0,1,0,1,0
37.956963,-120.863055,21,75.3,1570.7,0,2847,1,0,0,0,1,0,1,1,0,0,0,0,0,0,0,0,0,0,0,0,0,0,0,0,0,0,1
37.873283,-121.292034,8,66.65,520.95,0,3804,1,0,0,0,1,0,0,0,0,0,0,0,1,0,0,0,1,0,1,0,0,0,0,1,0,1,0
38.358464,-120.579304,72,109.5,7854.9,0,6419,0,0,1,1,1,0,0,1,0,0,1,0,1,0,1,0,1,0,1,0,1,0,1,1,1,0,0
38.184914,-120.364085,48,73.85,3581.4,0,4740,0,0,0,0,1,0,1,0,0,0,0,0,1,0,1,0,1,0,1,0,0,1,0,1,0,0,0
38.047746,-121.030499,69,19.3,1447.9,0,5028,1,0,0,0,1,0,0,0,1,1,0,1,0,1,0,1,0,1,0,1,0,0,1,1,0,0,0
38.166791,-121.14207,72,118.2,8547.15,0,4886,1,0,0,0,1,0,1,1,0,0,1,0,1,0,1,0,1,0,1,0,1,0,1,1,0,1,0
38.123544,-121.159078,14,51.45,727.85,0,4298,0,0,0,0,1,0,0,0,0,0,0,0,1,0,0,0,0,0,0,0,0,1,0,0,1,0,0
38.128087,-121.4078,6,59.45,357.6,0,2393,1,0,0,0,1,0,0,0,0,0,0,0,1,0,0,0,0,0,1,0,0,0,0,0,0,1,0
38.304194,-120.592431,8,19.5,159.35,0,5206,0,0,1,1,1,0,0,0,1,1,0,1,0,1,0,1,0,1,0,1,0,0,1,0,0,0,0
38.264262,-120.515133,17,19.55,280.85,0,4947,0,0,0,0,1,0,0,0,1,1,0,1,0,1,0,1,0,1,0,1,0,1,0,0,0,0,1
38.147852,-120.440124,65,93.55,6069.25,0,5774,1,0,0,0,1,0,1,1,0,0,1,0,0,0,0,0,1,0,0,0,1,1,0,0,0,1,0
38.196497,-120.61689,57,59.3,3274.35,0,6287,0,0,1,1,1,0,0,0,0,0,1,0,0,0,1,0,1,0,0,0,0,1,0,1,0,0,1
38.156971,-120.849231,56,109.8,6109.65,0,5648,0,0,1,0,1,0,1,1,0,0,1,0,1,0,1,0,0,0,1,0,1,1,0,0,0,0,0
38.192608,-120.957842,14,78.1,1122.4,0,3157,0,0,1,0,1,0,0,1,0,0,0,0,0,0,0,0,0,0,0,0,1,0,0,1,0,1,0
38.41935,-120.469545,52,39.9,2020.9,0,6371,1,0,1,0,0,1,0,0,0,0,1,0,0,0,0,0,0,0,0,0,1,0,0,1,0,1,0
38.392686,-120.415951,58,64.9,3795.45,0,5040,0,0,0,0,1,0,0,0,0,0,1,0,1,0,1,0,1,0,0,0,0,0,1,1,1,0,0
37.321233,-120.656354,67,53.4,3579.15,0,5990,0,0,0,0,0,1,0,0,0,0,0,0,0,0,1,0,1,0,1,0,1,0,0,1,1,0,0
37.4695,-120.672724,2,24.9,49.7,0,4033,1,0,0,0,0,1,0,0,0,0,0,0,0,0,0,0,0,0,0,0,0,0,0,1,1,0,0
37.818589,-120.256995,6,44.7,276.5,0,4270,1,1,0,0,1,0,0,0,0,0,0,0,0,0,0,0,0,0,0,0,0,0,0,0,1,0,0
37.394411,-120.127262,71,114.0,8175.9,0,5600,1,0,1,1,1,0,1,1,0,0,1,0,1,0,1,0,1,0,1,0,1,0,1,1,0,0,0
37.553469,-120.952825,46,20.25,890.35,0,3879,0,0,1,1,1,0,0,0,1,1,0,1,0,1,0,1,0,1,0,1,0,0,1,0,0,0,0
37.722127,-120.110174,67,83.85,5588.8,0,5261,1,1,1,0,1,0,1,1,0,0,1,0,1,0,0,0,0,0,0,0,0,0,0,0,0,0,0
37.420273,-120.66527,3,20.2,50.6,0,3594,1,0,0,1,1,0,0,0,1,1,0,1,0,1,0,1,0,1,0,1,0,0,0,0,0,0,0
37.435664,-121.049056,3,19.95,58.0,0,5949,0,0,0,0,1,0,0,0,1,1,0,1,0,1,0,1,0,1,0,1,0,0,0,0,0,0,1
37.127386,-120.506422,50,20.35,938.95,0,6391,1,0,1,1,1,0,0,0,1,1,0,1,0,1,0,1,0,1,0,1,0,1,0,1,0,0,1
37.654551,-119.822984,23,90.0,2024.1,0,4999,1,1,1,0,1,0,0,1,0,0,1,0,1,0,0,0,0,0,0,0,1,0,0,1,0,1,0
37.818543,-121.006907,67,54.2,3623.95,0,5261,0,0,1,1,0,1,0,0,0,0,1,0,1,0,1,0,1,0,1,0,0,0,1,0,1,0,0
37.147198,-121.120161,39,99.1,3877.95,0,4599,0,1,1,0,1,0,0,1,0,0,1,0,1,0,0,0,0,0,1,0,1,1,0,0,0,0,1
37.605926,-120.69955,69,66.9,4577.9,0,5059,0,0,0,0,1,0,1,0,0,0,1,0,1,0,0,0,1,0,0,0,0,0,1,1,0,0,1
37.394536,-120.890747,1,25.85,25.85,0,4467,0,0,0,0,0,1,0,0,0,0,0,0,0,0,0,0,0,0,0,0,0,1,0,0,0,0,1
37.479926,-120.230424,32,91.05,2871.5,0,2716,1,0,0,0,1,0,0,1,0,0,0,0,0,0,0,0,0,0,1,0,1,0,0,0,0,1,0
37.555631,-120.911653,60,20.95,1270.55,0,4425,1,0,1,1,1,0,0,0,1,1,0,1,0,1,0,1,0,1,0,1,0,0,1,1,0,0,0
37.666587,-120.411517,72,109.2,7711.45,0,6130,0,0,1,1,1,0,1,1,0,0,0,0,1,0,1,0,1,0,1,0,1,0,1,1,0,0,0
37.249377,-120.249581,26,85.8,2193.65,0,5700,0,1,0,0,1,0,0,1,0,0,1,0,0,0,0,0,0,0,1,0,0,0,0,1,1,0,0
38.109125,-120.078597,2,19.65,31.2,0,4841,1,0,0,0,1,0,0,0,1,1,0,1,0,1,0,1,0,1,0,1,0,0,0,1,0,1,0
37.830267,-121.201018,2,20.5,38.25,0,4486,0,0,0,1,1,0,0,0,1,1,0,1,0,1,0,1,0,1,0,1,0,1,0,0,0,0,0
37.750822,-121.238423,36,89.65,3348.1,0,4844,0,0,0,0,1,0,1,0,0,0,1,0,0,0,1,0,1,0,1,0,1,1,0,1,1,0,0
37.526791,-119.99437,7,74.35,533.6,0,2463,1,0,0,0,1,0,0,1,0,0,1,0,0,0,0,0,0,0,0,0,0,0,0,0,0,0,1
37.255637,-120.493537,60,49.45,2907.55,0,4277,0,1,1,0,0,1,0,0,0,0,0,0,1,0,0,0,0,0,1,0,1,0,1,1,1,0,0
37.581496,-119.972762,19,89.1,1620.8,0,3624,0,0,1,0,1,0,1,1,0,0,0,0,1,0,0,0,0,0,0,0,1,0,0,1,0,1,0
38.121601,-120.133915,45,75.15,3480.35,0,5837,1,1,1,0,1,0,1,0,0,0,1,0,0,0,1,0,1,0,0,0,1,0,1,0,1,0,0
37.40122,-120.514191,4,70.65,293.85,0,4510,1,1,0,0,1,0,0,1,0,0,0,0,0,0,0,0,0,0,0,0,0,0,0,1,0,1,0
37.621458,-121.012295,47,90.05,4137.2,0,3291,1,0,1,1,1,0,0,1,0,0,1,0,0,0,1,0,0,0,0,0,1,0,0,0,0,1,0
37.716186,-121.025836,1,19.4,19.4,0,5566,0,0,0,0,1,0,0,0,1,1,0,1,0,1,0,1,0,1,0,1,0,0,0,0,1,0,0
37.670526,-120.877572,59,88.75,5348.65,0,6492,0,1,1,1,1,0,1,1,0,0,0,0,0,0,1,0,0,0,0,0,1,0,0,1,1,0,0
37.343846,-121.039391,35,91.0,3180.5,0,5527,1,1,0,0,1,0,1,1,0,0,1,0,0,0,0,0,0,0,0,0,1,0,0,0,1,0,0
37.410236,-121.320337,32,90.8,3023.85,0,2722,1,0,1,1,1,0,0,1,0,0,1,0,1,0,0,0,0,0,0,0,1,1,0,1,0,1,0
37.750778,-121.13238,54,18.95,1031.1,0,5548,0,1,1,0,1,0,0,0,1,1,0,1,0,1,0,1,0,1,0,1,0,0,1,1,0,0,1
37.713152,-121.08739,66,102.4,6471.85,0,4861,0,1,0,0,1,0,1,1,0,0,1,0,0,0,0,0,0,0,1,0,1,0,1,1,0,0,0
37.521708,-120.426843,61,99.9,6241.35,0,5641,1,0,1,1,1,0,1,1,0,0,0,0,0,0,1,0,0,0,1,0,1,1,0,1,0,1,0
37.982716,-120.343732,72,88.7,6501.35,0,4641,1,0,1,1,1,0,1,0,0,0,1,0,1,0,1,0,1,0,1,0,1,0,1,0,1,0,0
37.990574,-120.261821,44,54.3,2317.1,0,3423,1,0,1,1,0,1,0,0,0,0,0,0,0,0,1,0,1,0,1,0,1,1,0,1,0,1,0
37.316807,-120.855753,41,55.7,2237.55,0,5590,1,0,0,0,1,0,1,0,0,0,0,0,0,0,1,0,0,0,0,0,0,0,0,1,0,0,0
37.680968,-121.446049,50,103.95,5231.3,0,4363,1,0,1,0,1,0,1,1,0,0,1,0,0,0,1,0,0,0,1,0,1,1,0,1,0,1,0
37.474396,-120.875917,8,20.15,165.5,0,3899,1,0,1,1,1,0,0,0,1,1,0,1,0,1,0,1,0,1,0,1,0,0,1,0,0,0,1
37.529656,-120.854357,18,20.05,358.5,0,4204,1,0,0,0,1,0,0,0,1,1,0,1,0,1,0,1,0,1,0,1,0,0,0,0,0,0,1
38.107441,-120.230625,72,91.95,6614.9,0,4403,1,0,1,1,1,0,1,0,0,0,1,0,1,0,1,0,1,0,1,0,1,0,1,1,1,0,0
37.669516,-120.626964,42,55.65,2421.75,0,5831,0,1,0,0,1,0,1,0,0,0,0,0,0,0,1,0,0,0,0,0,0,0,0,0,0,1,0
37.546007,-121.28257,18,74.7,1294.6,0,3896,0,1,0,0,1,0,0,1,0,0,0,0,1,0,0,0,0,0,0,0,0,0,0,1,0,1,0
37.421299,-120.599587,13,104.15,1299.1,0,2810,0,0,0,1,1,0,1,1,0,0,0,0,1,0,1,0,0,0,1,0,1,1,0,1,1,0,0
37.704267,-119.607001,68,83.65,5733.4,0,5958,0,0,1,1,1,0,1,1,0,0,0,0,1,0,0,0,1,0,0,0,0,1,0,1,0,0,0
38.488431,-122.752839,69,110.05,7430.75,0,5798,1,0,0,0,1,0,1,1,0,0,1,0,1,0,1,0,0,0,1,0,1,0,1,1,1,0,0
38.439696,-122.668817,25,25.5,630.6,0,5230,1,0,1,1,1,0,1,0,1,1,0,1,0,1,0,1,0,1,0,1,0,0,1,0,1,0,0
38.468893,-122.580539,59,19.5,1222.65,0,4579,0,0,1,1,1,0,0,0,1,1,0,1,0,1,0,1,0,1,0,1,0,0,1,0,1,0,0
39.225694,-123.717354,5,80.7,374.8,0,3468,0,1,0,0,1,0,0,1,0,0,1,0,1,0,0,0,0,0,0,0,0,0,0,0,0,1,0
39.025867,-123.381544,69,105.1,7234.8,0,4686,0,0,1,1,1,0,1,1,0,0,1,0,1,0,1,0,1,0,1,0,0,1,0,1,1,0,0
39.710591,-123.682799,13,25.15,331.85,0,4943,1,0,0,0,0,1,0,0,0,0,0,0,0,0,0,0,0,0,0,0,0,0,0,1,0,0,0
38.578807,-123.19338,52,95.65,5088.4,0,4465,1,0,1,0,1,0,1,1,0,0,0,0,1,0,0,0,1,0,0,0,1,0,0,1,1,0,0
39.07116,-122.598542,61,80.8,4860.85,0,4302,1,0,1,0,1,0,1,0,0,0,1,0,1,0,1,0,1,0,0,0,1,0,1,1,0,0,0
38.801936,-122.938935,29,24.85,788.05,0,4161,1,0,0,0,0,1,0,0,0,0,0,0,0,0,0,0,0,0,0,0,0,1,0,1,0,0,1
38.838088,-122.73203,25,54.75,1266.35,0,5136,0,0,0,1,1,0,0,0,0,0,0,0,1,0,0,0,1,0,0,0,0,1,0,1,1,0,0
39.83307,-123.178765,15,50.75,688.2,0,5091,1,0,0,0,0,1,0,0,0,0,0,0,0,0,1,0,0,0,1,0,1,1,0,0,0,1,0
39.756049,-123.358701,19,20.15,387.7,0,4246,0,0,1,1,1,0,0,0,1,1,0,1,0,1,0,1,0,1,0,1,0,0,1,0,0,0,1
38.445603,-123.063756,44,20.05,845.25,0,2798,1,0,0,0,1,0,0,0,1,1,0,1,0,1,0,1,0,1,0,1,0,0,1,0,0,0,1
39.108252,-123.645121,58,71.6,4230.25,0,4747,1,0,1,1,1,0,1,0,0,0,1,0,1,0,1,0,1,0,0,0,0,0,1,0,1,0,0
38.499302,-122.92444,62,81.45,4983.05,0,5179,1,0,1,1,1,0,0,1,0,0,1,0,1,0,0,0,0,0,0,0,0,1,0,1,1,0,0
39.455555,-123.683979,70,58.4,4113.15,0,4117,0,0,1,1,0,1,0,0,0,0,0,0,1,0,1,0,1,0,1,0,1,1,0,1,0,0,0
38.731771,-123.064272,10,53.7,521.0,0,5671,1,0,1,1,0,1,0,0,0,0,1,0,1,0,1,0,1,0,0,0,1,0,1,0,1,0,0
38.368744,-122.522642,26,19.6,471.85,0,3722,1,0,0,0,1,0,0,0,1,1,0,1,0,1,0,1,0,1,0,1,0,1,0,1,0,0,0
39.045246,-122.743181,66,89.4,5976.9,0,4889,1,0,0,0,1,0,1,1,0,0,0,0,1,0,0,0,0,0,0,0,1,0,0,0,1,0,0
38.848082,-123.50608,51,84.2,4299.75,0,4952,1,0,1,1,1,0,1,1,0,0,0,0,1,0,0,0,1,0,0,0,0,1,0,0,0,0,0
38.52576,-123.013347,72,106.1,7548.6,0,4890,1,0,1,1,1,0,1,1,0,0,1,0,1,0,1,0,1,0,1,0,0,0,1,1,1,0,0
38.618347,-122.908422,65,25.75,1654.75,0,5707,1,0,0,0,1,0,1,0,1,1,0,1,0,1,0,1,0,1,0,1,0,0,1,0,0,0,1
38.505995,-123.187019,70,64.95,4551.5,0,5392,1,0,0,1,1,0,1,0,0,0,1,0,1,0,0,0,1,0,0,0,0,1,0,0,0,0,0
38.93496,-122.792243,72,85.45,6227.5,0,5641,1,0,1,0,1,0,1,0,0,0,0,0,1,0,1,0,1,0,1,0,1,0,1,1,1,0,0
38.419525,-122.521585,1,20.05,20.05,0,5811,0,0,1,1,1,0,0,0,1,1,0,1,0,1,0,1,0,1,0,1,0,0,0,0,0,0,1
39.245911,-123.77214,3,20.7,57.5,0,2011,1,0,0,0,1,0,0,0,1,1,0,1,0,1,0,1,0,1,0,1,0,0,0,0,0,0,1
38.925545,-122.549083,58,25.3,1474.35,0,4477,1,0,0,0,1,0,1,0,1,1,0,1,0,1,0,1,0,1,0,1,0,0,1,1,1,0,0
38.966713,-123.586412,33,100.6,3270.25,0,3669,1,1,1,0,1,0,1,1,0,0,0,0,1,0,0,0,0,0,1,0,1,0,0,1,0,0,0
38.787446,-122.58675,54,74.0,3919.15,0,4991,1,1,1,0,1,0,1,1,0,0,0,0,0,0,0,0,0,0,0,0,0,0,0,0,0,0,0
38.471049,-123.015549,72,99.4,7285.7,0,6022,1,0,1,0,1,0,1,1,0,0,0,0,1,0,0,0,0,0,1,0,1,0,1,1,0,1,0
38.415003,-122.998726,72,107.45,7658.3,0,4505,0,0,1,1,1,0,1,1,0,0,1,0,1,0,1,0,1,0,0,0,1,0,1,0,1,0,0
39.094102,-123.500853,72,83.6,5959.3,0,4116,0,0,1,1,1,0,1,0,0,0,1,0,1,0,1,0,0,0,1,0,1,0,1,1,1,0,0
38.911299,-123.609588,54,99.05,5295.7,0,4011,1,1,1,0,1,0,1,1,0,0,0,0,0,0,1,0,0,0,1,0,1,0,0,1,1,0,0
39.408634,-123.045516,59,80.1,4693.2,0,4093,0,0,1,0,1,0,1,0,0,0,0,0,1,0,0,0,1,0,1,0,1,1,0,1,0,1,0
39.298065,-123.25211,54,65.3,3512.9,0,4556,1,0,0,0,1,0,0,0,0,0,1,0,1,0,0,0,0,0,1,0,0,0,1,1,0,0,0
38.522328,-122.97932,60,89.55,5231.2,0,5874,1,0,0,0,1,0,1,1,0,0,0,0,0,0,1,0,0,0,1,0,0,0,1,1,0,1,0
38.398815,-122.861923,60,60.8,3603.45,0,5784,0,0,1,0,0,1,0,0,0,0,0,0,1,0,1,0,1,0,1,0,1,0,1,0,1,0,0
38.25485,-122.461799,3,74.5,217.45,0,5203,1,0,0,0,1,0,1,1,0,0,0,0,0,0,0,0,0,0,0,0,0,0,0,0,0,1,0
39.134075,-123.23422,69,99.15,6875.35,0,5031,0,0,1,0,1,0,1,1,0,0,1,0,0,0,0,0,0,0,1,0,1,0,1,0,0,0,0
39.220368,-122.907693,1,19.25,19.25,0,2053,0,0,1,1,1,0,0,0,1,1,0,1,0,1,0,1,0,1,0,1,0,0,0,0,0,1,0
39.724433,-123.767578,50,39.45,2021.35,0,6018,1,0,1,1,0,1,0,0,0,0,1,0,0,0,0,0,0,0,1,0,0,0,0,1,1,0,0
39.492046,-123.375818,56,44.85,2564.95,0,4021,0,0,0,0,0,1,0,0,0,0,0,0,0,0,0,0,0,0,1,0,1,0,0,1,1,0,0
38.527297,-122.810044,60,97.2,5611.75,0,4905,0,0,1,0,1,0,0,1,0,0,1,0,0,0,0,0,1,0,1,0,1,0,1,1,0,1,0
39.222323,-122.985488,69,110.55,7610.1,0,4887,1,1,1,0,1,0,1,1,0,0,1,0,0,0,1,0,1,0,1,0,1,1,0,1,0,0,1
40.796621,-124.15428,3,19.9,45.75,0,3716,0,0,1,0,1,0,0,0,1,1,0,1,0,1,0,1,0,1,0,1,0,0,0,1,0,0,1
40.737431,-124.108897,60,76.95,4543.95,0,5053,1,0,1,1,1,0,0,0,0,0,0,0,1,0,0,0,1,0,1,0,1,0,1,0,0,0,0
40.166028,-123.584144,13,35.4,450.4,0,3239,0,0,0,0,0,1,0,0,0,0,0,0,0,0,1,0,1,0,0,0,0,0,1,0,0,0,1
40.309088,-123.668201,62,20.45,1297.35,0,5746,1,0,1,1,1,0,0,0,1,1,0,1,0,1,0,1,0,1,0,1,0,0,1,0,0,0,0
40.965011,-124.015255,45,96.75,4442.75,0,3682,0,0,0,0,1,0,1,1,0,0,1,0,1,0,0,0,0,0,0,0,1,1,0,0,0,0,0
40.839958,-124.003757,25,54.2,1423.15,0,4458,0,0,0,0,0,1,0,0,0,0,0,0,0,0,1,0,1,0,1,0,1,1,0,0,0,1,0
40.825486,-124.049485,44,100.1,4378.35,0,4025,1,0,0,0,1,0,0,1,0,0,0,0,0,0,1,0,1,0,1,0,1,0,1,0,0,0,0
40.94338,-123.831799,2,45.25,74.2,0,5441,0,0,0,0,1,0,0,0,0,0,0,0,0,0,0,0,0,0,0,0,0,0,0,1,0,0,1
40.497283,-123.93037,22,20.85,450.65,0,3171,0,0,0,0,1,0,0,0,1,1,0,1,0,1,0,1,0,1,0,1,0,1,0,0,0,0,0
41.701223,-124.003393,35,33.45,1175.85,0,2553,0,0,0,0,0,1,0,0,0,0,0,0,0,0,1,0,1,0,0,0,0,0,0,1,0,0,1
40.4785,-124.301372,29,20.2,558.8,0,2784,0,0,1,1,1,0,0,0,1,1,0,1,0,1,0,1,0,1,0,1,0,0,1,0,0,0,1
40.726949,-124.217378,27,85.9,2220.1,0,5755,1,1,1,0,1,0,1,1,0,0,1,0,0,0,1,0,0,0,0,0,0,1,0,1,0,1,0
40.584991,-124.121504,54,61.0,3283.05,0,5594,1,0,0,1,1,0,0,0,0,0,0,0,1,0,1,0,1,0,0,0,0,1,0,1,0,1,0
41.867908,-123.794144,57,86.9,4939.25,0,6109,1,0,0,0,1,0,1,1,0,0,0,0,0,0,0,0,0,0,1,0,0,1,0,1,0,1,0
40.342928,-124.063329,62,69.4,4237.5,0,6469,1,0,0,0,1,0,1,0,0,0,1,0,1,0,1,0,1,0,0,0,0,0,1,0,0,0,0
41.163637,-123.704841,15,20.35,335.95,0,3205,0,0,1,1,1,0,0,0,1,1,0,1,0,1,0,1,0,1,0,1,0,1,0,0,1,0,0
41.572813,-124.035011,70,104.3,7188.5,0,5583,0,0,1,0,1,0,1,1,0,0,0,0,0,0,1,0,1,0,1,0,1,0,1,1,0,0,0
40.664483,-123.865325,21,44.95,926.25,0,3752,0,0,1,1,1,0,0,0,0,0,0,0,0,0,0,0,0,0,0,0,0,0,0,1,0,1,0
40.7666,-123.80458,23,49.45,1119.35,0,5237,0,0,0,1,1,0,0,0,0,0,0,0,0,0,0,0,1,0,0,0,0,1,0,1,0,1,0
40.665952,-124.240051,6,20.6,116.6,0,4439,1,0,0,0,1,0,0,0,1,1,0,1,0,1,0,1,0,1,0,1,0,1,0,0,0,0,1
40.390301,-123.412327,4,19.55,68.8,0,5573,1,0,1,1,1,0,0,0,1,1,0,1,0,1,0,1,0,1,0,1,0,0,1,0,1,0,0
40.267158,-123.805913,23,93.5,2341.55,0,4861,0,0,0,0,1,0,1,1,0,0,0,0,0,0,0,0,0,0,1,0,1,0,0,1,0,1,0
41.336354,-124.044354,26,54.55,1362.85,0,4296,1,0,0,0,0,1,0,0,0,0,1,0,0,0,0,0,1,0,1,0,1,1,0,0,1,0,0
41.269521,-123.546958,8,20.05,163.6,0,2675,0,0,0,1,1,0,0,0,1,1,0,1,0,1,0,1,0,1,0,1,0,0,0,0,0,0,1
40.184094,-123.745487,2,79.45,145.15,0,2657,1,0,0,0,1,0,1,1,0,0,0,0,1,0,0,0,0,0,0,0,0,0,0,1,0,1,0
40.89866,-123.539754,59,79.85,4786.1,0,6041,0,0,0,0,1,0,1,0,0,0,1,0,1,0,1,0,1,0,0,0,1,1,0,0,1,0,0
40.809636,-124.189977,39,100.0,3835.55,0,5434,1,0,1,1,1,0,1,1,0,0,0,0,0,0,1,0,0,0,1,0,1,1,0,0,0,1,0
40.440636,-124.098739,21,19.6,397.0,0,2447,1,0,0,1,1,0,0,0,1,1,0,1,0,1,0,1,0,1,0,1,0,0,1,0,0,0,1
41.444606,-123.471895,48,20.2,1027.25,0,3828,0,0,1,1,1,0,0,0,1,1,0,1,0,1,0,1,0,1,0,1,0,0,1,0,0,0,0
40.363446,-123.835041,31,50.4,1580.1,0,2166,0,1,1,0,0,1,0,0,0,0,1,0,1,0,1,0,0,0,0,0,1,1,0,1,1,0,0
41.162295,-124.027381,64,113.35,7222.75,0,4952,0,0,1,1,1,0,1,1,0,0,1,0,1,0,1,0,1,0,1,0,1,1,0,0,0,1,0
40.310119,-123.909449,46,80.0,3769.7,0,3315,1,0,1,1,1,0,1,1,0,0,0,0,1,0,0,0,0,0,0,0,0,0,0,1,0,0,0
40.949012,-123.655847,52,80.95,4233.95,0,4924,0,0,0,0,1,0,1,0,0,0,0,0,0,0,1,0,1,0,1,0,1,0,1,1,0,0,0
39.873371,-123.741474,67,24.9,1680.25,0,5847,0,0,1,1,1,0,1,0,1,1,0,1,0,1,0,1,0,1,0,1,0,0,1,1,0,0,1
39.955587,-123.681175,67,54.9,3725.5,0,4826,0,1,0,0,1,0,1,0,0,0,0,0,1,0,0,0,0,0,0,0,0,0,0,0,0,1,0
40.170357,-123.417298,71,109.25,7707.7,0,5044,0,0,1,0,1,0,1,1,0,0,0,0,1,0,1,0,1,0,1,0,1,0,1,0,0,1,0
38.912881,-121.082766,71,116.3,8309.55,0,4644,1,0,0,0,1,0,1,1,0,0,1,0,1,0,1,0,1,0,1,0,1,1,0,1,0,0,0
38.592745,-121.540036,32,19.9,601.55,0,4374,0,0,0,0,1,0,0,0,1,1,0,1,0,1,0,1,0,1,0,1,0,0,0,0,0,0,0
38.809804,-122.241383,2,70.35,139.25,0,3430,0,0,0,0,1,0,0,1,0,0,0,0,0,0,0,0,0,0,0,0,0,0,0,0,0,1,0
38.681651,-122.130569,71,25.6,1888.25,0,5063,0,0,1,0,1,0,1,0,1,1,0,1,0,1,0,1,0,1,0,1,0,0,1,0,1,0,0
38.626128,-121.328011,60,44.45,2773.9,0,4928,0,0,0,0,0,1,0,0,0,0,1,0,0,0,1,0,0,0,0,0,1,1,0,1,0,1,0
38.69508,-121.271616,55,100.15,5409.75,0,5182,0,1,0,0,1,0,1,1,0,0,0,0,0,0,1,0,0,0,1,0,1,1,0,1,0,1,0
38.311609,-121.554034,6,73.85,401.3,0,4220,0,0,0,0,1,0,1,1,0,0,0,0,0,0,0,0,0,0,0,0,0,0,0,1,0,0,1
38.508735,-121.678813,48,70.1,3238.4,0,5476,0,0,1,1,1,0,0,0,0,0,1,0,1,0,1,0,0,0,0,0,1,0,1,1,1,0,0
38.544002,-121.685559,63,25.25,1573.05,0,6245,1,0,1,1,1,0,1,0,1,1,0,1,0,1,0,1,0,1,0,1,0,0,1,0,0,0,1
38.392821,-121.799917,12,21.05,235.8,0,4001,1,0,0,1,1,0,0,0,1,1,0,1,0,1,0,1,0,1,0,1,0,0,0,0,1,0,0
38.69549,-121.307864,54,24.95,1364.75,0,4691,1,1,1,0,0,1,0,0,0,0,0,0,0,0,0,0,0,0,0,0,0,0,0,1,0,0,0
38.63153,-120.842609,30,64.5,1985.15,0,2215,0,0,1,1,1,0,0,0,0,0,0,0,0,0,1,0,1,0,1,0,0,1,0,1,0,1,0
38.734997,-121.463719,40,105.95,4335.2,0,3784,0,0,0,0,1,0,1,1,0,0,0,0,0,0,1,0,1,0,1,0,1,1,0,1,1,0,0
38.834469,-122.127193,9,75.85,647.5,0,4843,0,0,1,1,1,0,0,1,0,0,0,0,0,0,0,0,1,0,0,0,0,0,0,1,0,1,0
38.513484,-120.704613,62,43.6,2748.7,0,4507,0,0,0,0,0,1,0,0,0,0,0,0,1,0,1,0,0,0,0,0,1,0,1,1,1,0,0
38.672638,-121.147403,28,91.25,2483.65,0,2886,1,0,0,0,1,0,0,1,0,0,0,0,1,0,0,0,1,0,1,0,0,1,0,1,0,0,0
39.031876,-120.811141,70,89.75,6367.2,0,5150,0,0,0,0,1,0,1,0,0,0,1,0,1,0,1,0,1,0,1,0,1,0,1,0,1,0,0
38.274451,-121.259201,46,104.4,4904.2,0,4190,0,0,0,0,1,0,0,1,0,0,0,0,1,0,1,0,1,0,1,0,1,0,1,1,0,0,0
38.852544,-120.837669,23,90.15,2044.95,0,5110,0,0,1,0,1,0,1,1,0,0,0,0,0,0,1,0,0,0,0,0,1,0,0,0,0,0,1
38.9386,-120.785514,47,40.3,1794.8,0,5040,1,0,1,1,0,1,0,0,0,0,1,0,0,0,1,0,1,0,0,0,0,1,0,0,0,1,0
38.921333,-120.897718,68,105.25,7173.15,0,5795,1,0,1,1,1,0,0,1,0,0,1,0,1,0,1,0,0,0,1,0,1,0,1,1,0,0,0
38.830739,-122.196202,67,104.0,7039.05,0,4741,0,0,0,1,1,0,1,1,0,0,0,0,1,0,0,0,1,0,1,0,1,0,1,1,0,1,0
38.313447,-121.123886,14,69.65,921.4,0,5351,0,0,0,0,1,0,0,0,0,0,0,0,0,0,0,0,1,0,1,0,1,0,0,1,0,1,0
38.375325,-121.507935,57,74.3,4018.35,0,4133,1,0,1,1,1,0,1,1,0,0,0,0,0,0,0,0,0,0,0,0,0,0,0,1,0,1,0
38.33788,-120.954202,55,100.9,5448.6,0,6153,0,0,1,1,1,0,1,1,0,0,1,0,0,0,0,0,0,0,1,0,1,1,0,0,0,0,1
38.154823,-121.601358,1,20.25,20.25,0,4769,1,0,0,0,1,0,0,0,1,1,0,1,0,1,0,1,0,1,0,1,0,0,0,1,0,0,1
38.875508,-121.765866,23,96.9,2085.45,0,3875,1,0,0,0,1,0,1,1,0,0,0,0,0,0,1,0,1,0,1,0,0,0,0,1,1,0,0
38.922812,-121.312005,47,104.1,5135.15,0,3142,1,0,1,0,1,0,1,1,0,0,0,0,1,0,1,0,0,0,1,0,1,0,0,1,0,1,0
38.809175,-121.171375,38,20.1,730.1,0,2907,1,0,0,0,1,0,0,0,1,1,0,1,0,1,0,1,0,1,0,1,0,1,0,0,0,0,1
38.674276,-121.961866,2,56.55,118.25,0,2069,0,1,0,0,1,0,1,0,0,0,0,0,1,0,0,0,0,0,0,0,0,0,0,1,1,0,0
38.883224,-121.15918,15,68.6,1108.6,0,3351,1,0,1,0,1,0,0,1,0,0,0,0,0,0,0,0,0,0,0,0,0,0,0,1,0,0,0
38.788898,-121.608624,26,69.05,1815.65,0,5379,0,0,0,0,1,0,0,1,0,0,0,0,0,0,0,0,0,0,0,0,0,0,0,1,1,0,0
38.671295,-121.388251,35,19.7,730.4,0,5636,0,0,1,1,1,0,0,0,1,1,0,1,0,1,0,1,0,1,0,1,0,0,1,0,1,0,0
38.736685,-121.251984,3,20.05,75.45,0,2948,1,0,0,1,1,0,0,0,1,1,0,1,0,1,0,1,0,1,0,1,0,0,0,1,0,0,1
38.859093,-121.182872,42,94.4,4014.6,0,2662,1,0,1,0,1,0,1,1,0,0,1,0,0,0,1,0,0,0,0,0,1,0,0,1,0,1,0
38.803731,-121.043799,10,54.95,568.85,0,3519,1,0,1,0,1,0,0,0,0,0,1,0,0,0,0,0,1,0,0,0,0,0,0,1,1,0,0
38.400264,-120.641274,61,93.7,5860.7,0,4300,0,0,1,0,1,0,0,1,0,0,1,0,1,0,0,0,1,0,0,0,1,1,0,0,0,0,0
38.546999,-120.271114,68,110.25,7279.35,0,5502,0,0,0,0,1,0,1,1,0,0,1,0,1,0,0,0,1,0,1,0,1,0,1,0,1,0,0
38.733714,-120.795213,10,98.9,1064.95,0,4614,1,0,0,0,1,0,0,1,0,0,1,0,0,0,1,0,0,0,1,0,1,1,0,1,0,1,0
38.489273,-120.891614,72,80.45,5886.85,0,4480,0,0,1,1,1,0,0,0,0,0,1,0,0,0,1,0,1,0,1,0,1,0,1,1,0,0,0
38.602723,-121.279913,55,79.4,4238.45,0,4162,1,0,1,1,1,0,0,1,0,0,0,0,1,0,0,0,1,0,0,0,0,0,0,0,0,1,0
38.688764,-121.457596,7,62.8,418.3,0,4080,0,0,0,0,1,0,0,0,0,0,0,0,0,0,1,0,1,0,0,0,1,0,0,0,0,0,0
38.954144,-121.482536,2,74.9,136.05,0,2044,0,0,0,0,1,0,1,1,0,0,0,0,0,0,0,0,0,0,0,0,0,0,0,1,0,0,1
38.545775,-120.743325,9,74.85,708.2,0,5770,0,0,0,0,1,0,0,1,0,0,1,0,0,0,0,0,0,0,0,0,0,0,0,1,0,1,0
38.7904,-121.236973,27,25.85,788.55,0,2682,1,0,0,1,1,0,1,0,1,1,0,1,0,1,0,1,0,1,0,1,0,0,1,1,1,0,0
38.984756,-121.345074,64,68.3,4378.8,0,5425,0,0,1,0,1,0,0,0,0,0,0,0,1,0,1,0,1,0,0,0,1,0,1,1,0,0,1
38.598936,-120.963092,70,48.4,3442.8,0,4483,1,0,0,0,0,1,0,0,0,0,1,0,0,0,1,0,1,0,0,0,1,0,1,0,0,0,0
38.606703,-120.586659,67,105.05,7171.7,0,4143,1,1,0,0,1,0,0,1,0,0,1,0,1,0,0,0,1,0,1,0,1,0,1,1,0,1,0
38.157794,-121.520223,24,25.15,553.0,0,3904,0,0,0,0,1,0,1,0,1,1,0,1,0,1,0,1,0,1,0,1,0,0,1,0,1,0,0
38.333133,-121.920151,4,19.5,96.85,0,5390,1,0,1,1,1,0,0,0,1,1,0,1,0,1,0,1,0,1,0,1,0,0,1,0,1,0,0
38.419088,-122.024568,44,92.95,4122.9,0,5635,1,0,1,1,1,0,0,1,0,0,0,0,0,0,1,0,0,0,1,0,1,0,0,1,0,0,0
38.481902,-120.603668,72,20.7,1482.3,0,4528,0,0,1,1,1,0,0,0,1,1,0,1,0,1,0,1,0,1,0,1,0,0,1,1,0,0,1
38.627951,-121.593287,66,19.35,1240.8,0,5637,1,0,0,0,1,0,0,0,1,1,0,1,0,1,0,1,0,1,0,1,0,0,1,0,0,0,0
38.71967,-121.862416,65,104.35,6578.55,0,4073,1,1,1,0,1,0,1,1,0,0,0,0,1,0,1,0,0,0,1,0,1,0,0,1,0,1,0
39.218096,-120.79153,1,19.55,19.55,0,5272,1,0,0,1,1,0,0,0,1,1,0,1,0,1,0,1,0,1,0,1,0,0,0,0,0,0,1
38.983388,-120.988814,38,74.05,2802.3,0,5975,1,0,1,1,1,0,0,0,0,0,1,0,1,0,1,0,1,0,1,0,0,1,0,0,0,1,0
38.748316,-120.675512,23,40.1,857.75,0,2327,1,0,0,1,0,1,0,0,0,0,1,0,0,0,1,0,1,0,0,0,0,0,1,0,0,0,1
39.084645,-120.894014,10,20.1,184.4,0,3509,0,0,1,0,1,0,0,0,1,1,0,1,0,1,0,1,0,1,0,1,0,1,0,0,0,0,1
39.23754,-120.720196,72,83.55,6093.3,0,5940,1,0,1,1,1,0,1,0,0,0,1,0,0,0,1,0,1,0,1,0,1,0,1,1,1,0,0
39.170376,-120.838404,35,56.85,1861.1,0,3102,0,0,1,0,1,0,0,0,0,0,0,0,1,0,0,0,1,0,0,0,0,0,0,0,0,1,0
38.851842,-120.076204,58,19.55,1079.65,0,4125,0,0,1,1,1,0,0,0,1,1,0,1,0,1,0,1,0,1,0,1,0,0,1,0,1,0,0
39.003358,-121.022539,70,106.15,7475.1,0,4649,1,0,1,1,1,0,0,1,0,0,0,0,1,0,1,0,1,0,1,0,1,1,0,1,0,1,0
38.733908,-120.453416,38,78.95,2862.55,0,2125,1,0,1,1,1,0,1,0,0,0,0,0,1,0,1,0,0,0,1,0,1,1,0,0,1,0,0
39.279068,-120.414275,60,49.75,3069.45,0,6307,0,0,1,1,0,1,0,0,0,0,0,0,1,0,0,0,0,0,1,0,1,0,0,1,0,1,0
38.805481,-120.13287,26,92.4,2349.8,0,5461,1,0,0,0,1,0,1,1,0,0,1,0,1,0,0,0,0,0,1,0,0,0,0,1,1,0,0
39.00978,-120.978273,8,58.2,469.25,0,3325,0,0,0,0,1,0,0,0,0,0,1,0,1,0,0,0,1,0,0,0,0,1,0,0,0,0,0
38.749466,-121.184196,36,91.95,3301.05,0,3273,0,1,1,0,1,0,1,1,0,0,0,0,1,0,0,0,0,0,1,0,0,0,0,1,1,0,0
38.784329,-121.373245,54,65.25,3529.95,0,6161,1,1,0,0,1,0,0,0,0,0,0,0,0,0,1,0,1,0,0,0,1,1,0,0,0,0,0
38.684437,-121.055634,55,73.1,4144.9,0,5832,0,0,0,0,1,0,1,1,0,0,0,0,0,0,0,0,0,0,0,0,0,0,0,1,0,1,0
38.823278,-121.281856,72,59.75,4265.0,0,4515,0,0,0,0,1,0,1,0,0,0,1,0,1,0,0,0,0,0,0,0,0,0,1,0,0,0,0
38.584505,-121.491956,54,59.8,3246.45,0,5898,0,0,1,1,1,0,1,0,0,0,0,0,1,0,1,0,0,0,0,0,0,0,1,1,0,0,0
38.608405,-121.449942,72,116.6,8337.45,0,5227,1,0,1,1,1,0,1,1,0,0,1,0,1,0,1,0,1,0,1,0,1,0,1,1,0,0,0
38.574856,-121.46504,52,109.3,5731.4,0,5624,1,0,0,0,1,0,1,1,0,0,1,0,0,0,1,0,1,0,1,0,1,0,1,1,0,1,0
38.550722,-121.457314,60,101.4,6176.6,0,4483,0,1,0,0,1,0,1,1,0,0,1,0,0,0,0,0,0,0,1,0,1,1,0,1,0,0,0
38.556306,-121.495817,39,50.65,1905.4,0,5433,0,0,0,0,0,1,0,0,0,0,0,0,0,0,1,0,0,0,1,0,1,0,0,1,1,0,0
38.567594,-121.437507,15,56.15,931.9,0,5473,0,0,0,0,1,0,0,0,0,0,0,0,0,0,0,0,0,0,1,0,0,1,0,0,0,0,1
38.625096,-121.383658,43,19.2,776.25,0,5594,1,0,1,1,1,0,0,0,1,1,0,1,0,1,0,1,0,1,0,1,0,1,0,1,0,0,1
38.512569,-121.495184,63,83.0,5243.05,0,5428,0,1,0,0,1,0,1,0,0,0,1,0,1,0,1,0,1,0,1,0,0,1,0,0,0,0,0
38.475465,-121.443625,2,70.1,141.65,0,5592,1,1,1,0,1,0,0,1,0,0,0,0,0,0,0,0,0,0,0,0,0,0,0,0,0,1,0
38.517295,-121.439819,72,108.3,7679.65,0,4183,0,0,1,1,1,0,0,1,0,0,1,0,1,0,1,0,1,0,1,0,1,0,1,1,0,0,0
38.542532,-121.378826,40,25.25,1006.9,0,3217,1,0,1,1,1,0,1,0,1,1,0,1,0,1,0,1,0,1,0,1,0,0,1,0,1,0,0
38.549185,-121.328386,58,45.35,2540.1,0,5137,0,0,1,0,0,1,0,0,0,0,1,0,1,0,0,0,0,0,1,0,0,1,0,1,0,1,0
38.486938,-121.395805,67,43.9,3097.2,0,6344,1,0,0,0,0,1,0,0,0,0,1,0,0,0,0,0,1,0,1,0,0,0,1,0,0,1,0
38.490508,-121.284171,31,79.3,2484.0,0,5238,1,0,1,0,1,0,1,0,0,0,0,0,0,0,1,0,1,0,1,0,1,1,0,1,0,0,1
38.494832,-121.529447,69,84.9,5785.65,0,4503,1,1,1,0,1,0,1,1,0,0,1,0,1,0,0,0,0,0,0,0,0,0,0,1,1,0,0
38.445939,-121.496855,32,79.25,2619.15,0,2735,1,0,1,0,1,0,1,1,0,0,0,0,0,0,0,0,1,0,0,0,0,1,0,1,0,1,0
38.619049,-121.517552,21,71.05,1524.85,0,5138,0,0,0,0,1,0,0,0,0,0,1,0,1,0,0,0,1,0,1,0,0,0,1,0,1,0,0
38.646209,-121.52446,52,53.75,2790.65,0,5957,1,0,0,0,1,0,0,0,0,0,1,0,0,0,1,0,0,0,0,0,0,1,0,0,0,1,0
38.685069,-121.543709,72,24.25,1784.5,0,5897,0,0,1,1,1,0,1,0,1,1,0,1,0,1,0,1,0,1,0,1,0,0,1,0,1,0,0
38.646096,-121.442433,52,44.25,2276.1,0,6340,1,0,1,1,0,1,0,0,0,0,1,0,0,0,1,0,0,0,0,0,1,1,0,0,0,0,0
38.660442,-121.346321,41,50.05,2029.05,0,2157,0,0,0,0,1,0,0,0,0,0,0,0,0,0,0,0,1,0,0,0,0,1,0,0,0,0,0
38.687367,-121.34848,41,20.15,802.35,0,4982,1,0,0,0,1,0,0,0,1,1,0,1,0,1,0,1,0,1,0,1,0,0,1,0,0,0,1
38.585826,-121.376263,67,69.35,4653.25,0,5589,1,0,1,1,1,0,1,0,0,0,1,0,1,0,1,0,1,0,0,0,0,1,0,1,1,0,0
39.19514,-121.503883,16,19.35,275.9,0,4146,0,0,1,1,1,0,0,0,1,1,0,1,0,1,0,1,0,1,0,1,0,0,0,0,0,0,1
39.125311,-121.392283,17,19.15,343.45,0,2717,1,0,0,0,1,0,0,0,1,1,0,1,0,1,0,1,0,1,0,1,0,0,1,0,0,0,1
39.467828,-120.841386,35,61.0,2130.45,0,4355,1,0,1,0,1,0,0,0,0,0,1,0,1,0,1,0,0,0,0,0,0,0,0,0,0,0,1
38.982373,-122.047751,58,20.5,1191.4,0,6186,0,0,1,1,1,0,0,0,1,1,0,1,0,1,0,1,0,1,0,1,0,0,1,0,1,0,0
39.657228,-121.37778,52,50.2,2554.0,0,5396,1,0,1,1,0,1,0,0,0,0,0,0,1,0,1,0,1,0,1,0,0,0,1,0,0,0,1
39.457388,-121.818201,70,79.6,5589.45,0,5474,0,0,0,0,1,0,0,0,0,0,1,0,0,0,1,0,1,0,1,0,1,0,1,0,0,0,0
39.292334,-121.320597,19,24.9,467.7,0,5396,0,0,1,1,1,0,1,0,1,1,0,1,0,1,0,1,0,1,0,1,0,0,1,1,0,0,0
39.449794,-121.936372,35,106.9,3756.45,0,5447,0,0,1,1,1,0,0,1,0,0,1,0,0,0,1,0,1,0,1,0,1,0,0,1,0,1,0
39.432127,-121.099287,32,101.35,3334.9,0,4341,0,0,0,0,1,0,1,1,0,0,0,0,0,0,1,0,0,0,1,0,1,0,0,1,0,1,0
40.171312,-121.120605,17,55.35,920.5,0,5465,0,0,1,1,1,0,0,0,0,0,1,0,0,0,0,0,1,0,0,0,0,0,0,1,1,0,0
39.461768,-121.195825,67,50.55,3431.75,0,5122,0,0,1,1,1,0,0,0,0,0,0,0,1,0,0,0,0,0,0,0,0,1,0,0,1,0,0
39.745712,-121.84333,9,19.5,150.35,0,4883,0,0,0,0,1,0,0,0,1,1,0,1,0,1,0,1,0,1,0,1,0,0,0,0,0,0,0
39.562239,-121.14836,4,90.65,367.95,0,3559,1,0,0,0,1,0,1,1,0,0,1,0,0,0,0,0,0,0,1,0,0,0,0,0,0,1,0
39.273096,-122.050763,58,89.85,5125.75,0,5035,1,1,1,1,1,0,1,1,0,0,1,0,1,0,0,0,1,0,0,0,0,1,0,1,0,0,0
40.080342,-120.957805,60,79.0,4801.1,0,4807,1,0,0,0,1,0,0,0,0,0,1,0,0,0,1,0,1,0,1,0,1,1,0,0,0,0,1
39.578792,-120.780786,1,19.55,19.55,0,3718,1,0,0,0,1,0,0,0,1,1,0,1,0,1,0,1,0,1,0,1,0,0,0,0,0,0,1
38.931425,-121.946081,27,19.9,550.1,0,4870,0,0,1,1,1,0,0,0,1,1,0,1,0,1,0,1,0,1,0,1,0,0,1,0,0,0,1
39.607831,-121.777959,66,116.25,7862.25,0,4578,1,1,1,1,1,0,1,1,0,0,1,0,1,0,1,0,1,0,1,0,1,1,0,1,0,1,0
39.53222,-122.594879,15,87.75,1242.2,0,5415,1,0,0,0,1,0,1,1,0,0,1,0,0,0,0,0,0,0,1,0,0,0,0,1,0,0,0
40.077028,-121.494168,41,81.3,3190.65,0,2299,0,0,0,0,1,0,1,1,0,0,1,0,0,0,0,0,0,0,0,0,0,0,0,1,1,0,0
39.597975,-122.032248,59,44.3,2666.75,0,5905,1,0,1,0,0,1,0,0,0,0,0,0,0,0,0,0,0,0,1,0,1,0,0,1,0,1,0
39.564113,-120.868836,50,70.35,3533.6,0,5521,0,0,0,1,1,0,0,1,0,0,0,0,0,0,0,0,0,0,0,0,0,0,1,0,1,0,0
39.194539,-120.988066,17,44.45,792.15,0,3522,1,0,1,1,0,1,0,0,0,0,1,0,0,0,1,0,0,0,1,0,0,1,0,0,1,0,0
39.203817,-121.19584,6,49.15,295.65,0,4076,1,0,1,1,1,0,0,0,0,0,1,0,0,0,0,0,0,0,0,0,0,0,0,1,0,1,0
40.160386,-120.835428,51,29.45,1459.35,0,6285,1,1,1,0,0,1,0,0,0,0,0,0,1,0,0,0,0,0,0,0,0,0,0,1,1,0,0
39.099204,-121.137962,49,85.3,4297.95,0,4696,1,0,1,0,1,0,0,1,0,0,0,0,1,0,0,0,0,0,1,0,0,0,0,1,1,0,0
39.732767,-122.042298,59,69.1,4096.9,0,4765,1,0,1,0,1,0,1,0,0,0,1,0,0,0,0,0,1,0,0,0,1,1,0,1,0,0,1
39.258746,-121.77697,50,70.35,3454.6,0,5596,1,1,0,0,1,0,1,0,0,0,1,0,1,0,0,0,0,0,1,0,0,0,0,1,0,0,0
39.933852,-121.584371,59,20.6,1286.0,0,6325,0,0,1,1,1,0,0,0,1,1,0,1,0,1,0,1,0,1,0,1,0,0,1,0,0,0,1
39.281194,-122.226568,18,74.15,1387.0,0,2643,1,0,0,0,1,0,1,1,0,0,0,0,0,0,0,0,0,0,0,0,0,0,0,0,0,0,1
39.937017,-121.058043,10,75.05,786.3,0,3399,1,0,0,0,1,0,1,1,0,0,0,0,0,0,0,0,0,0,0,0,0,0,0,0,0,1,0
39.068071,-121.832638,14,44.6,641.25,0,4612,1,0,1,0,1,0,0,0,0,0,0,0,0,0,0,0,0,0,0,0,0,1,0,0,0,1,0
39.333737,-120.858667,35,21.45,705.45,0,3967,1,0,0,0,1,0,0,0,1,1,0,1,0,1,0,1,0,1,0,1,0,0,1,0,0,0,0
39.423046,-120.984472,8,43.45,345.5,0,4184,1,0,1,1,1,0,0,0,0,0,0,0,0,0,0,0,0,0,0,0,0,1,0,1,0,0,1
39.082568,-121.55325,18,20.05,345.9,0,4458,1,0,1,1,1,0,0,0,1,1,0,1,0,1,0,1,0,1,0,1,0,1,0,0,0,0,0
39.342587,-121.249833,60,94.15,5811.8,0,6399,0,0,1,1,1,0,1,1,0,0,1,0,1,0,0,0,0,0,1,0,0,1,0,0,0,0,0
39.624561,-121.552866,6,19.55,124.45,0,5980,0,0,0,0,1,0,0,0,1,1,0,1,0,1,0,1,0,1,0,1,0,0,1,0,0,0,1
39.473896,-121.415927,19,75.9,1375.6,0,4198,0,0,0,1,1,0,1,0,0,0,1,0,1,0,0,0,1,0,1,0,0,0,0,1,0,0,1
39.435756,-121.552071,53,64.15,3491.55,0,5570,1,0,1,1,1,0,1,0,0,0,1,0,1,0,0,0,1,0,0,0,0,1,0,0,0,0,0
39.69676,-121.644379,72,109.55,7920.7,0,4086,1,1,1,0,1,0,1,1,0,0,1,0,1,0,1,0,0,0,1,0,1,0,1,1,0,0,0
39.424957,-122.039307,60,110.8,6640.7,0,5942,0,0,1,0,1,0,1,1,0,0,0,0,1,0,1,0,1,0,1,0,1,0,1,1,1,0,0
39.903272,-121.843567,13,53.45,718.1,0,4335,0,0,0,1,1,0,0,0,0,0,0,0,0,0,1,0,1,0,0,0,0,0,0,0,0,0,1
39.495768,-121.747472,5,69.95,320.4,0,3850,0,0,1,1,1,0,0,1,0,0,0,0,0,0,0,0,0,0,0,0,0,0,0,0,1,0,0
39.176595,-121.291692,13,97.0,1334.45,0,5282,1,0,1,1,1,0,0,1,0,0,0,0,0,0,1,0,0,0,1,0,1,0,0,0,0,1,0
39.904002,-121.527823,37,90.6,3358.65,0,2546,1,0,0,0,1,0,1,0,0,0,1,0,1,0,1,0,1,0,1,0,1,1,0,1,0,0,0
39.288127,-122.415841,64,73.55,4764.0,0,5018,1,0,1,0,1,0,0,1,0,0,1,0,0,0,0,0,0,0,0,0,0,0,0,1,0,0,1
39.172777,-121.805845,61,94.35,5703.0,0,4676,0,0,1,0,1,0,1,1,0,0,0,0,1,0,0,0,1,0,0,0,1,0,1,1,0,0,0
39.34128,-120.786867,26,19.4,525.55,0,4602,1,0,0,0,1,0,0,0,1,1,0,1,0,1,0,1,0,1,0,1,0,1,0,0,0,0,1
39.493991,-122.286363,24,19.75,483.15,0,3455,1,0,1,0,1,0,0,0,1,1,0,1,0,1,0,1,0,1,0,1,0,0,1,0,0,0,1
39.02741,-121.614982,17,54.6,934.8,0,4590,1,0,1,0,0,1,0,0,0,0,0,0,0,0,1,0,1,0,1,0,1,1,0,0,0,1,0
39.075694,-121.70606,26,29.8,786.5,0,3746,0,0,0,1,0,1,0,0,0,0,0,0,0,0,1,0,0,0,0,0,0,0,0,1,0,0,1
40.677649,-122.29467,52,103.05,5364.8,0,5432,1,0,0,0,1,0,1,1,0,0,0,0,1,0,1,0,0,0,1,0,1,0,0,1,0,1,0
40.448632,-122.306657,1,20.3,20.3,0,5203,1,0,0,0,1,0,0,0,1,1,0,1,0,1,0,1,0,1,0,1,0,0,0,0,0,0,1
40.722733,-122.109666,21,35.1,770.4,0,2991,0,0,0,0,0,1,0,0,0,0,1,0,0,0,0,0,1,0,0,0,0,0,1,0,0,0,1
41.083464,-121.107929,67,105.7,6816.95,0,5027,0,0,1,0,1,0,1,1,0,0,0,0,1,0,1,0,0,0,1,0,1,1,0,1,0,0,0
40.775272,-123.287414,44,56.25,2419.55,0,3918,0,0,1,1,1,0,0,0,0,0,1,0,0,0,0,0,1,0,0,0,0,0,0,0,0,0,0
41.096569,-121.879082,70,60.35,4138.7,0,4122,1,0,1,1,0,1,0,0,0,0,0,0,1,0,1,0,1,0,1,0,1,1,0,0,0,1,0
41.388397,-122.794636,56,59.8,3457.45,0,4964,1,0,1,1,1,0,0,0,0,0,1,0,1,0,1,0,0,0,0,0,0,0,1,1,0,0,0
40.243494,-121.154733,46,99.65,4630.2,0,4736,0,0,1,1,1,0,1,1,0,0,1,0,0,0,1,0,1,0,0,0,1,0,1,0,0,0,1
39.913777,-122.289984,63,50.65,3221.25,0,4847,0,0,1,1,1,0,0,0,0,0,1,0,0,0,0,0,0,0,0,0,0,0,1,1,0,0,0
40.336392,-122.448533,11,60.9,688.5,0,2726,1,0,0,0,1,0,0,0,0,0,0,0,1,0,1,0,1,0,0,0,0,0,0,1,0,1,0
41.949216,-122.050062,15,59.65,867.1,0,3974,1,0,1,1,1,0,1,0,0,0,0,0,0,0,1,0,1,0,0,0,0,0,0,1,0,0,0
40.586588,-122.903677,72,64.7,4746.05,0,6075,1,0,1,0,0,1,0,0,0,0,1,0,1,0,1,0,1,0,1,0,1,0,1,1,0,1,0
41.017282,-121.468945,6,54.85,355.1,0,5729,0,0,1,1,1,0,0,0,0,0,0,0,0,0,0,0,0,0,1,0,0,0,0,0,0,1,0
41.232128,-123.194748,63,91.35,5764.7,0,4512,1,0,1,1,1,0,1,1,0,0,0,0,1,0,0,0,0,0,0,0,1,1,0,1,0,1,0
40.740138,-122.587476,18,25.1,428.45,0,3675,0,0,1,1,1,0,1,0,1,1,0,1,0,1,0,1,0,1,0,1,0,0,1,0,0,0,1
41.411315,-122.697236,43,34.0,1505.35,0,5409,0,0,1,0,0,1,0,0,0,0,1,0,0,0,0,0,1,0,0,0,0,0,0,0,0,0,0
40.03194,-122.176023,15,45.9,693.45,0,3572,0,0,0,0,0,1,0,0,0,0,1,0,1,0,1,0,1,0,0,0,0,1,0,0,0,0,1
41.599978,-122.539381,55,20.5,1177.95,0,5011,1,0,1,1,1,0,0,0,1,1,0,1,0,1,0,1,0,1,0,1,0,0,1,0,0,0,1
40.547857,-123.187265,70,20.35,1458.1,0,5748,1,0,1,1,1,0,0,0,1,1,0,1,0,1,0,1,0,1,0,1,0,0,1,0,1,0,0
40.648024,-123.465088,63,36.1,2298.9,0,5089,1,1,1,0,0,1,0,0,0,0,1,0,0,0,0,0,1,0,0,0,0,1,0,0,0,0,0
40.524535,-122.647172,25,65.8,1679.65,0,3962,0,0,0,0,1,0,0,0,0,0,0,0,1,0,0,0,1,0,0,0,1,0,0,1,0,0,0
40.913192,-123.06597,18,20.35,369.6,0,4713,0,1,0,0,1,0,0,0,1,1,0,1,0,1,0,1,0,1,0,1,0,1,0,0,0,0,0
41.816595,-122.948287,28,105.8,2998.0,0,4174,1,1,1,0,1,0,1,1,0,0,0,0,1,0,0,0,1,0,1,0,1,0,0,1,0,1,0
40.883853,-122.418258,53,96.75,5206.55,0,4766,0,1,0,0,1,0,0,1,0,0,1,0,1,0,0,0,1,0,0,0,1,1,0,1,0,0,1
41.280478,-121.160249,1,24.4,24.4,0,4570,1,0,0,0,0,1,0,0,0,0,0,0,0,0,0,0,0,0,0,0,0,0,0,0,0,0,1
41.251322,-122.105209,26,73.05,1959.5,0,2753,0,0,1,0,1,0,0,0,0,0,0,0,1,0,0,0,1,0,1,0,1,0,0,1,0,1,0
41.769709,-121.92063,34,64.35,2053.05,0,3445,0,0,0,0,1,0,0,0,0,0,1,0,1,0,0,0,0,0,0,0,1,1,0,0,0,1,0
40.426679,-121.850421,19,20.5,398.55,0,4855,0,0,0,1,1,0,0,0,1,1,0,1,0,1,0,1,0,1,0,1,0,0,1,0,0,0,1
40.531257,-122.148139,62,54.75,3425.35,0,5010,0,0,1,1,1,0,0,0,0,0,1,0,0,0,1,0,0,0,0,0,0,1,0,0,1,0,0
40.877552,-121.885884,24,51.15,1275.7,0,5796,1,0,0,0,1,0,0,0,0,0,1,0,0,0,0,0,0,0,0,0,0,0,0,1,0,1,0
41.33832,-122.290756,68,41.95,2965.75,0,5607,1,1,1,0,0,1,0,0,0,0,1,0,1,0,1,0,0,0,0,0,0,0,1,1,0,1,0
41.082472,-121.195215,31,54.35,1647.0,0,3615,1,0,1,1,1,0,0,0,0,0,0,0,0,0,1,0,1,0,0,0,0,0,0,0,0,0,1
40.582399,-122.195512,63,96.0,6109.75,0,5016,0,0,1,0,1,0,0,1,0,0,0,0,1,0,0,0,0,0,1,0,1,1,0,1,0,1,0
40.343213,-121.815412,61,61.45,3751.15,0,5063,0,0,1,1,0,1,0,0,0,0,0,0,1,0,1,0,1,0,1,0,1,0,1,1,0,0,0
40.186772,-122.388361,18,19.65,411.25,0,4695,1,0,0,0,1,0,0,0,1,1,0,1,0,1,0,1,0,1,0,1,0,1,0,0,0,0,1
40.923558,-122.059933,6,19.0,105.5,0,5518,0,0,1,1,1,0,0,0,1,1,0,1,0,1,0,1,0,1,0,1,0,1,0,0,1,0,0
41.737962,-123.07557,33,100.0,3320.6,0,4643,0,0,0,0,1,0,1,1,0,0,0,0,1,0,0,0,0,0,1,0,1,0,0,1,0,1,0
40.617614,-122.512861,56,98.7,5669.5,0,5141,0,0,1,0,1,0,0,1,0,0,0,0,0,0,1,0,1,0,1,0,1,0,0,1,0,1,0
40.497441,-121.827524,23,19.8,465.45,0,3058,1,0,0,1,1,0,0,0,1,1,0,1,0,1,0,1,0,1,0,1,0,1,0,0,0,0,1
40.021787,-122.127576,9,73.8,704.3,0,4895,1,0,0,0,1,0,0,1,0,0,0,0,0,0,1,0,0,0,0,0,0,0,0,1,0,1,0
40.759401,-122.939337,5,20.05,95.55,0,2483,1,0,0,0,1,0,0,0,1,1,0,1,0,1,0,1,0,1,0,1,0,0,0,0,1,0,0
41.465121,-122.380947,61,106.2,6375.2,0,6298,1,0,1,0,1,0,1,1,0,0,1,0,1,0,0,0,0,0,1,0,1,0,0,1,0,1,0
40.637105,-121.906949,70,116.55,8152.3,0,6116,1,0,1,1,1,0,1,1,0,0,1,0,1,0,1,0,1,0,1,0,1,0,1,1,1,0,0
41.764869,-122.671316,15,99.7,1566.75,0,4157,1,0,0,0,1,0,1,1,0,0,1,0,0,0,0,0,0,0,1,0,1,0,0,1,0,1,0
41.468877,-120.54229,8,19.7,130.25,0,5962,1,0,1,1,1,0,0,0,1,1,0,1,0,1,0,1,0,1,0,1,0,0,1,0,0,0,1
39.783747,-120.661032,8,19.5,162.15,0,3598,0,0,1,1,1,0,0,0,1,1,0,1,0,1,0,1,0,1,0,1,0,0,1,0,0,0,1
41.505916,-120.152505,4,29.15,110.05,0,2657,0,0,0,0,0,1,0,0,0,0,1,0,0,0,0,0,0,0,0,0,0,0,0,1,0,0,1
39.872961,-120.198876,34,55.0,1885.15,0,4027,0,0,0,0,1,0,0,0,0,0,1,0,1,0,0,0,0,0,0,0,0,1,0,0,0,0,1
39.745805,-120.580882,68,90.8,6302.85,0,4265,1,0,1,0,1,0,1,0,0,0,1,0,1,0,1,0,1,0,1,0,1,0,1,1,1,0,0
38.42528,-119.475741,45,51.0,2264.5,0,4534,0,0,1,1,0,1,0,0,0,0,0,0,1,0,1,0,1,0,0,0,1,1,0,0,0,0,0
41.750354,-120.403885,9,90.1,816.8,0,2893,0,1,0,0,1,0,1,1,0,0,0,0,0,0,1,0,0,0,1,0,0,0,0,1,0,1,0
40.012675,-120.101857,22,59.05,1253.5,0,3995,0,0,0,0,1,0,1,0,0,0,1,0,0,0,0,0,1,0,0,0,0,0,0,1,0,0,1
41.280341,-120.150381,2,20.3,41.2,0,5074,0,0,0,0,1,0,0,0,1,1,0,1,0,1,0,1,0,1,0,1,0,0,0,0,0,0,1
41.932207,-120.135941,70,72.95,5265.55,0,6466,1,0,1,0,1,0,1,0,0,0,0,0,1,0,1,0,1,0,1,0,0,0,1,0,0,0,0
40.198234,-120.18089,10,73.55,693.3,0,4434,0,0,0,1,1,0,1,0,0,0,1,0,0,0,1,0,1,0,0,0,1,1,0,0,1,0,0
40.294034,-120.512622,72,84.3,5997.1,0,6012,1,0,0,0,1,0,1,0,0,0,1,0,0,0,1,0,1,0,1,0,1,0,1,0,1,0,0
41.729079,-120.225025,49,78.0,3824.2,0,4200,0,0,1,1,1,0,0,0,0,0,0,0,1,0,1,0,0,0,1,0,1,1,0,0,1,0,0
41.266008,-120.490731,54,72.1,3886.05,0,4277,0,1,0,0,1,0,1,0,0,0,0,0,1,0,0,0,1,0,1,0,0,1,0,0,0,0,1
40.507272,-120.338228,71,106.75,7283.25,0,5610,0,0,0,0,1,0,1,1,0,0,1,0,1,0,1,0,0,0,1,0,1,0,1,1,1,0,0
39.637471,-120.226338,22,19.25,412.55,0,2691,0,0,0,0,1,0,0,0,1,1,0,1,0,1,0,1,0,1,0,1,0,1,0,1,0,0,1
41.042003,-120.506086,50,20.55,1070.25,0,4878,0,0,1,1,1,0,0,0,1,1,0,1,0,1,0,1,0,1,0,1,0,0,1,0,1,0,0
38.735789,-119.85798,43,20.0,817.95,0,4882,0,0,1,1,1,0,0,0,1,1,0,1,0,1,0,1,0,1,0,1,0,1,0,0,0,0,1
40.181279,-120.392967,45,24.65,1171.3,0,2194,0,0,1,1,1,0,1,0,1,1,0,1,0,1,0,1,0,1,0,1,0,0,1,1,1,0,0
39.786755,-120.445626,64,103.5,6548.65,0,5125,1,1,0,0,1,0,1,1,0,0,1,0,1,0,0,0,0,0,1,0,1,0,0,1,0,0,0
40.845738,-120.322219,23,23.85,625.65,0,5945,0,0,1,1,1,0,1,0,1,1,0,1,0,1,0,1,0,1,0,1,0,0,1,0,0,0,1
39.672813,-120.456699,68,25.8,1911.5,0,4747,0,0,1,0,1,0,1,0,1,1,0,1,0,1,0,1,0,1,0,1,0,0,1,0,1,0,0
40.346634,-120.386422,26,59.45,1507.0,0,2074,1,0,0,0,1,0,0,0,0,0,0,0,0,0,0,0,1,0,1,0,0,1,0,0,1,0,0
41.027281,-120.669427,14,20.05,299.3,0,5728,1,0,0,0,1,0,0,0,1,1,0,1,0,1,0,1,0,1,0,1,0,0,0,1,0,1,0
38.636052,-119.489162,71,82.55,5832.65,0,4668,1,0,1,0,1,0,0,0,0,0,1,0,0,0,1,0,1,0,1,0,1,0,1,1,0,1,0
41.813521,-121.492666,64,81.25,5567.55,0,4761,1,0,0,0,1,0,1,0,0,0,1,0,1,0,1,0,1,0,1,0,0,1,0,0,0,1,0
40.271535,-121.018087,57,74.3,4166.35,0,5741,0,0,0,0,1,0,0,0,0,0,1,0,1,0,1,0,1,0,1,0,0,0,1,1,1,0,0
39.061227,-120.179546,72,109.7,7898.45,0,4319,1,1,1,0,1,0,1,1,0,0,0,0,1,0,1,0,1,0,1,0,1,0,1,0,1,0,0
39.246654,-120.029273,40,96.35,3915.4,0,2004,0,0,1,1,1,0,1,1,0,0,0,0,1,0,1,0,0,0,1,0,0,0,0,1,1,0,0
39.178337,-120.162806,14,66.6,979.5,0,3516,1,0,1,0,1,0,1,0,0,0,0,0,0,0,0,0,1,0,1,0,0,0,0,1,1,0,0
39.191797,-120.212401,2,44.5,90.05,0,5456,1,0,1,1,1,0,0,0,0,0,0,0,0,0,0,0,0,0,0,0,0,0,0,1,0,1,0
33.964131,-118.272783,5,80.1,398.55,0,5225,1,0,0,0,1,0,0,1,0,0,0,0,0,0,0,0,0,0,1,0,0,0,0,1,0,0,1
34.076259,-118.310715,29,69.05,1958.45,0,4459,1,0,1,1,1,0,1,0,0,0,1,0,0,0,0,0,1,0,1,0,0,1,0,0,0,0,0
34.048013,-118.293953,3,20.4,63.15,0,5695,0,0,0,0,1,0,0,0,1,1,0,1,0,1,0,1,0,1,0,1,0,0,0,0,0,0,1
34.027337,-118.28515,71,19.7,1301.1,0,4808,1,0,1,1,1,0,0,0,1,1,0,1,0,1,0,1,0,1,0,1,0,0,1,0,1,0,0
34.008293,-118.346766,9,50.1,484.05,0,4738,1,0,0,1,1,0,0,0,0,0,0,0,1,0,0,0,0,0,0,0,0,0,0,1,0,1,0
34.00709,-118.258681,48,83.45,3887.85,0,4250,0,0,0,0,1,0,1,0,0,0,1,0,1,0,1,0,0,0,1,0,1,1,0,1,1,0,0
34.065875,-118.238728,26,86.65,2208.75,0,4469,1,0,0,0,1,0,1,1,0,0,1,0,1,0,0,0,0,0,0,0,0,0,0,1,1,0,0
34.044639,-118.240413,9,20.15,238.15,0,3772,0,0,0,0,1,0,0,0,1,1,0,1,0,1,0,1,0,1,0,1,0,0,0,0,0,0,0
34.039224,-118.266293,46,19.4,958.15,0,4630,0,0,1,1,1,0,0,0,1,1,0,1,0,1,0,1,0,1,0,1,0,0,1,0,1,0,0
34.028735,-118.317236,64,60.05,3845.45,0,4120,1,0,1,1,0,1,0,0,0,0,1,0,0,0,1,0,1,0,1,0,1,0,1,1,0,0,0
34.029043,-118.239504,59,20.35,1267.0,0,5757,0,0,1,0,1,0,0,0,1,1,0,1,0,1,0,1,0,1,0,1,0,1,0,0,0,0,1
34.02381,-118.156582,7,94.05,633.45,0,5545,0,0,0,0,1,0,0,1,0,0,0,0,1,0,0,0,0,0,1,0,1,1,0,1,0,0,1
34.017697,-118.200577,72,84.1,6129.65,0,4999,0,1,1,0,1,0,1,0,0,0,1,0,1,0,1,0,0,0,1,0,1,0,1,1,1,0,0
34.066303,-118.435479,16,78.75,1218.25,0,4351,1,1,0,0,1,0,0,1,0,0,0,0,0,0,0,0,0,0,0,0,1,0,0,1,0,1,0
34.046174,-118.446333,25,55.55,1405.3,0,2950,1,0,1,0,1,0,1,0,0,0,0,0,0,0,1,0,0,0,0,0,0,0,0,0,1,0,0
34.089953,-118.294824,24,20.1,533.9,0,5689,1,0,1,0,1,0,0,0,1,1,0,1,0,1,0,1,0,1,0,1,0,1,0,0,0,0,1
34.085807,-118.206617,10,70.3,676.15,0,5496,0,0,1,1,1,0,1,0,0,0,1,0,1,0,0,0,0,0,1,0,0,1,0,0,0,1,0
34.078821,-118.177576,69,53.65,3804.4,0,6092,1,0,1,0,1,0,0,0,0,0,1,0,1,0,0,0,0,0,0,0,0,1,0,1,1,0,0
34.050198,-118.210946,57,20.75,1118.8,0,6271,1,0,0,0,1,0,0,0,1,1,0,1,0,1,0,1,0,1,0,1,0,0,1,0,0,0,1
34.030578,-118.399613,50,103.4,5236.4,0,5437,1,0,1,1,1,0,0,1,0,0,0,0,1,0,1,0,1,0,1,0,1,1,0,1,0,0,0
34.051809,-118.383843,28,50.8,1386.8,0,3240,1,0,1,1,0,1,0,0,0,0,1,0,0,0,1,0,1,0,1,0,0,1,0,0,0,0,1
34.002642,-118.287596,25,79.0,1902.0,0,5263,1,0,0,0,1,0,0,0,0,0,1,0,1,0,0,0,1,0,1,0,1,0,0,1,0,0,1
34.088017,-118.327168,3,74.6,239.05,0,3711,0,1,1,0,1,0,0,1,0,0,0,0,1,0,0,0,0,0,0,0,0,0,0,1,0,0,0
34.110845,-118.259595,61,96.5,5673.7,0,5926,1,0,1,0,1,0,1,1,0,0,0,0,0,0,0,0,0,0,1,0,1,1,0,1,0,0,0
33.994524,-118.149953,2,20.1,39.8,0,2051,0,0,0,0,1,0,0,0,1,1,0,1,0,1,0,1,0,1,0,1,0,0,0,0,0,0,1
34.137412,-118.207607,51,19.4,997.75,0,4025,1,0,1,1,1,0,0,0,1,1,0,1,0,1,0,1,0,1,0,1,0,1,0,0,0,0,1
34.11572,-118.192754,71,77.55,5574.35,0,5097,0,0,1,1,1,0,0,0,0,0,1,0,0,0,1,0,0,0,1,0,1,0,1,0,1,0,0
33.988543,-118.334081,20,20.05,406.05,0,2698,0,0,1,1,1,0,0,0,1,1,0,1,0,1,0,1,0,1,0,1,0,0,0,0,0,0,1
33.952714,-118.292061,6,19.85,138.85,0,2186,1,0,1,1,1,0,0,0,1,1,0,1,0,1,0,1,0,1,0,1,0,0,0,0,1,0,0
33.954017,-118.402447,6,20.2,123.65,0,5029,0,0,0,0,1,0,0,0,1,1,0,1,0,1,0,1,0,1,0,1,0,0,0,0,0,0,1
34.108455,-118.362081,29,67.45,1801.1,0,3152,0,0,0,0,1,0,1,0,0,0,1,0,1,0,0,0,1,0,0,0,0,0,0,0,0,0,1
33.958149,-118.308441,36,18.55,689.0,0,5703,1,0,0,0,1,0,0,0,1,1,0,1,0,1,0,1,0,1,0,1,0,0,1,1,1,0,0
34.072945,-118.37267,28,29.75,790.7,0,5463,0,0,0,0,0,1,0,0,0,0,0,0,0,0,1,0,0,0,0,0,0,0,0,1,0,0,1
33.987945,-118.370442,63,24.2,1618.2,0,4948,0,0,0,0,1,0,1,0,1,1,0,1,0,1,0,1,0,1,0,1,0,0,1,0,0,0,1
34.061918,-118.277939,48,23.55,1173.35,0,5019,1,0,1,1,1,0,1,0,1,1,0,1,0,1,0,1,0,1,0,1,0,0,1,0,0,0,1
34.001617,-118.222274,49,20.45,900.9,0,6061,0,0,1,0,1,0,0,0,1,1,0,1,0,1,0,1,0,1,0,1,0,1,0,0,0,0,0
33.92128,-118.274186,72,92.3,6719.9,0,5136,1,0,1,0,1,0,1,0,0,0,1,0,1,0,1,0,1,0,1,0,1,0,1,0,1,0,0
34.044271,-118.185237,72,53.65,3784.0,0,5498,0,0,1,1,0,1,0,0,0,0,0,0,1,0,0,0,1,0,1,0,1,0,1,0,1,0,0
34.037251,-118.423573,47,39.65,1798.65,0,4670,0,0,0,0,0,1,0,0,0,0,1,0,1,0,0,0,1,0,0,0,0,1,0,0,1,0,0
34.108833,-118.229715,1,54.65,54.65,0,5882,0,0,0,0,1,0,0,0,0,0,0,0,0,0,0,0,0,0,1,0,0,0,0,1,0,1,0
34.002028,-118.430656,36,104.8,3886.45,0,5319,0,0,0,0,1,0,1,1,0,0,0,0,1,0,1,0,0,0,1,0,1,1,0,1,0,0,0
34.057496,-118.413959,43,29.3,1224.05,0,4741,1,0,1,1,0,1,0,0,0,0,0,0,1,0,0,0,0,0,0,0,0,0,0,0,1,0,0
34.137411,-118.328915,27,83.85,2310.2,0,5907,0,1,1,0,1,0,1,0,0,0,0,0,1,0,1,0,1,0,1,0,1,0,0,0,0,1,0
34.052917,-118.255178,38,103.65,3988.5,0,2511,0,0,0,0,1,0,1,1,0,0,0,0,0,0,1,0,1,0,1,0,1,0,0,1,0,1,0
34.102084,-118.451629,35,99.05,3554.6,0,3484,0,1,0,0,1,0,1,1,0,0,1,0,0,0,0,0,0,0,1,0,1,0,0,1,0,1,0
33.970343,-118.171368,0,73.35,1397.475,0,2342,0,0,1,1,1,0,1,0,0,0,0,0,1,0,1,0,1,0,1,0,0,0,1,0,0,0,1
34.099891,-118.414338,59,100.05,6034.85,0,4521,0,0,1,0,1,0,0,1,0,0,0,0,1,0,0,0,1,0,1,0,1,0,1,1,0,0,1
34.063947,-118.383001,27,20.35,531.6,0,4962,1,0,0,0,1,0,0,0,1,1,0,1,0,1,0,1,0,1,0,1,0,0,1,0,1,0,0
34.062095,-118.401508,2,43.95,85.1,0,4057,0,1,0,0,1,0,0,0,0,0,0,0,0,0,0,0,0,0,0,0,0,0,0,0,0,1,0
33.88151,-118.234451,7,23.5,173.0,0,5508,1,0,0,0,1,0,1,0,1,1,0,1,0,1,0,1,0,1,0,1,0,0,0,0,0,0,1
33.885811,-118.206459,36,70.7,2511.95,0,3566,0,0,0,0,1,0,1,0,0,0,0,0,1,0,0,0,1,0,0,0,1,1,0,1,0,0,1
33.912246,-118.236773,41,94.3,3893.6,0,2196,0,0,1,1,1,0,1,1,0,0,1,0,1,0,0,0,0,0,1,0,0,0,0,1,0,0,0
33.993991,-118.39704,13,29.15,357.15,0,2876,0,0,0,0,0,1,0,0,0,0,0,0,1,0,0,0,0,0,0,0,0,0,0,0,0,1,0
34.019323,-118.391902,19,20.85,467.5,0,2654,1,0,0,1,1,0,0,0,1,1,0,1,0,1,0,1,0,1,0,1,0,0,1,0,1,0,0
33.956228,-118.120993,60,37.7,2288.7,0,5148,0,0,1,0,0,1,0,0,0,0,1,0,1,0,0,0,1,0,0,0,0,0,1,0,0,0,0
33.917145,-118.401554,69,92.45,6460.55,0,4452,1,0,1,0,1,0,1,1,0,0,0,0,1,0,0,0,1,0,1,0,0,0,1,1,0,0,1
33.890853,-118.297967,43,44.15,1931.3,0,2522,1,0,0,0,0,1,0,0,0,0,0,0,0,0,1,0,1,0,0,0,1,1,0,0,0,1,0
33.876482,-118.284077,11,36.05,402.6,0,4265,0,0,0,1,0,1,0,0,0,0,1,0,0,0,0,0,1,0,0,0,0,1,0,1,0,0,1
33.90139,-118.315697,45,50.25,2221.55,0,2036,0,0,1,0,1,0,0,0,0,0,0,0,0,0,1,0,0,0,0,0,0,0,0,1,1,0,0
33.914775,-118.348083,72,109.75,7758.9,0,5791,1,0,1,0,1,0,1,1,0,0,0,0,1,0,1,0,1,0,1,0,1,0,1,1,1,0,0
33.97803,-118.217141,12,20.3,224.5,0,5190,0,0,1,1,1,0,0,0,1,1,0,1,0,1,0,1,0,1,0,1,0,0,1,0,0,0,0
33.88856,-118.351813,67,112.35,7388.45,0,5427,0,0,1,1,1,0,1,1,0,0,0,0,1,0,1,0,1,0,1,0,1,1,0,1,1,0,0
33.923573,-118.200669,37,94.3,3460.95,0,2615,1,0,1,0,1,0,1,1,0,0,0,0,0,0,1,0,1,0,1,0,0,0,1,0,0,0,1
34.037037,-118.705803,39,41.15,1700.9,0,3445,0,0,0,0,0,1,0,0,0,0,1,0,1,0,0,0,1,0,0,0,0,1,0,0,0,0,0
34.074572,-118.831181,41,74.65,3090.65,0,3859,0,0,0,0,1,0,1,0,0,0,1,0,0,0,1,0,1,0,0,0,1,0,0,1,0,0,0
33.889632,-118.39737,25,48.25,1293.8,0,4284,0,0,0,0,0,1,0,0,0,0,0,0,0,0,1,0,0,0,1,0,1,0,0,1,0,1,0
33.988572,-118.186565,8,76.15,645.8,0,4457,1,0,1,1,1,0,1,0,0,0,1,0,1,0,0,0,1,0,0,0,1,0,1,1,1,0,0
34.079449,-118.548306,71,71.1,5224.95,0,6090,0,0,1,1,1,0,1,0,0,0,1,0,1,0,1,0,1,0,0,0,0,0,1,0,0,0,1
33.788208,-118.404955,5,96.55,500.1,0,3787,1,0,0,0,1,0,1,1,0,0,0,0,1,0,1,0,0,0,0,0,1,0,0,0,0,1,0
33.753146,-118.367459,30,79.3,2427.1,0,2655,0,0,0,0,1,0,1,0,0,0,1,0,0,0,1,0,0,0,1,0,1,1,0,1,1,0,0
33.830453,-118.384565,40,89.6,3488.15,0,2524,1,0,0,0,1,0,0,1,0,0,0,0,1,0,0,0,1,0,0,0,1,1,0,1,1,0,0
33.873395,-118.37019,54,20.5,1035.7,0,5946,0,0,0,0,1,0,0,0,1,1,0,1,0,1,0,1,0,1,0,1,0,0,1,1,0,0,1
33.944624,-118.192615,72,106.3,7565.35,0,4634,1,0,1,0,1,0,1,1,0,0,0,0,1,0,1,0,0,0,1,0,1,0,1,1,0,0,0
34.115192,-118.61017,28,100.35,2799.0,0,3411,1,0,1,1,1,0,0,1,0,0,0,0,1,0,1,0,0,0,1,0,1,1,0,0,0,0,0
33.991782,-118.479229,18,85.6,1601.5,0,5968,1,0,1,1,1,0,0,1,0,0,0,0,0,0,0,0,1,0,0,0,1,0,0,1,0,1,0
33.947305,-118.439841,59,106.15,6256.2,0,5096,0,0,1,1,1,0,1,1,0,0,0,0,1,0,1,0,0,0,1,0,1,1,0,1,0,1,0
33.956445,-118.358634,22,51.1,1232.9,0,5329,1,0,1,1,1,0,0,0,0,0,0,0,0,0,0,0,1,0,0,0,0,0,0,1,0,1,0
33.975332,-118.355252,1,19.9,19.9,0,4050,0,0,0,0,1,0,0,0,1,1,0,1,0,1,0,1,0,1,0,1,0,0,0,0,0,0,1
33.936291,-118.332639,72,25.7,1937.4,0,5079,0,1,1,0,1,0,1,0,1,1,0,1,0,1,0,1,0,1,0,1,0,0,1,1,1,0,0
33.958134,-118.330905,50,99.4,5059.75,0,6479,1,0,1,0,1,0,1,1,0,0,0,0,0,0,0,0,1,0,1,0,1,1,0,0,0,1,0
34.015481,-118.493231,48,69.7,3023.65,0,3442,0,0,1,1,1,0,0,0,0,0,1,0,0,0,1,0,1,0,1,0,0,1,0,0,0,0,0
34.035849,-118.503508,49,98.35,4889.2,0,4325,0,0,1,1,1,0,1,1,0,0,0,0,1,0,0,0,0,0,1,0,1,0,0,1,0,1,0
34.031529,-118.491156,28,85.45,2289.9,0,4022,1,0,1,1,1,0,0,1,0,0,0,0,0,0,1,0,0,0,1,0,0,0,0,0,0,1,0
34.026334,-118.474222,68,95.9,6503.2,0,5080,1,1,0,0,1,0,1,1,0,0,0,0,1,0,1,0,0,0,0,0,1,0,0,1,0,1,0
34.005439,-118.477507,13,100.75,1313.25,0,5985,1,0,0,0,1,0,1,1,0,0,0,0,0,0,0,0,1,0,1,0,1,0,0,0,0,1,0
33.833699,-118.314387,11,89.2,990.3,0,3734,0,0,0,0,1,0,1,1,0,0,0,0,0,0,1,0,0,0,1,0,0,0,0,1,0,1,0
33.807882,-118.347957,72,25.75,1864.2,0,4413,1,0,1,0,1,0,1,0,1,1,0,1,0,1,0,1,0,1,0,1,0,0,1,0,1,0,0
34.007353,-118.033683,70,84.1,5979.7,0,5568,1,0,1,1,1,0,1,0,0,0,0,0,1,0,1,0,1,0,1,0,1,0,1,1,0,1,0
33.972119,-118.020188,49,79.3,3902.45,0,6366,0,0,1,1,1,0,1,0,0,0,0,0,1,0,0,0,1,0,1,0,1,0,1,0,0,0,0
33.945318,-117.992066,67,107.05,7142.5,0,4126,0,1,1,0,1,0,1,1,0,0,1,0,0,0,1,0,0,0,1,0,1,1,0,1,1,0,0
33.929704,-118.01208,46,20.05,902.0,0,2942,1,0,0,0,1,0,0,0,1,1,0,1,0,1,0,1,0,1,0,1,0,0,1,0,0,0,0
33.976678,-118.065875,37,19.5,805.2,0,3924,0,0,1,0,1,0,0,0,1,1,0,1,0,1,0,1,0,1,0,1,0,0,0,0,0,0,0
33.874224,-117.993368,13,45.3,528.45,0,4118,0,1,1,0,0,1,0,0,0,0,0,0,0,0,0,0,0,0,1,0,1,0,0,0,0,1,0
33.850504,-118.039892,72,115.15,8349.7,0,4761,0,0,1,0,1,0,1,1,0,0,1,0,1,0,1,0,1,0,1,0,1,0,1,0,0,1,0
33.818477,-118.038307,68,72.95,4953.25,0,4499,1,0,1,1,1,0,0,0,0,0,0,0,0,0,1,0,1,0,1,0,1,0,1,1,0,0,0
33.940619,-117.9513,15,19.65,332.65,0,5928,1,0,1,1,1,0,0,0,1,1,0,1,0,1,0,1,0,1,0,1,0,1,0,0,0,0,1
33.902045,-118.008961,24,19.55,470.2,0,2511,0,0,0,0,1,0,0,0,1,1,0,1,0,1,0,1,0,1,0,1,0,0,1,1,0,0,0
34.015217,-118.109962,24,89.55,2259.35,0,5352,0,0,0,0,1,0,1,1,0,0,0,0,0,0,0,0,1,0,0,0,1,0,0,1,0,1,0
33.905963,-118.08263,27,50.35,1411.35,0,5578,1,0,0,0,1,0,0,0,0,0,1,0,0,0,0,0,0,0,0,0,0,0,0,0,0,0,1
33.933565,-118.062611,71,87.25,6328.7,0,4135,0,0,1,1,1,0,0,0,0,0,1,0,1,0,1,0,1,0,1,0,1,0,1,0,1,0,0
33.801869,-117.995068,67,20.8,1411.9,0,5626,1,0,1,1,1,0,0,0,1,1,0,1,0,1,0,1,0,1,0,1,0,0,1,1,0,0,1
33.867593,-118.080637,63,109.25,6841.4,0,5700,0,0,1,0,1,0,1,1,0,0,0,0,1,0,1,0,1,0,1,0,1,0,1,1,0,0,0
33.8681,-118.067402,1,20.35,20.35,0,2648,1,0,0,0,1,0,0,0,1,1,0,1,0,1,0,1,0,1,0,1,0,0,0,0,0,0,1
33.391181,-118.421305,4,55.9,238.5,0,3545,1,0,0,0,1,0,0,0,0,0,0,0,0,0,0,0,0,0,0,0,1,0,0,1,0,1,0
33.840524,-118.148403,52,79.2,4016.3,0,4509,1,0,1,1,1,0,0,0,0,0,1,0,1,0,1,0,0,0,1,0,1,0,1,0,0,1,0
33.847755,-118.112532,10,24.0,226.55,0,5299,1,0,0,0,1,0,1,0,1,1,0,1,0,1,0,1,0,1,0,1,0,0,0,1,0,1,0
33.841027,-118.078097,68,101.35,7110.75,0,4941,1,0,0,0,1,0,1,1,0,0,1,0,1,0,1,0,0,0,1,0,0,1,0,0,0,0,0
33.79499,-118.065591,52,35.45,1958.95,0,5509,0,0,1,0,0,1,0,0,0,0,1,0,0,0,1,0,0,0,0,0,0,1,0,0,0,0,1
33.736387,-118.284363,70,79.4,5528.9,0,5991,1,0,1,0,1,0,1,0,0,0,1,0,1,0,1,0,1,0,1,0,0,1,0,0,0,0,0
33.744119,-118.31448,43,35.2,1463.7,0,5268,1,0,0,0,0,1,0,0,0,0,1,0,0,0,1,0,0,0,0,0,0,1,0,1,1,0,0
33.75462,-118.071128,52,19.65,1025.05,0,5157,1,0,0,0,1,0,0,0,1,1,0,1,0,1,0,1,0,1,0,1,0,0,1,0,0,0,1
33.719221,-118.073596,12,49.85,552.1,0,3100,0,0,0,0,0,1,0,0,0,0,1,0,0,0,1,0,1,0,0,0,1,0,1,0,0,0,1
33.728273,-118.085304,56,68.75,3815.4,0,6494,0,0,1,1,1,0,1,0,0,0,1,0,1,0,0,0,0,0,0,0,1,1,0,0,0,0,0
33.782068,-118.262263,0,61.9,1397.475,0,5188,1,0,0,1,1,0,1,0,0,0,1,0,1,0,0,0,1,0,0,0,0,0,1,1,0,0,0
33.822295,-118.26411,42,79.9,3313.4,0,2583,1,0,0,0,1,0,1,1,0,0,0,0,0,0,1,0,0,0,0,0,0,0,0,0,0,1,0
33.859171,-118.252272,22,89.75,1938.9,0,4180,1,1,1,0,1,0,0,1,0,0,0,0,0,0,0,0,0,0,1,0,1,0,0,1,0,0,0
33.760458,-118.129725,27,19.4,460.25,0,5975,1,0,0,0,1,0,0,0,1,1,0,1,0,1,0,1,0,1,0,1,0,0,0,1,1,0,0
33.783047,-118.1486,51,93.65,4839.15,0,4163,1,1,1,0,1,0,1,1,0,0,1,0,0,0,1,0,0,0,0,0,1,1,0,1,0,0,0
33.802664,-118.179971,1,19.9,19.9,0,4590,1,0,0,0,1,0,0,0,1,1,0,1,0,1,0,1,0,1,0,1,0,0,0,1,0,0,1
33.823943,-118.111335,71,72.9,5139.65,0,6404,1,1,1,1,1,0,1,0,0,0,0,0,1,0,1,0,1,0,0,0,1,1,0,1,0,0,0
33.781086,-118.199049,69,25.6,1673.4,0,6053,0,0,1,1,1,0,1,0,1,1,0,1,0,1,0,1,0,1,0,1,0,0,1,1,0,0,0
33.771612,-118.143866,14,19.75,309.35,0,3958,1,0,1,1,1,0,0,0,1,1,0,1,0,1,0,1,0,1,0,1,0,1,0,0,0,0,1
33.797638,-118.11662,57,55.7,3171.6,0,4607,1,0,1,0,1,0,0,0,0,0,1,0,0,0,0,0,1,0,0,0,0,0,0,0,0,1,0
33.778436,-118.118648,72,117.5,8670.1,0,6009,0,0,1,1,1,0,1,1,0,0,1,0,1,0,1,0,1,0,1,0,1,0,1,0,1,0,0
34.196837,-118.142236,48,19.85,916.0,0,3779,1,0,0,0,1,0,0,0,1,1,0,1,0,1,0,1,0,1,0,1,0,0,1,0,1,0,0
34.137319,-118.029837,4,78.9,299.75,0,5775,0,0,1,1,1,0,0,1,0,0,0,0,0,0,0,0,0,0,1,0,0,0,0,1,0,0,1
34.128284,-118.047732,31,20.65,702.05,0,2990,1,0,1,1,1,0,0,0,1,1,0,1,0,1,0,1,0,1,0,1,0,0,0,1,0,1,0
34.1528,-118.000482,1,19.65,19.65,0,5454,0,0,0,0,1,0,0,0,1,1,0,1,0,1,0,1,0,1,0,1,0,0,0,0,0,0,1
34.2112,-118.230625,57,79.75,4438.2,0,5371,1,1,0,0,1,0,1,0,0,0,0,0,1,0,1,0,0,0,1,0,1,0,1,1,0,0,0
34.168686,-118.057505,62,79.95,4819.75,0,6488,0,1,1,0,1,0,0,0,0,0,1,0,0,0,1,0,1,0,1,0,1,0,1,1,1,0,0
34.110444,-118.156957,3,29.9,92.25,0,4416,1,0,1,0,0,1,0,0,0,0,0,0,0,0,0,0,1,0,0,0,0,0,0,1,0,1,0
34.282704,-118.312929,72,19.75,1567.0,0,5478,0,0,0,1,1,0,0,0,1,1,0,1,0,1,0,1,0,1,0,1,0,0,1,1,0,0,1
34.296574,-118.244839,29,45.0,1242.45,0,3290,1,0,0,1,0,1,0,0,0,0,1,0,1,0,1,0,1,0,0,0,0,0,0,1,0,0,1
34.146635,-118.139225,13,44.8,559.2,0,4680,1,0,1,1,1,0,0,0,0,0,0,0,0,0,0,0,0,0,0,0,0,0,0,0,0,0,0
34.165383,-118.123752,11,51.1,531.15,0,4467,0,0,0,0,1,0,0,0,0,0,0,0,1,0,0,0,0,0,0,0,0,0,0,0,0,1,0
34.13946,-118.166649,21,53.15,1183.2,0,3461,0,0,0,1,0,1,0,0,0,0,1,0,1,0,1,0,1,0,1,0,0,0,1,0,0,0,1
34.139402,-118.128658,19,24.7,465.85,0,3612,0,0,0,0,1,0,1,0,1,1,0,1,0,1,0,1,0,1,0,1,0,0,0,0,0,0,0
34.17051,-118.289463,35,109.95,3782.4,0,5721,1,0,1,1,1,0,1,1,0,0,0,0,1,0,1,0,1,0,1,0,1,0,0,1,0,1,0
34.167926,-118.267539,25,20.8,460.2,0,3274,1,0,0,1,1,0,0,0,1,1,0,1,0,1,0,1,0,1,0,1,0,0,0,0,0,0,1
34.136306,-118.26036,67,25.6,1790.35,0,5183,0,0,0,0,1,0,1,0,1,1,0,1,0,1,0,1,0,1,0,1,0,0,1,1,0,0,0
34.182378,-118.262922,72,108.4,7767.25,0,4419,1,0,1,1,1,0,1,1,0,0,1,0,1,0,1,0,0,0,1,0,1,0,1,1,1,0,0
34.195386,-118.238508,43,19.55,876.15,0,4871,1,0,0,0,1,0,0,0,1,1,0,1,0,1,0,1,0,1,0,1,0,0,1,0,0,0,1
34.239636,-118.245259,55,85.1,4600.95,0,4026,0,0,1,1,1,0,1,1,0,0,1,0,1,0,0,0,0,0,0,0,0,0,0,1,0,1,0
34.130861,-118.68346,27,69.05,1793.25,0,3241,1,0,0,0,1,0,0,1,0,0,0,0,0,0,0,0,0,0,0,0,0,0,0,1,0,0,1
34.19829,-118.602203,13,70.15,886.7,0,2992,0,0,0,0,1,0,0,1,0,0,0,0,0,0,0,0,0,0,0,0,0,0,0,1,0,0,1
34.224377,-118.632656,70,111.15,7737.55,0,4240,0,0,0,0,1,0,1,1,0,0,1,0,1,0,1,0,0,0,1,0,1,0,1,1,0,0,1
34.199787,-118.68493,19,89.35,1686.85,0,4473,0,0,1,1,1,0,1,1,0,0,0,0,0,0,0,0,1,0,0,0,1,1,0,1,0,0,0
34.294142,-118.603883,20,89.1,1879.25,0,3027,0,0,0,0,1,0,1,1,0,0,1,0,0,0,0,0,0,0,1,0,0,0,0,1,0,0,0
34.150354,-118.518292,43,91.25,4013.8,0,5884,1,0,1,1,1,0,1,1,0,0,1,0,0,0,1,0,1,0,0,0,0,1,0,1,1,0,0
34.172071,-118.946262,5,90.35,434.5,0,4014,1,0,1,1,1,0,0,1,0,0,1,0,0,0,1,0,0,0,0,0,1,0,0,1,0,0,1
34.370378,-118.504118,70,105.55,7195.35,0,4605,0,1,1,0,1,0,1,1,0,0,0,0,1,0,0,0,1,0,1,0,1,1,0,1,0,0,0
34.238208,-118.55029,40,19.1,780.1,0,2056,0,0,1,0,1,0,0,0,1,1,0,1,0,1,0,1,0,1,0,1,0,0,1,0,0,0,1
34.236683,-118.517588,6,20.4,107.6,0,4628,1,0,1,1,1,0,0,0,1,1,0,1,0,1,0,1,0,1,0,1,0,0,1,1,1,0,0
34.281911,-118.556218,39,100.45,3801.7,0,2698,1,0,0,0,1,0,0,1,0,0,1,0,0,0,1,0,0,0,1,0,1,0,1,1,0,1,0
34.321621,-118.399841,45,85.7,3778.1,0,5397,0,1,0,0,1,0,0,1,0,0,1,0,1,0,0,0,1,0,0,0,0,0,0,1,0,0,0
34.291273,-118.505104,57,94.0,5438.95,0,6015,0,1,1,0,1,0,1,1,0,0,0,0,1,0,1,0,0,0,0,0,1,0,0,0,1,0,0
34.266389,-118.459744,72,69.85,5102.35,0,6233,1,0,1,1,1,0,1,0,0,0,1,0,1,0,1,0,1,0,0,0,0,0,1,0,0,0,0
34.422519,-118.420717,72,25.85,1872.2,0,5514,1,0,1,0,1,0,1,0,1,1,0,1,0,1,0,1,0,1,0,1,0,0,1,0,1,0,0
34.231053,-118.338307,3,71.1,213.35,0,3501,0,0,0,0,1,0,0,0,0,0,1,0,1,0,0,0,1,0,0,0,1,0,1,0,0,0,1
34.43987,-118.644609,59,93.35,5386.5,0,4814,0,0,1,0,1,0,1,1,0,0,0,0,0,0,1,0,1,0,1,0,0,0,0,0,0,1,0
34.130992,-118.894673,4,50.55,235.65,0,4164,0,0,0,0,1,0,0,0,0,0,1,0,0,0,0,0,0,0,0,0,0,0,0,1,0,0,0
34.153733,-118.593408,27,81.3,2272.8,0,5158,1,0,0,0,1,0,1,1,0,0,0,0,0,0,1,0,0,0,0,0,0,0,0,1,0,1,0
34.178068,-118.615714,4,20.7,83.75,0,3027,1,0,0,0,1,0,0,0,1,1,0,1,0,1,0,1,0,1,0,1,0,0,0,1,1,0,0
34.19225,-118.776874,60,79.05,4663.4,0,5275,1,0,1,1,1,0,0,0,0,0,1,0,1,0,0,0,1,0,1,0,1,0,0,1,1,0,0
34.364153,-118.615583,8,19.05,201.7,0,3153,0,0,1,1,1,0,0,0,1,1,0,1,0,1,0,1,0,1,0,1,0,0,1,0,0,0,1
34.506627,-118.699048,8,19.6,125.0,0,3214,1,0,1,1,1,0,0,0,1,1,0,1,0,1,0,1,0,1,0,1,0,0,1,0,1,0,0
34.178483,-118.431791,35,20.2,684.4,0,3481,1,0,0,0,1,0,0,0,1,1,0,1,0,1,0,1,0,1,0,1,0,0,1,1,0,0,1
34.147149,-118.463365,53,20.9,1146.05,0,4254,0,0,1,1,1,0,0,0,1,1,0,1,0,1,0,1,0,1,0,1,0,0,1,0,0,0,1
34.202494,-118.448048,18,103.6,1806.35,0,2094,0,1,0,0,1,0,1,1,0,0,0,0,1,0,0,0,1,0,1,0,1,0,0,1,1,0,0
34.195685,-118.490752,15,38.8,603.0,0,2118,0,0,0,0,0,1,0,0,0,0,0,0,1,0,0,0,0,0,0,0,1,0,1,1,0,0,1
34.17847,-118.459472,67,88.4,5798.3,0,6251,1,0,1,0,1,0,1,1,0,0,0,0,1,0,0,0,0,0,1,0,0,1,0,1,0,0,0
34.152875,-118.486056,6,79.7,497.6,0,2893,1,1,0,0,1,0,0,1,0,0,0,0,0,0,0,0,0,0,1,0,0,0,0,1,0,1,0
34.213049,-118.317651,1,19.3,19.3,0,4136,1,0,0,1,1,0,0,0,1,1,0,1,0,1,0,1,0,1,0,1,0,0,0,1,0,0,1
34.174215,-118.345928,5,55.75,266.95,0,4545,1,0,0,0,1,0,0,0,0,0,1,0,0,0,0,0,1,0,0,0,0,0,0,1,0,0,1
34.169706,-118.323548,13,19.95,257.0,0,5221,1,0,0,0,1,0,0,0,1,1,0,1,0,1,0,1,0,1,0,1,0,1,0,1,0,0,1
34.15136,-118.364786,29,89.65,2623.65,0,2681,1,0,0,0,1,0,0,1,0,0,0,0,1,0,0,0,1,0,1,0,0,0,0,0,0,0,1
34.139082,-118.39275,1,45.85,45.85,0,5715,1,1,0,0,1,0,0,0,0,0,0,0,0,0,0,0,0,0,0,0,0,0,0,1,0,0,1
34.187599,-118.387125,18,55.95,1082.8,0,2035,0,0,1,1,1,0,0,0,0,0,0,0,0,0,0,0,0,0,1,0,0,0,0,0,0,0,1
34.165783,-118.399795,2,69.0,147.8,0,2798,0,0,1,0,1,0,0,0,0,0,0,0,0,0,1,0,0,0,1,0,1,0,0,0,1,0,0
34.132275,-117.611478,30,83.55,2570.2,0,3558,1,0,1,1,1,0,1,1,0,0,0,0,1,0,0,0,1,0,0,0,0,0,0,1,0,0,0
34.174493,-117.87068,66,65.7,4378.9,0,5058,1,0,0,1,1,0,1,0,0,0,1,0,1,0,0,0,1,0,0,0,0,0,1,0,0,0,0
34.098275,-117.967399,38,94.9,3616.25,0,2436,1,0,1,1,1,0,1,1,0,0,0,0,0,0,1,0,1,0,1,0,0,0,1,1,0,0,0
33.942895,-117.725644,44,61.9,2924.05,0,4388,1,0,1,1,1,0,0,0,0,0,0,0,1,0,1,0,1,0,0,0,0,0,0,1,0,0,1
34.127621,-117.717863,2,20.0,32.7,0,3922,1,0,0,0,1,0,0,0,1,1,0,1,0,1,0,1,0,1,0,1,0,0,0,0,0,0,1
34.097345,-117.906736,42,67.7,2882.25,0,5034,0,0,0,0,1,0,0,0,0,0,1,0,1,0,0,0,1,0,0,0,1,1,0,1,0,0,1
34.084747,-117.886844,58,25.15,1509.9,0,6444,0,0,1,1,1,0,1,0,1,1,0,1,0,1,0,1,0,1,0,1,0,0,1,0,1,0,0
34.08111,-117.853935,58,92.85,5305.05,0,4879,1,0,1,1,1,0,0,1,0,0,0,0,1,0,0,0,0,0,1,0,1,0,0,1,0,1,0
34.079934,-118.046695,71,111.3,7985.9,0,5957,0,0,0,0,1,0,1,1,0,0,1,0,1,0,1,0,1,0,1,0,1,0,1,0,0,0,1
34.133809,-117.523724,48,60.6,2985.25,0,4077,0,0,1,0,1,0,1,0,0,0,1,0,0,0,0,0,1,0,0,0,0,1,0,1,0,0,0
34.14649,-117.849815,8,65.5,564.35,0,2985,0,0,1,0,1,0,0,0,0,0,1,0,0,0,0,0,1,0,0,0,1,0,1,0,0,0,1
33.998471,-117.973758,67,19.95,1311.75,0,6212,1,0,0,0,1,0,0,0,1,1,0,1,0,1,0,1,0,1,0,1,0,0,1,0,0,0,0
34.144703,-117.770299,49,74.6,3720.35,0,4516,1,0,0,0,1,0,1,1,0,0,0,0,0,0,0,0,0,0,0,0,0,0,0,1,0,0,0
33.999992,-117.535395,52,94.6,5025.8,0,6212,0,0,1,0,1,0,1,1,0,0,0,0,1,0,1,0,0,0,1,0,0,0,0,0,0,0,0
34.050322,-118.147037,63,81.15,5224.5,0,5294,0,0,1,0,1,0,0,1,0,0,1,0,0,0,1,0,0,0,0,0,0,1,0,1,1,0,0
34.049172,-118.115022,68,89.05,6185.8,0,5001,0,0,1,1,1,0,1,0,0,0,1,0,1,0,1,0,1,0,1,0,1,0,1,1,0,0,0
34.231318,-117.662032,31,49.2,1498.55,0,2157,0,0,1,0,1,0,0,0,0,0,0,0,0,0,0,0,1,0,0,0,0,0,0,1,0,0,1
34.035602,-117.591528,64,19.45,1208.6,0,5628,0,0,1,0,1,0,0,0,1,1,0,1,0,1,0,1,0,1,0,1,0,0,1,0,1,0,0
34.057256,-117.667677,62,104.3,6613.65,0,5905,0,0,1,0,1,0,0,1,0,0,1,0,0,0,1,0,1,0,1,0,1,1,0,1,0,1,0
33.992416,-117.807874,21,86.05,1818.9,0,2937,0,0,1,0,1,0,0,1,0,0,0,0,0,0,0,0,1,0,1,0,0,0,0,1,0,1,0
34.042286,-117.756106,72,25.2,1787.35,0,4382,0,0,1,1,1,0,1,0,1,1,0,1,0,1,0,1,0,1,0,1,0,0,1,0,0,0,0
34.083086,-117.737997,32,35.15,1051.05,0,3163,0,0,1,1,0,1,0,0,0,0,1,0,1,0,0,0,0,0,0,0,0,0,0,1,0,1,0
34.067932,-117.785168,71,99.65,7181.25,0,5448,0,1,0,0,1,0,1,1,0,0,1,0,1,0,0,0,1,0,1,0,0,1,0,1,1,0,0
34.065108,-118.082791,34,105.35,3688.6,0,5432,0,0,0,1,1,0,0,1,0,0,1,0,1,0,1,0,0,0,1,0,1,0,0,1,0,0,0
34.101608,-118.055848,35,24.3,821.6,0,5998,0,0,1,1,1,0,1,0,1,1,0,1,0,1,0,1,0,1,0,1,0,0,1,0,0,0,0
34.141146,-117.655583,3,80.7,239.45,0,2081,0,0,1,1,1,0,0,1,0,0,0,0,0,0,0,0,0,0,1,0,0,0,0,1,0,1,0
34.105493,-117.660934,3,89.85,244.45,0,4096,1,0,0,0,1,0,0,1,0,0,0,0,0,0,1,0,1,0,1,0,0,0,0,1,0,0,1
34.018354,-117.85492,53,61.1,3357.9,0,5940,1,0,0,0,1,0,0,0,0,0,0,0,0,0,1,0,0,0,0,0,1,1,0,1,0,1,0
34.066964,-117.937007,4,29.05,129.6,0,3306,0,0,1,0,0,1,0,0,0,0,1,0,0,0,0,0,0,0,0,0,0,0,0,1,0,1,0
34.061634,-117.893169,48,99.7,4977.2,0,5921,0,0,1,1,1,0,0,1,0,0,1,0,0,0,1,0,0,0,1,0,1,1,0,1,0,0,0
34.074736,-118.145959,54,46.0,2424.05,0,4451,1,0,1,1,0,1,0,0,0,0,0,0,0,0,1,0,1,0,0,0,1,0,1,0,1,0,0
32.67117,-117.00232,62,80.4,4981.15,0,5157,1,0,0,0,1,0,0,0,0,0,0,0,1,0,1,0,1,0,1,0,1,0,0,1,0,0,0
32.677097,-116.304991,22,100.05,2090.25,0,3274,1,0,1,1,1,0,0,1,0,0,0,0,1,0,1,0,0,0,1,0,1,1,0,1,0,0,1
32.636792,-117.054989,51,94.0,4905.75,0,6034,1,1,0,0,1,0,0,1,0,0,0,0,0,0,1,0,0,0,1,0,1,1,0,1,0,0,0
32.607964,-117.059459,30,68.95,2038.7,0,4403,0,0,0,0,1,0,1,0,0,0,0,0,1,0,1,0,0,0,1,0,0,1,0,1,1,0,0
32.64164,-116.985026,56,68.45,4014.0,0,4368,0,1,1,0,1,0,1,0,0,0,1,0,1,0,1,0,1,0,0,0,0,1,0,1,1,0,0
32.688506,-116.938632,35,69.0,2441.7,0,5283,1,0,1,0,1,0,1,0,0,0,0,0,1,0,0,0,1,0,1,0,0,1,0,1,0,1,0
32.605012,-116.97595,64,43.85,2751.0,0,6055,0,1,0,0,0,1,0,0,0,0,0,0,1,0,0,0,1,0,1,0,0,0,0,1,0,1,0
32.912664,-116.635387,30,44.5,1307.8,0,5833,1,0,0,1,0,1,0,0,0,0,0,0,0,0,0,0,0,0,1,0,1,0,0,1,0,1,0
32.622999,-116.687855,25,18.7,383.65,0,2289,0,0,1,1,1,0,0,0,1,1,0,1,0,1,0,1,0,1,0,1,0,0,1,1,0,0,1
32.649787,-116.2237,1,53.55,53.55,0,4504,0,0,1,0,1,0,0,0,0,0,1,0,1,0,0,0,0,0,0,0,0,0,0,1,0,0,1
32.695681,-116.798386,70,114.6,7882.5,0,5414,1,0,0,1,1,0,1,1,0,0,1,0,1,0,1,0,1,0,1,0,1,0,1,1,0,1,0
32.759327,-116.99726,57,20.1,1087.7,0,5506,0,0,1,1,1,0,0,0,1,1,0,1,0,1,0,1,0,1,0,1,0,0,1,1,0,0,0
32.782501,-117.01611,9,85.5,791.7,0,4867,1,0,0,0,1,0,1,1,0,0,0,0,0,0,0,0,0,0,1,0,0,0,0,1,0,1,0
32.733564,-117.033713,69,108.75,7493.05,0,5874,0,0,1,1,1,0,1,1,0,0,0,0,1,0,1,0,1,0,1,0,1,1,0,1,0,0,0
32.67102,-117.095235,72,97.85,6841.3,0,4508,0,0,1,0,1,0,1,1,0,0,0,0,0,0,1,0,0,0,1,0,1,0,1,1,0,1,0
32.800671,-116.483363,44,19.55,819.95,0,5860,1,0,0,1,1,0,0,0,1,1,0,1,0,1,0,1,0,1,0,1,0,0,1,0,0,0,0
32.619465,-116.593605,72,84.05,6052.25,0,5515,0,0,1,0,1,0,1,1,0,0,1,0,1,0,0,0,0,0,0,0,0,0,1,1,0,0,0
32.730264,-116.950963,54,89.4,4869.5,0,5871,1,0,0,0,1,0,1,1,0,0,0,0,0,0,1,0,0,0,0,0,1,0,0,0,1,0,0
32.587557,-116.636816,27,19.7,509.3,0,4052,1,0,0,1,1,0,0,0,1,1,0,1,0,1,0,1,0,1,0,1,0,0,1,0,1,0,0
33.290907,-117.202895,54,79.85,4308.25,0,5166,1,0,0,0,1,0,1,1,0,0,0,0,1,0,0,0,0,0,0,0,0,0,0,1,0,0,0
33.200369,-116.192313,3,74.45,221.1,0,3956,1,0,0,0,1,0,0,1,0,0,0,0,1,0,0,0,0,0,0,0,0,0,0,0,1,0,0
33.015866,-117.272254,53,74.1,3833.95,0,5136,0,0,1,0,1,0,1,0,0,0,1,0,1,0,1,0,0,0,0,0,1,1,0,0,0,0,0
33.098018,-117.258203,15,18.8,294.95,0,3977,1,0,1,0,1,0,0,0,1,1,0,1,0,1,0,1,0,1,0,1,0,1,0,0,0,0,1
32.785165,-116.862648,5,64.4,316.9,0,3260,1,0,1,1,1,0,1,0,0,0,1,0,1,0,0,0,1,0,0,0,0,0,0,0,1,0,0
32.79697,-116.969082,48,55.8,2651.2,0,3446,1,0,1,1,1,0,0,0,0,0,0,0,1,0,1,0,0,0,0,0,0,1,0,1,1,0,0
32.832706,-116.873258,25,20.05,471.7,0,2192,0,0,0,1,1,0,0,0,1,1,0,1,0,1,0,1,0,1,0,1,0,0,0,0,1,0,0
33.081478,-117.033814,58,99.15,5720.95,0,6409,1,0,0,0,1,0,0,1,0,0,1,0,1,0,0,0,0,0,1,0,1,1,0,0,0,0,0
33.21846,-117.116916,10,56.75,503.25,0,2037,1,0,0,0,1,0,0,0,0,0,0,0,0,0,0,0,0,0,0,0,1,0,0,1,0,0,0
33.362575,-117.299644,71,104.15,7365.3,0,5973,1,0,1,0,1,0,1,1,0,0,0,0,1,0,0,0,1,0,1,0,1,0,1,1,1,0,0
33.079834,-117.134275,65,110.8,7245.9,0,6332,0,0,1,1,1,0,1,1,0,0,0,0,1,0,1,0,1,0,1,0,1,0,1,1,1,0,0
32.853743,-117.25034,28,35.75,961.4,0,2431,0,0,0,0,0,1,0,0,0,0,0,0,0,0,1,0,1,0,0,0,0,0,0,1,0,0,1
32.909873,-116.906774,67,69.9,4615.9,0,6079,0,0,1,1,1,0,1,0,0,0,0,0,0,0,1,0,1,0,0,0,1,0,1,1,0,0,0
33.351059,-117.420557,35,89.2,3251.3,0,4446,1,0,0,0,1,0,0,1,0,0,1,0,0,0,0,0,1,0,0,0,1,1,0,1,0,1,0
33.194742,-117.29032,72,55.65,3880.05,0,5192,0,0,1,1,0,1,0,0,0,0,1,0,1,0,1,0,1,0,0,0,1,0,1,0,1,0,0
33.254497,-117.285879,61,50.7,3088.75,0,5024,0,0,1,1,0,1,0,0,0,0,1,0,1,0,0,0,1,0,0,0,1,1,0,1,0,0,0
33.384345,-117.072619,68,20.0,1396.0,0,6136,1,1,0,0,1,0,0,0,1,1,0,1,0,1,0,1,0,1,0,1,0,0,1,1,1,0,0
33.313828,-116.940501,3,19.1,53.05,0,4905,1,0,0,0,1,0,0,0,1,1,0,1,0,1,0,1,0,1,0,1,0,0,0,1,0,0,1
33.044541,-116.833922,48,45.55,2108.35,0,4106,0,0,0,1,0,1,0,0,0,0,0,0,1,0,1,0,0,0,0,0,1,0,0,0,1,0,0
33.215251,-116.53633,68,101.05,6770.5,0,5570,1,0,1,1,1,0,1,1,0,0,0,0,1,0,0,0,0,0,1,0,1,1,0,1,1,0,0
33.012751,-117.200617,47,103.7,4730.6,0,4543,0,0,0,0,1,0,0,1,0,0,1,0,0,0,1,0,1,0,1,0,1,1,0,1,0,1,0
33.162624,-117.170863,32,36.25,1151.05,0,2609,1,0,1,1,0,1,0,0,0,0,0,0,0,0,1,0,1,0,0,0,0,1,0,1,0,0,1
33.174725,-116.743329,5,49.4,232.55,0,5756,0,0,1,1,1,0,0,0,0,0,1,0,0,0,0,0,0,0,0,0,0,0,0,1,0,0,1
32.847336,-116.997605,49,19.9,1022.6,0,5240,1,0,0,0,1,0,0,0,1,1,0,1,0,1,0,1,0,1,0,1,0,0,1,1,1,0,0
33.25283,-116.986079,15,19.8,309.4,0,2681,1,0,0,0,1,0,0,0,1,1,0,1,0,1,0,1,0,1,0,1,0,0,0,1,0,0,1
33.17494,-117.242761,12,45.05,523.1,0,5624,0,0,0,0,1,0,0,0,0,0,0,0,0,0,0,0,0,0,0,0,0,0,0,1,0,1,0
33.22784,-117.200024,67,64.55,4250.1,0,4494,1,1,0,0,1,0,1,0,0,0,1,0,1,0,0,0,1,0,0,0,0,0,1,1,0,0,0
33.323705,-116.626907,9,86.25,770.5,0,4754,1,0,0,0,1,0,0,1,0,0,0,0,0,0,0,0,1,0,1,0,0,0,0,0,0,1,0
32.99356,-117.207121,13,19.75,246.7,0,4314,0,0,1,1,1,0,0,0,1,1,0,1,0,1,0,1,0,1,0,1,0,0,1,1,0,0,0
32.72523,-117.171346,38,89.1,3342.0,0,2675,0,0,0,0,1,0,0,1,0,0,0,0,0,0,0,0,0,0,1,0,1,1,0,1,0,0,1
32.716007,-117.117462,42,95.55,3930.6,0,4121,0,1,1,0,1,0,1,1,0,0,0,0,1,0,1,0,0,0,1,0,0,0,0,1,0,1,0
32.741859,-117.090353,9,102.6,897.75,0,4062,1,0,1,1,1,0,1,1,0,0,0,0,1,0,1,0,0,0,1,0,1,0,0,1,1,0,0
32.71346,-117.236378,49,56.3,2780.6,0,5913,0,0,1,0,0,1,0,0,0,0,0,0,1,0,0,0,1,0,1,0,1,1,0,1,1,0,0
32.741852,-117.243453,61,94.2,5895.45,0,5274,0,1,1,0,1,0,1,1,0,0,1,0,1,0,1,0,1,0,0,0,0,0,0,1,1,0,0
32.774046,-117.142454,50,43.05,2208.05,0,5409,1,0,0,1,0,1,0,0,0,0,1,0,1,0,0,0,0,0,1,0,0,1,0,1,0,0,0
32.765299,-117.122565,53,94.0,4871.45,0,6355,0,1,1,0,1,0,0,1,0,0,0,0,1,0,1,0,1,0,1,0,0,1,0,1,0,1,0
32.825086,-117.199424,51,98.85,4947.55,0,6034,0,0,1,0,1,0,1,1,0,0,0,0,0,0,1,0,0,0,1,0,1,1,0,1,0,1,0
32.68674,-117.186612,24,64.35,1558.65,0,5461,0,0,1,1,1,0,1,0,0,0,1,0,1,0,1,0,0,0,0,0,0,0,1,0,0,1,0
32.802959,-117.027095,62,72.0,4284.2,0,6489,0,0,1,0,1,0,0,0,0,0,1,0,1,0,1,0,0,0,1,0,0,0,1,1,1,0,0
32.807867,-117.060993,24,49.7,1218.25,0,2911,1,0,0,0,1,0,0,0,0,0,0,0,1,0,0,0,0,0,0,0,0,0,0,1,0,0,1
32.898613,-117.202937,70,80.7,5617.95,0,4412,0,0,1,1,1,0,1,0,0,0,1,0,1,0,1,0,1,0,1,0,0,0,1,0,0,1,0
32.85723,-117.209774,1,24.2,24.2,0,4276,1,0,0,1,0,1,0,0,0,0,0,0,0,0,0,0,0,0,0,0,0,0,0,0,0,0,1
32.827238,-117.089287,8,65.45,554.45,0,5227,0,0,0,0,1,0,0,0,0,0,0,0,1,0,0,0,1,0,1,0,0,0,0,1,0,1,0
32.886925,-117.152162,72,74.35,5237.4,0,4874,0,0,1,1,1,0,0,0,0,0,1,0,1,0,1,0,1,0,0,0,1,0,1,1,0,1,0
33.017518,-117.118456,23,83.2,2032.3,0,2061,0,0,0,0,1,0,0,1,0,0,0,0,1,0,1,0,1,0,0,0,0,0,0,0,0,0,0
33.000269,-117.072093,31,25.0,789.2,0,4242,1,0,0,1,0,1,0,0,0,0,0,0,0,0,0,0,0,0,0,0,0,0,0,0,1,0,0
32.961064,-117.134917,37,40.2,1525.35,0,2308,1,0,1,1,0,1,0,0,0,0,1,0,0,0,1,0,1,0,0,0,0,1,0,1,0,1,0
32.89325,-117.087091,35,108.35,3726.15,0,5139,0,1,0,0,1,0,1,1,0,0,1,0,1,0,1,0,0,0,1,0,1,1,0,1,0,1,0
32.677716,-117.047666,23,69.5,1652.1,0,2159,0,0,1,1,1,0,1,0,0,0,0,0,1,0,0,0,1,0,1,0,0,0,0,1,1,0,0
32.578103,-117.012975,20,76.0,1588.75,0,4085,0,0,1,1,1,0,1,0,0,0,1,0,0,0,0,0,0,0,1,0,1,1,0,0,0,0,0
32.555828,-117.040073,36,93.6,3366.05,0,2701,1,0,1,0,1,0,0,1,0,0,1,0,0,0,0,0,0,0,1,0,1,0,0,1,0,1,0
33.752938,-116.230055,71,100.55,7113.75,0,5876,1,0,1,1,1,0,1,1,0,0,0,0,1,0,0,0,0,0,1,0,1,1,0,0,0,0,0
33.762759,-116.324817,43,24.45,993.15,0,5119,0,0,1,1,1,0,1,0,1,1,0,1,0,1,0,1,0,1,0,1,0,1,0,1,0,0,0
33.936298,-116.849577,57,89.55,5012.35,0,4260,1,0,0,1,1,0,1,0,0,0,1,0,1,0,1,0,1,0,1,0,1,0,1,0,0,0,1
33.674583,-114.71612,27,76.1,2093.4,0,3291,0,0,1,0,1,0,0,1,0,0,0,0,1,0,0,0,0,0,0,0,0,0,0,1,0,1,0
33.03933,-115.191857,13,80.5,1011.8,0,3895,0,0,0,0,1,0,0,1,0,0,0,0,0,0,0,0,0,0,0,0,1,0,0,1,0,1,0
32.690654,-115.431225,67,20.55,1343.4,0,5462,0,0,0,0,1,0,0,0,1,1,0,1,0,1,0,1,0,1,0,1,0,1,0,0,0,1,0
33.829583,-116.474131,64,105.4,6794.75,0,4512,0,0,1,0,1,0,1,1,0,0,0,0,1,0,0,0,1,0,1,0,1,0,1,1,0,0,0
33.680031,-116.171678,26,35.75,1022.5,0,2734,1,0,0,0,0,1,0,0,0,0,0,0,0,0,1,0,1,0,0,0,0,0,0,0,0,1,0
33.889605,-115.257009,38,95.1,3691.2,0,5393,1,0,0,0,1,0,1,1,0,0,0,0,1,0,1,0,0,0,0,0,1,0,0,1,1,0,0
33.948558,-116.516976,23,19.3,486.2,0,2111,1,0,1,0,1,0,0,0,1,1,0,1,0,1,0,1,0,1,0,1,0,1,0,0,1,0,0
34.137742,-114.36514,72,63.1,4685.55,0,4933,1,1,1,0,0,1,0,0,0,0,1,0,1,0,1,0,1,0,1,0,1,0,1,1,0,0,0
34.167236,-116.281511,62,84.95,5150.55,0,6307,0,0,1,0,1,0,1,0,0,0,1,0,1,0,0,0,1,0,1,0,1,0,1,1,0,1,0
33.695532,-116.310571,40,93.4,3756.4,0,3819,0,0,0,0,1,0,1,1,0,0,0,0,1,0,1,0,0,0,1,0,0,0,0,1,0,0,0
33.543835,-115.993906,41,89.2,3645.75,0,3259,1,0,0,0,1,0,1,1,0,0,0,0,1,0,0,0,0,0,1,0,0,0,0,1,0,1,0
34.097863,-116.594561,34,85.2,2874.45,0,5393,1,1,1,0,1,0,0,1,0,0,0,0,0,0,1,0,0,0,1,0,0,0,0,1,1,0,0
33.345825,-115.596574,1,49.95,49.95,0,5230,0,0,0,0,1,0,0,0,0,0,0,0,1,0,0,0,0,0,0,0,0,0,0,0,0,1,0
33.906496,-116.569499,51,20.65,1020.75,0,4725,0,0,0,0,1,0,0,0,1,1,0,1,0,1,0,1,0,1,0,1,0,0,1,0,0,0,0
33.694501,-116.412711,39,20.15,826.0,0,2007,0,0,0,0,1,0,0,0,1,1,0,1,0,1,0,1,0,1,0,1,0,0,1,0,0,0,1
33.839989,-116.659215,12,19.2,239.0,0,3101,1,0,1,1,1,0,0,0,1,1,0,1,0,1,0,1,0,1,0,1,0,0,0,1,0,1,0
33.3249,-114.758334,72,104.95,7544.3,0,5760,1,0,0,0,1,0,1,1,0,0,0,0,1,0,1,0,0,0,1,0,1,1,0,1,0,1,0
34.273872,-114.192901,63,103.5,6479.4,0,5187,0,1,1,0,1,0,1,1,0,0,0,0,1,0,1,0,0,0,1,0,1,0,0,1,0,1,0
34.201108,-116.593456,44,84.8,3626.35,0,2770,1,0,1,0,1,0,1,1,0,0,1,0,0,0,1,0,0,0,0,0,0,0,0,1,1,0,0
33.763678,-116.429928,18,95.05,1679.4,0,4524,0,0,0,0,1,0,1,1,0,0,0,0,0,0,1,0,1,0,0,0,1,0,0,1,0,0,0
33.53604,-116.119222,13,73.35,931.55,0,4645,1,0,0,0,1,0,0,0,0,0,0,0,1,0,0,0,1,0,1,0,1,0,0,0,0,0,1
33.28156,-115.955541,68,64.1,4326.25,0,5553,0,0,1,0,1,0,0,0,0,0,0,0,1,0,0,0,1,0,1,0,0,0,1,0,0,0,0
33.849263,-116.382778,6,44.4,263.05,0,4611,0,1,0,0,0,1,0,0,0,0,0,0,0,0,0,0,0,0,1,0,1,0,0,1,0,1,0
34.17211,-115.769773,2,20.05,39.25,0,5191,0,0,0,0,1,0,0,0,1,1,0,1,0,1,0,1,0,1,0,1,0,0,0,1,0,0,1
34.457829,-116.139589,55,60.0,3316.1,0,4212,1,1,1,0,1,0,1,0,0,0,1,0,1,0,0,0,0,0,0,0,0,1,0,0,1,0,0
33.03679,-115.60503,38,69.5,2625.25,0,4591,1,0,0,0,1,0,0,1,0,0,0,0,0,0,0,0,0,0,0,0,0,0,0,1,1,0,0
32.852947,-114.850784,19,78.7,1495.1,0,2464,1,0,0,0,1,0,0,1,0,0,0,0,0,0,0,0,0,0,1,0,0,0,0,1,0,0,0
34.159534,-116.425984,12,60.65,743.3,0,3740,0,0,0,0,0,1,0,0,0,0,0,0,1,0,1,0,1,0,1,0,1,1,0,0,0,1,0
34.341737,-116.539416,72,21.15,1419.4,0,5306,0,0,0,0,1,0,0,0,1,1,0,1,0,1,0,1,0,1,0,1,0,0,1,1,0,0,0
34.667815,-117.536183,24,84.8,1990.5,0,2140,1,0,1,1,1,0,1,0,0,0,1,0,0,0,1,0,1,0,1,0,1,1,0,1,0,0,1
34.559882,-115.637164,72,103.2,7362.9,0,5560,0,0,1,1,1,0,1,1,0,0,0,0,1,0,1,0,0,0,1,0,1,1,0,1,1,0,0
34.1678,-116.86433,11,29.6,346.45,0,2793,0,0,1,1,0,1,0,0,0,0,1,0,0,0,0,0,0,0,0,0,0,0,0,1,0,1,0
34.424926,-117.184503,66,105.65,6844.5,0,5097,1,0,0,0,1,0,0,1,0,0,1,0,0,0,1,0,1,0,1,0,1,0,1,1,0,0,0
